Robinhood crypto bot | symbol=BTC-USD | dry_run=True | max_notional=$5
2026-06-21 13:32:01 BTC-USD mark=64010.172738555 momentum=n/a signal=OBSERVE action=DRY_RUN_ONLY
2026-06-21 13:32:31 BTC-USD mark=64000.59519073 momentum=-0.015% signal=FLAT action=DRY_RUN_ONLY
2026-06-21 13:33:01 BTC-USD mark=64016.883518095 momentum=0.010% signal=FLAT action=DRY_RUN_ONLY
2026-06-21 13:33:31 BTC-USD mark=64010.624424375 momentum=0.001% signal=FLAT action=DRY_RUN_ONLY
2026-06-21 13:34:01 BTC-USD mark=64003.168128605 momentum=-0.011% signal=FLAT action=DRY_RUN_ONLY
2026-06-21 13:34:31 BTC-USD mark=64005.901334525 momentum=-0.007% signal=FLAT action=DRY_RUN_ONLY
2026-06-21 13:35:01 BTC-USD mark=64000.3692511 momentum=-0.015% signal=FLAT action=DRY_RUN_ONLY
2026-06-21 13:35:31 BTC-USD mark=64000.478111915 momentum=-0.015% signal=FLAT action=DRY_RUN_ONLY
2026-06-21 13:36:01 BTC-USD mark=64000.295471645 momentum=-0.015% signal=FLAT action=DRY_RUN_ONLY
2026-06-21 13:36:31 BTC-USD mark=64010.477191 momentum=0.000% signal=FLAT action=DRY_RUN_ONLY
2026-06-21 13:37:01 BTC-USD mark=64013.55017504 momentum=0.005% signal=FLAT action=DRY_RUN_ONLY
2026-06-21 13:37:31 BTC-USD mark=64011.291157695 momentum=0.002% signal=FLAT action=DRY_RUN_ONLY
2026-06-21 13:38:02 BTC-USD mark=64007.07804899 momentum=-0.005% signal=FLAT action=DRY_RUN_ONLY
2026-06-21 13:38:32 BTC-USD mark=63997.39562801 momentum=-0.020% signal=FLAT action=DRY_RUN_ONLY
2026-06-21 13:39:02 BTC-USD mark=63998.213323545 momentum=-0.019% signal=FLAT action=DRY_RUN_ONLY
2026-06-21 13:39:32 BTC-USD mark=64006.9 momentum=-0.005% signal=FLAT action=DRY_RUN_ONLY
2026-06-21 13:40:02 BTC-USD mark=64006.06706146 momentum=-0.006% signal=FLAT action=DRY_RUN_ONLY
2026-06-21 13:40:32 BTC-USD mark=64006.752619855 momentum=-0.005% signal=FLAT action=DRY_RUN_ONLY
2026-06-21 13:41:02 BTC-USD mark=63996.09641166 momentum=-0.022% signal=FLAT action=DRY_RUN_ONLY
2026-06-21 13:41:32 BTC-USD mark=64007.99757938 momentum=-0.003% signal=FLAT action=DRY_RUN_ONLY
2026-06-21 13:42:02 BTC-USD mark=64015.9376652 momentum=0.024% signal=FLAT action=DRY_RUN_ONLY
2026-06-21 13:42:32 BTC-USD mark=64023.1847347 momentum=0.010% signal=FLAT action=DRY_RUN_ONLY
2026-06-21 13:43:02 BTC-USD mark=64033.932625485 momentum=0.036% signal=FLAT action=DRY_RUN_ONLY
2026-06-21 13:43:33 BTC-USD mark=64046.81394965 momentum=0.068% signal=FLAT action=DRY_RUN_ONLY
2026-06-21 13:44:03 BTC-USD mark=64049.433284065 momentum=0.068% signal=FLAT action=DRY_RUN_ONLY
2026-06-21 13:44:33 BTC-USD mark=64049.31456045 momentum=0.076% signal=FLAT action=DRY_RUN_ONLY
2026-06-21 13:45:03 BTC-USD mark=64066.8207515 momentum=0.104% signal=FLAT action=DRY_RUN_ONLY
2026-06-21 13:45:33 BTC-USD mark=64086.893956475 momentum=0.135% signal=FLAT action=DRY_RUN_ONLY
2026-06-21 13:46:03 BTC-USD mark=64075.869396725 momentum=0.102% signal=FLAT action=DRY_RUN_ONLY
2026-06-21 13:46:34 BTC-USD mark=64104.51842596 momentum=0.142% signal=FLAT action=DRY_RUN_ONLY
2026-06-21 13:47:04 BTC-USD mark=64106.030045245 momentum=0.148% signal=FLAT action=DRY_RUN_ONLY
2026-06-21 13:47:34 BTC-USD mark=64101.414812325 momentum=0.147% signal=FLAT action=DRY_RUN_ONLY
2026-06-21 13:48:04 BTC-USD mark=64108.073178675 momentum=0.173% signal=FLAT action=DRY_RUN_ONLY
2026-06-21 13:48:34 BTC-USD mark=64113.21500429 momentum=0.180% signal=FLAT action=DRY_RUN_ONLY
2026-06-21 13:49:04 BTC-USD mark=64102.741459645 momentum=0.150% signal=FLAT action=DRY_RUN_ONLY
2026-06-21 13:49:35 BTC-USD mark=64098.299151615 momentum=0.144% signal=FLAT action=DRY_RUN_ONLY
2026-06-21 13:50:05 BTC-USD mark=64097.86539905 momentum=0.142% signal=FLAT action=DRY_RUN_ONLY
2026-06-21 13:50:35 BTC-USD mark=64103.953829045 momentum=0.169% signal=FLAT action=DRY_RUN_ONLY
2026-06-21 13:51:05 BTC-USD mark=64103.558729215 momentum=0.149% signal=FLAT action=DRY_RUN_ONLY
2026-06-21 13:51:35 BTC-USD mark=64101.635827405 momentum=0.134% signal=FLAT action=DRY_RUN_ONLY
2026-06-21 13:52:06 BTC-USD mark=64110.448430875 momentum=0.136% signal=FLAT action=DRY_RUN_ONLY
2026-06-21 13:52:36 BTC-USD mark=64095.28944733 momentum=0.096% signal=FLAT action=DRY_RUN_ONLY
2026-06-21 13:53:06 BTC-USD mark=64095.179105215 momentum=0.076% signal=FLAT action=DRY_RUN_ONLY
2026-06-21 13:53:36 BTC-USD mark=64096.663755425 momentum=0.074% signal=FLAT action=DRY_RUN_ONLY
2026-06-21 13:54:06 BTC-USD mark=64097.55076851 momentum=0.075% signal=FLAT action=DRY_RUN_ONLY
2026-06-21 13:54:36 BTC-USD mark=64094.9 momentum=0.044% signal=FLAT action=DRY_RUN_ONLY
2026-06-21 13:55:06 BTC-USD mark=64095.30040015 momentum=0.013% signal=FLAT action=DRY_RUN_ONLY
2026-06-21 13:55:36 BTC-USD mark=64095.3921498 momentum=0.030% signal=FLAT action=DRY_RUN_ONLY
2026-06-21 13:56:06 BTC-USD mark=64095.15205042 momentum=-0.015% signal=FLAT action=DRY_RUN_ONLY
2026-06-21 13:56:36 BTC-USD mark=64101.977848885 momentum=-0.006% signal=FLAT action=DRY_RUN_ONLY
2026-06-21 13:57:07 BTC-USD mark=64099.80832281 momentum=-0.003% signal=FLAT action=DRY_RUN_ONLY
2026-06-21 13:57:37 BTC-USD mark=64086.408413165 momentum=-0.034% signal=FLAT action=DRY_RUN_ONLY
2026-06-21 13:58:07 BTC-USD mark=64092.559180915 momentum=-0.032% signal=FLAT action=DRY_RUN_ONLY
2026-06-21 13:58:37 BTC-USD mark=64096.95603178 momentum=-0.009% signal=FLAT action=DRY_RUN_ONLY
2026-06-21 13:59:07 BTC-USD mark=64092.1409819 momentum=-0.010% signal=FLAT action=DRY_RUN_ONLY
2026-06-21 13:59:37 BTC-USD mark=64078.12256244 momentum=-0.031% signal=FLAT action=DRY_RUN_ONLY
2026-06-21 14:00:07 BTC-USD mark=64070.30862944 momentum=-0.052% signal=FLAT action=DRY_RUN_ONLY
2026-06-21 14:00:37 BTC-USD mark=64082.022615795 momentum=-0.034% signal=FLAT action=DRY_RUN_ONLY
2026-06-21 14:01:07 BTC-USD mark=64043.859834565 momentum=-0.090% signal=FLAT action=DRY_RUN_ONLY
2026-06-21 14:01:37 BTC-USD mark=63992.678118335 momentum=-0.184% signal=FLAT action=DRY_RUN_ONLY
2026-06-21 14:02:07 BTC-USD mark=63974.15906245 momentum=-0.189% signal=FLAT action=DRY_RUN_ONLY
2026-06-21 14:02:37 BTC-USD mark=63941.952046545 momentum=-0.239% signal=FLAT action=DRY_RUN_ONLY
2026-06-21 14:03:08 BTC-USD mark=63927.21046845 momentum=-0.264% signal=FLAT action=DRY_RUN_ONLY
2026-06-21 14:03:38 BTC-USD mark=63927.232264385 momentum=-0.266% signal=FLAT action=DRY_RUN_ONLY
2026-06-21 14:04:08 BTC-USD mark=63912.27839959 momentum=-0.285% signal=FLAT action=DRY_RUN_ONLY
2026-06-21 14:04:38 BTC-USD mark=63904.845848035 momentum=-0.297% signal=FLAT action=DRY_RUN_ONLY
2026-06-21 14:05:08 BTC-USD mark=63921.62151115 momentum=-0.271% signal=FLAT action=DRY_RUN_ONLY
2026-06-21 14:05:38 BTC-USD mark=63917.515 momentum=-0.277% signal=FLAT action=DRY_RUN_ONLY
2026-06-21 14:06:08 BTC-USD mark=63896.92564745 momentum=-0.320% signal=FLAT action=DRY_RUN_ONLY
2026-06-21 14:06:38 BTC-USD mark=63922.65399661 momentum=-0.276% signal=FLAT action=DRY_RUN_ONLY
2026-06-21 14:07:08 BTC-USD mark=63923.63 momentum=-0.254% signal=FLAT action=DRY_RUN_ONLY
2026-06-21 14:07:38 BTC-USD mark=63945.97999166 momentum=-0.229% signal=FLAT action=DRY_RUN_ONLY
2026-06-21 14:08:08 BTC-USD mark=63945.760747575 momentum=-0.236% signal=FLAT action=DRY_RUN_ONLY
2026-06-21 14:08:38 BTC-USD mark=63961.11237835 momentum=-0.204% signal=FLAT action=DRY_RUN_ONLY
2026-06-21 14:09:08 BTC-USD mark=63944.58332175 momentum=-0.208% signal=FLAT action=DRY_RUN_ONLY
2026-06-21 14:09:39 BTC-USD mark=63928.121679025 momentum=-0.222% signal=FLAT action=DRY_RUN_ONLY
2026-06-21 14:10:09 BTC-USD mark=63916.7756751 momentum=-0.258% signal=FLAT action=DRY_RUN_ONLY
2026-06-21 14:10:39 BTC-USD mark=63920.678711775 momentum=-0.192% signal=FLAT action=DRY_RUN_ONLY
2026-06-21 14:11:09 BTC-USD mark=63916.369344125 momentum=-0.119% signal=FLAT action=DRY_RUN_ONLY
2026-06-21 14:11:39 BTC-USD mark=63924.80441292 momentum=-0.077% signal=FLAT action=DRY_RUN_ONLY
2026-06-21 14:12:09 BTC-USD mark=63921.776005565 momentum=-0.032% signal=FLAT action=DRY_RUN_ONLY
2026-06-21 14:12:39 BTC-USD mark=63923.24319386 momentum=-0.006% signal=FLAT action=DRY_RUN_ONLY
2026-06-21 14:13:09 BTC-USD mark=63929.865404905 momentum=0.004% signal=FLAT action=DRY_RUN_ONLY
2026-06-21 14:13:39 BTC-USD mark=63933.5891338 momentum=0.033% signal=FLAT action=DRY_RUN_ONLY
2026-06-21 14:14:09 BTC-USD mark=63927.350029705 momentum=0.035% signal=FLAT action=DRY_RUN_ONLY
2026-06-21 14:14:39 BTC-USD mark=63929.283402445 momentum=0.012% signal=FLAT action=DRY_RUN_ONLY
2026-06-21 14:15:09 BTC-USD mark=63928.859047715 momentum=0.018% signal=FLAT action=DRY_RUN_ONLY
2026-06-21 14:15:39 BTC-USD mark=63941.594828535 momentum=0.070% signal=FLAT action=DRY_RUN_ONLY
2026-06-21 14:16:09 BTC-USD mark=63928.15682589 momentum=0.009% signal=FLAT action=DRY_RUN_ONLY
2026-06-21 14:16:39 BTC-USD mark=63927.31795079 momentum=0.006% signal=FLAT action=DRY_RUN_ONLY
2026-06-21 14:17:10 BTC-USD mark=63926.7066095 momentum=-0.030% signal=FLAT action=DRY_RUN_ONLY
2026-06-21 14:17:40 BTC-USD mark=63944.0206847 momentum=-0.003% signal=FLAT action=DRY_RUN_ONLY
2026-06-21 14:18:10 BTC-USD mark=63942.05742105 momentum=-0.030% signal=FLAT action=DRY_RUN_ONLY
2026-06-21 14:18:40 BTC-USD mark=63943.386373875 momentum=-0.002% signal=FLAT action=DRY_RUN_ONLY
2026-06-21 14:19:10 BTC-USD mark=63939.66754904 momentum=0.018% signal=FLAT action=DRY_RUN_ONLY
2026-06-21 14:19:40 BTC-USD mark=63933.92854235 momentum=0.027% signal=FLAT action=DRY_RUN_ONLY
2026-06-21 14:20:10 BTC-USD mark=63935.40789461 momentum=0.023% signal=FLAT action=DRY_RUN_ONLY
2026-06-21 14:20:40 BTC-USD mark=63934.877234815 momentum=0.029% signal=FLAT action=DRY_RUN_ONLY
2026-06-21 14:21:10 BTC-USD mark=63941.045 momentum=0.025% signal=FLAT action=DRY_RUN_ONLY
2026-06-21 14:21:40 BTC-USD mark=63952.21579765 momentum=0.048% signal=FLAT action=DRY_RUN_ONLY
2026-06-21 14:22:10 BTC-USD mark=63964.91 momentum=0.065% signal=FLAT action=DRY_RUN_ONLY
2026-06-21 14:22:40 BTC-USD mark=63958.8109362 momentum=0.045% signal=FLAT action=DRY_RUN_ONLY
2026-06-21 14:23:10 BTC-USD mark=63946.442634035 momentum=0.020% signal=FLAT action=DRY_RUN_ONLY
2026-06-21 14:23:40 BTC-USD mark=63947.890465685 momentum=0.032% signal=FLAT action=DRY_RUN_ONLY
2026-06-21 14:24:10 BTC-USD mark=63947.2735379 momentum=0.028% signal=FLAT action=DRY_RUN_ONLY
2026-06-21 14:24:40 BTC-USD mark=63947.2735379 momentum=0.029% signal=FLAT action=DRY_RUN_ONLY
2026-06-21 14:25:10 BTC-USD mark=63949.78297715 momentum=0.013% signal=FLAT action=DRY_RUN_ONLY
2026-06-21 14:25:41 BTC-USD mark=63952.7086866 momentum=0.038% signal=FLAT action=DRY_RUN_ONLY
2026-06-21 14:26:11 BTC-USD mark=63958.66460605 momentum=0.049% signal=FLAT action=DRY_RUN_ONLY
2026-06-21 14:26:41 BTC-USD mark=63972.6555158 momentum=0.072% signal=FLAT action=DRY_RUN_ONLY
2026-06-21 14:27:11 BTC-USD mark=63977.03191275 momentum=0.052% signal=FLAT action=DRY_RUN_ONLY
2026-06-21 14:27:41 BTC-USD mark=63981.47 momentum=0.062% signal=FLAT action=DRY_RUN_ONLY
2026-06-21 14:28:11 BTC-USD mark=63965.97932075 momentum=0.035% signal=FLAT action=DRY_RUN_ONLY
2026-06-21 14:28:41 BTC-USD mark=63966.833996995 momentum=0.042% signal=FLAT action=DRY_RUN_ONLY
2026-06-21 14:29:11 BTC-USD mark=63962.12166906 momentum=0.044% signal=FLAT action=DRY_RUN_ONLY
2026-06-21 14:29:41 BTC-USD mark=63964.515835005 momentum=0.046% signal=FLAT action=DRY_RUN_ONLY
2026-06-21 14:30:11 BTC-USD mark=63964.59469532 momentum=0.046% signal=FLAT action=DRY_RUN_ONLY
2026-06-21 14:30:41 BTC-USD mark=63959.634643165 momentum=0.029% signal=FLAT action=DRY_RUN_ONLY
2026-06-21 14:31:11 BTC-USD mark=64002.9848695 momentum=0.079% signal=FLAT action=DRY_RUN_ONLY
2026-06-21 14:31:41 BTC-USD mark=64113.428932805 momentum=0.232% signal=FLAT action=DRY_RUN_ONLY
2026-06-21 14:32:11 BTC-USD mark=64092.08388665 momentum=0.208% signal=FLAT action=DRY_RUN_ONLY
2026-06-21 14:32:41 BTC-USD mark=64083.26706269 momentum=0.214% signal=FLAT action=DRY_RUN_ONLY
2026-06-21 14:33:11 BTC-USD mark=64070.03483788 momentum=0.191% signal=FLAT action=DRY_RUN_ONLY
2026-06-21 14:33:41 BTC-USD mark=64087.014871 momentum=0.219% signal=FLAT action=DRY_RUN_ONLY
2026-06-21 14:34:11 BTC-USD mark=64069.728674415 momentum=0.191% signal=FLAT action=DRY_RUN_ONLY
2026-06-21 14:34:41 BTC-USD mark=64072.71933901 momentum=0.192% signal=FLAT action=DRY_RUN_ONLY
2026-06-21 14:35:11 BTC-USD mark=64084.62369231 momentum=0.206% signal=FLAT action=DRY_RUN_ONLY
2026-06-21 14:35:41 BTC-USD mark=64086.724195385 momentum=0.200% signal=FLAT action=DRY_RUN_ONLY
2026-06-21 14:36:12 BTC-USD mark=64100.87480325 momentum=0.200% signal=FLAT action=DRY_RUN_ONLY
2026-06-21 14:36:42 BTC-USD mark=64082.37278218 momentum=0.165% signal=FLAT action=DRY_RUN_ONLY
2026-06-21 14:37:12 BTC-USD mark=64090.99581801 momentum=0.171% signal=FLAT action=DRY_RUN_ONLY
2026-06-21 14:37:42 BTC-USD mark=64084.80510017 momentum=0.186% signal=FLAT action=DRY_RUN_ONLY
2026-06-21 14:38:12 BTC-USD mark=64092.158649205 momentum=0.196% signal=FLAT action=DRY_RUN_ONLY
2026-06-21 14:38:42 BTC-USD mark=64111.2391396 momentum=0.233% signal=FLAT action=DRY_RUN_ONLY
2026-06-21 14:39:12 BTC-USD mark=64144.7093471 momentum=0.282% signal=FLAT action=DRY_RUN_ONLY
2026-06-21 14:39:42 BTC-USD mark=64139.661169545 momentum=0.274% signal=FLAT action=DRY_RUN_ONLY
2026-06-21 14:40:12 BTC-USD mark=64139.40471925 momentum=0.281% signal=FLAT action=DRY_RUN_ONLY
2026-06-21 14:40:42 BTC-USD mark=64135.10699036 momentum=0.206% signal=FLAT action=DRY_RUN_ONLY
2026-06-21 14:41:12 BTC-USD mark=64126.355 momentum=0.020% signal=FLAT action=DRY_RUN_ONLY
2026-06-21 14:41:42 BTC-USD mark=64115.79916512 momentum=0.037% signal=FLAT action=DRY_RUN_ONLY
2026-06-21 14:42:12 BTC-USD mark=64114.19272913 momentum=0.048% signal=FLAT action=DRY_RUN_ONLY
2026-06-21 14:42:42 BTC-USD mark=64092.767001385 momentum=0.035% signal=FLAT action=DRY_RUN_ONLY
2026-06-21 14:43:12 BTC-USD mark=64085.813523695 momentum=-0.002% signal=FLAT action=DRY_RUN_ONLY
2026-06-21 14:43:42 BTC-USD mark=64091.04899233 momentum=0.033% signal=FLAT action=DRY_RUN_ONLY
2026-06-21 14:44:13 BTC-USD mark=64093.76273163 momentum=0.033% signal=FLAT action=DRY_RUN_ONLY
2026-06-21 14:44:43 BTC-USD mark=64106.16174143 momentum=0.034% signal=FLAT action=DRY_RUN_ONLY
2026-06-21 14:45:13 BTC-USD mark=64098.786203775 momentum=0.019% signal=FLAT action=DRY_RUN_ONLY
2026-06-21 14:45:43 BTC-USD mark=64098.606393785 momentum=-0.004% signal=FLAT action=DRY_RUN_ONLY
2026-06-21 14:46:13 BTC-USD mark=64075.059071755 momentum=-0.011% signal=FLAT action=DRY_RUN_ONLY
2026-06-21 14:46:43 BTC-USD mark=64102.50283645 momentum=0.018% signal=FLAT action=DRY_RUN_ONLY
2026-06-21 14:47:13 BTC-USD mark=64123.8465496 momentum=0.061% signal=FLAT action=DRY_RUN_ONLY
2026-06-21 14:47:43 BTC-USD mark=64109.55797134 momentum=0.027% signal=FLAT action=DRY_RUN_ONLY
2026-06-21 14:48:13 BTC-USD mark=64121.755 momentum=0.016% signal=FLAT action=DRY_RUN_ONLY
2026-06-21 14:48:43 BTC-USD mark=64106.56337567 momentum=-0.059% signal=FLAT action=DRY_RUN_ONLY
2026-06-21 14:49:13 BTC-USD mark=64083.620208325 momentum=-0.087% signal=FLAT action=DRY_RUN_ONLY
2026-06-21 14:49:43 BTC-USD mark=64111.798246295 momentum=-0.043% signal=FLAT action=DRY_RUN_ONLY
2026-06-21 14:50:13 BTC-USD mark=64111.269875515 momentum=-0.037% signal=FLAT action=DRY_RUN_ONLY
2026-06-21 14:50:43 BTC-USD mark=64108.825 momentum=-0.027% signal=FLAT action=DRY_RUN_ONLY
2026-06-21 14:51:13 BTC-USD mark=64091.272002185 momentum=-0.038% signal=FLAT action=DRY_RUN_ONLY
2026-06-21 14:51:43 BTC-USD mark=64086.550945835 momentum=-0.043% signal=FLAT action=DRY_RUN_ONLY
2026-06-21 14:52:13 BTC-USD mark=64075.157154635 momentum=-0.027% signal=FLAT action=DRY_RUN_ONLY
2026-06-21 14:52:43 BTC-USD mark=64069.01721537 momentum=-0.026% signal=FLAT action=DRY_RUN_ONLY
2026-06-21 14:53:14 BTC-USD mark=64068.38631624 momentum=-0.035% signal=FLAT action=DRY_RUN_ONLY
2026-06-21 14:53:44 BTC-USD mark=64064.99300923 momentum=-0.045% signal=FLAT action=DRY_RUN_ONLY
2026-06-21 14:54:14 BTC-USD mark=64076.135 momentum=-0.047% signal=FLAT action=DRY_RUN_ONLY
2026-06-21 14:54:44 BTC-USD mark=64113.92773889 momentum=0.024% signal=FLAT action=DRY_RUN_ONLY
2026-06-21 14:55:14 BTC-USD mark=64104.77551705 momentum=0.010% signal=FLAT action=DRY_RUN_ONLY
2026-06-21 14:55:44 BTC-USD mark=64105.22609664 momentum=0.047% signal=FLAT action=DRY_RUN_ONLY
2026-06-21 14:56:14 BTC-USD mark=64105.190551215 momentum=0.004% signal=FLAT action=DRY_RUN_ONLY
2026-06-21 14:56:44 BTC-USD mark=64102.948318935 momentum=-0.033% signal=FLAT action=DRY_RUN_ONLY
2026-06-21 14:57:14 BTC-USD mark=64090.93349192 momentum=-0.029% signal=FLAT action=DRY_RUN_ONLY
2026-06-21 14:57:44 BTC-USD mark=64094.265 momentum=-0.043% signal=FLAT action=DRY_RUN_ONLY
2026-06-21 14:58:14 BTC-USD mark=64095.755 momentum=-0.017% signal=FLAT action=DRY_RUN_ONLY
2026-06-21 14:58:44 BTC-USD mark=64099.785 momentum=0.025% signal=FLAT action=DRY_RUN_ONLY
2026-06-21 14:59:14 BTC-USD mark=64091.271203595 momentum=-0.032% signal=FLAT action=DRY_RUN_ONLY
2026-06-21 14:59:44 BTC-USD mark=64111.45 momentum=0.000% signal=FLAT action=DRY_RUN_ONLY
2026-06-21 15:00:14 BTC-USD mark=64121.80228502 momentum=0.020% signal=FLAT action=DRY_RUN_ONLY
2026-06-21 15:00:44 BTC-USD mark=64153.03803025 momentum=0.096% signal=FLAT action=DRY_RUN_ONLY
2026-06-21 15:01:14 BTC-USD mark=64164.095 momentum=0.121% signal=FLAT action=DRY_RUN_ONLY
2026-06-21 15:01:45 BTC-USD mark=64166.00218565 momentum=0.142% signal=FLAT action=DRY_RUN_ONLY
2026-06-21 15:02:15 BTC-USD mark=64217.241950405 momentum=0.231% signal=FLAT action=DRY_RUN_ONLY
2026-06-21 15:02:45 BTC-USD mark=64194.879388935 momentum=0.197% signal=FLAT action=DRY_RUN_ONLY
2026-06-21 15:03:15 BTC-USD mark=64171.556695415 momentum=0.166% signal=FLAT action=DRY_RUN_ONLY
2026-06-21 15:03:45 BTC-USD mark=64143.867902865 momentum=0.106% signal=FLAT action=DRY_RUN_ONLY
2026-06-21 15:04:15 BTC-USD mark=64152.01648661 momentum=0.059% signal=FLAT action=DRY_RUN_ONLY
2026-06-21 15:04:45 BTC-USD mark=64117.31315075 momentum=0.020% signal=FLAT action=DRY_RUN_ONLY
2026-06-21 15:05:15 BTC-USD mark=64107.4195683 momentum=0.003% signal=FLAT action=DRY_RUN_ONLY
2026-06-21 15:05:45 BTC-USD mark=64107.51446225 momentum=0.004% signal=FLAT action=DRY_RUN_ONLY
2026-06-21 15:06:15 BTC-USD mark=64097.06500582 momentum=-0.009% signal=FLAT action=DRY_RUN_ONLY
2026-06-21 15:06:45 BTC-USD mark=64096.93 momentum=0.009% signal=FLAT action=DRY_RUN_ONLY
2026-06-21 15:07:15 BTC-USD mark=64095.685 momentum=0.002% signal=FLAT action=DRY_RUN_ONLY
2026-06-21 15:07:45 BTC-USD mark=64095.385 momentum=-0.001% signal=FLAT action=DRY_RUN_ONLY
2026-06-21 15:08:15 BTC-USD mark=64099.665 momentum=-0.000% signal=FLAT action=DRY_RUN_ONLY
2026-06-21 15:08:45 BTC-USD mark=64099.19 momentum=0.012% signal=FLAT action=DRY_RUN_ONLY
2026-06-21 15:09:15 BTC-USD mark=64087.877537175 momentum=-0.037% signal=FLAT action=DRY_RUN_ONLY
2026-06-21 15:09:45 BTC-USD mark=64096.24 momentum=-0.040% signal=FLAT action=DRY_RUN_ONLY
2026-06-21 15:10:15 BTC-USD mark=64097 momentum=-0.087% signal=FLAT action=DRY_RUN_ONLY
2026-06-21 15:10:45 BTC-USD mark=64114.727684115 momentum=-0.077% signal=FLAT action=DRY_RUN_ONLY
2026-06-21 15:11:15 BTC-USD mark=64123.12 momentum=-0.067% signal=FLAT action=DRY_RUN_ONLY
2026-06-21 15:11:46 BTC-USD mark=64139.213307195 momentum=-0.122% signal=FLAT action=DRY_RUN_ONLY
2026-06-21 15:12:16 BTC-USD mark=64132.5636745 momentum=-0.097% signal=FLAT action=DRY_RUN_ONLY
2026-06-21 15:12:46 BTC-USD mark=64141.57043995 momentum=-0.047% signal=FLAT action=DRY_RUN_ONLY
2026-06-21 15:13:16 BTC-USD mark=64150.655454525 momentum=0.011% signal=FLAT action=DRY_RUN_ONLY
2026-06-21 15:13:46 BTC-USD mark=64151.80666685 momentum=-0.000% signal=FLAT action=DRY_RUN_ONLY
2026-06-21 15:14:16 BTC-USD mark=64144.36223903 momentum=0.042% signal=FLAT action=DRY_RUN_ONLY
2026-06-21 15:14:46 BTC-USD mark=64150.94089514 momentum=0.068% signal=FLAT action=DRY_RUN_ONLY
2026-06-21 15:15:16 BTC-USD mark=64127.862430785 momentum=0.032% signal=FLAT action=DRY_RUN_ONLY
2026-06-21 15:15:46 BTC-USD mark=64137.64239045 momentum=0.063% signal=FLAT action=DRY_RUN_ONLY
2026-06-21 15:16:16 BTC-USD mark=64131.95501858 momentum=0.055% signal=FLAT action=DRY_RUN_ONLY
2026-06-21 15:16:46 BTC-USD mark=64127.200875685 momentum=0.049% signal=FLAT action=DRY_RUN_ONLY
2026-06-21 15:17:16 BTC-USD mark=64120.14235049 momentum=0.039% signal=FLAT action=DRY_RUN_ONLY
2026-06-21 15:17:46 BTC-USD mark=64116.148349165 momentum=0.026% signal=FLAT action=DRY_RUN_ONLY
2026-06-21 15:18:16 BTC-USD mark=64121.10925427 momentum=0.034% signal=FLAT action=DRY_RUN_ONLY
2026-06-21 15:18:46 BTC-USD mark=64119.362378985 momentum=0.049% signal=FLAT action=DRY_RUN_ONLY
2026-06-21 15:19:16 BTC-USD mark=64125.48574213 momentum=0.046% signal=FLAT action=DRY_RUN_ONLY
2026-06-21 15:19:46 BTC-USD mark=64142.93903145 momentum=0.072% signal=FLAT action=DRY_RUN_ONLY
2026-06-21 15:20:16 BTC-USD mark=64133.03148645 momentum=0.029% signal=FLAT action=DRY_RUN_ONLY
2026-06-21 15:20:47 BTC-USD mark=64133.0465998 momentum=0.015% signal=FLAT action=DRY_RUN_ONLY
2026-06-21 15:21:17 BTC-USD mark=64134.96100545 momentum=-0.007% signal=FLAT action=DRY_RUN_ONLY
2026-06-21 15:21:47 BTC-USD mark=64133.10234095 momentum=0.001% signal=FLAT action=DRY_RUN_ONLY
2026-06-21 15:22:17 BTC-USD mark=64133.63787503 momentum=-0.012% signal=FLAT action=DRY_RUN_ONLY
2026-06-21 15:22:47 BTC-USD mark=64133.462164655 momentum=-0.027% signal=FLAT action=DRY_RUN_ONLY
2026-06-21 15:23:17 BTC-USD mark=64132.055 momentum=-0.031% signal=FLAT action=DRY_RUN_ONLY
2026-06-21 15:23:47 BTC-USD mark=64142.925587595 momentum=-0.002% signal=FLAT action=DRY_RUN_ONLY
2026-06-21 15:24:17 BTC-USD mark=64134.868355805 momentum=-0.025% signal=FLAT action=DRY_RUN_ONLY
2026-06-21 15:24:47 BTC-USD mark=64160.875 momentum=0.051% signal=FLAT action=DRY_RUN_ONLY
2026-06-21 15:25:17 BTC-USD mark=64147.22 momentum=0.015% signal=FLAT action=DRY_RUN_ONLY
2026-06-21 15:25:47 BTC-USD mark=64147.235 momentum=0.024% signal=FLAT action=DRY_RUN_ONLY
2026-06-21 15:26:17 BTC-USD mark=64154.54187945 momentum=0.043% signal=FLAT action=DRY_RUN_ONLY
2026-06-21 15:26:47 BTC-USD mark=64158.99572935 momentum=0.061% signal=FLAT action=DRY_RUN_ONLY
2026-06-21 15:27:17 BTC-USD mark=64157.435 momentum=0.064% signal=FLAT action=DRY_RUN_ONLY
2026-06-21 15:27:47 BTC-USD mark=64141.16050417 momentum=0.031% signal=FLAT action=DRY_RUN_ONLY
2026-06-21 15:28:17 BTC-USD mark=64136.32130101 momentum=0.026% signal=FLAT action=DRY_RUN_ONLY
2026-06-21 15:28:47 BTC-USD mark=64134.148070785 momentum=0.014% signal=FLAT action=DRY_RUN_ONLY
2026-06-21 15:29:17 BTC-USD mark=64145.764777595 momentum=0.004% signal=FLAT action=DRY_RUN_ONLY
2026-06-21 15:29:47 BTC-USD mark=64142.77 momentum=0.015% signal=FLAT action=DRY_RUN_ONLY
2026-06-21 15:30:17 BTC-USD mark=64153.135 momentum=0.031% signal=FLAT action=DRY_RUN_ONLY
2026-06-21 15:30:47 BTC-USD mark=64154.38 momentum=0.030% signal=FLAT action=DRY_RUN_ONLY
2026-06-21 15:31:17 BTC-USD mark=64154.255 momentum=0.033% signal=FLAT action=DRY_RUN_ONLY
2026-06-21 15:31:48 BTC-USD mark=64160.876143025 momentum=0.042% signal=FLAT action=DRY_RUN_ONLY
2026-06-21 15:32:18 BTC-USD mark=64152.95362426 momentum=0.030% signal=FLAT action=DRY_RUN_ONLY
2026-06-21 15:32:48 BTC-USD mark=64144.94 momentum=0.020% signal=FLAT action=DRY_RUN_ONLY
2026-06-21 15:33:18 BTC-USD mark=64151.1981252 momentum=0.013% signal=FLAT action=DRY_RUN_ONLY
2026-06-21 15:33:48 BTC-USD mark=64156.70990555 momentum=0.034% signal=FLAT action=DRY_RUN_ONLY
2026-06-21 15:34:18 BTC-USD mark=64157.52076058 momentum=-0.005% signal=FLAT action=DRY_RUN_ONLY
2026-06-21 15:34:48 BTC-USD mark=64133.721320465 momentum=-0.021% signal=FLAT action=DRY_RUN_ONLY
2026-06-21 15:35:18 BTC-USD mark=64103.75169765 momentum=-0.068% signal=FLAT action=DRY_RUN_ONLY
2026-06-21 15:35:48 BTC-USD mark=64112.218147175 momentum=-0.066% signal=FLAT action=DRY_RUN_ONLY
2026-06-21 15:36:18 BTC-USD mark=64127.55 momentum=-0.049% signal=FLAT action=DRY_RUN_ONLY
2026-06-21 15:36:49 BTC-USD mark=64129.85662612 momentum=-0.043% signal=FLAT action=DRY_RUN_ONLY
2026-06-21 15:37:19 BTC-USD mark=64129.85662612 momentum=-0.018% signal=FLAT action=DRY_RUN_ONLY
2026-06-21 15:37:49 BTC-USD mark=64130.86662612 momentum=-0.009% signal=FLAT action=DRY_RUN_ONLY
2026-06-21 15:38:19 BTC-USD mark=64133.16403755 momentum=-0.002% signal=FLAT action=DRY_RUN_ONLY
2026-06-21 15:38:49 BTC-USD mark=64131.445 momentum=-0.022% signal=FLAT action=DRY_RUN_ONLY
2026-06-21 15:39:19 BTC-USD mark=64131.135 momentum=-0.018% signal=FLAT action=DRY_RUN_ONLY
2026-06-21 15:39:49 BTC-USD mark=64143.94869678 momentum=-0.014% signal=FLAT action=DRY_RUN_ONLY
2026-06-21 15:40:19 BTC-USD mark=64140.3 momentum=-0.022% signal=FLAT action=DRY_RUN_ONLY
2026-06-21 15:40:49 BTC-USD mark=64142.73 momentum=-0.018% signal=FLAT action=DRY_RUN_ONLY
2026-06-21 15:41:19 BTC-USD mark=64131.88 momentum=-0.045% signal=FLAT action=DRY_RUN_ONLY
2026-06-21 15:41:49 BTC-USD mark=64133.82389748 momentum=-0.030% signal=FLAT action=DRY_RUN_ONLY
2026-06-21 15:42:19 BTC-USD mark=64145.521245685 momentum=0.001% signal=FLAT action=DRY_RUN_ONLY
2026-06-21 15:42:49 BTC-USD mark=64146.61107615 momentum=-0.007% signal=FLAT action=DRY_RUN_ONLY
2026-06-21 15:43:19 BTC-USD mark=64158.51 momentum=0.003% signal=FLAT action=DRY_RUN_ONLY
2026-06-21 15:43:49 BTC-USD mark=64146.23 momentum=-0.018% signal=FLAT action=DRY_RUN_ONLY
2026-06-21 15:44:19 BTC-USD mark=64155.287195175 momentum=0.034% signal=FLAT action=DRY_RUN_ONLY
2026-06-21 15:44:49 BTC-USD mark=64127.98500665 momentum=0.038% signal=FLAT action=DRY_RUN_ONLY
2026-06-21 15:45:19 BTC-USD mark=64136.32 momentum=0.038% signal=FLAT action=DRY_RUN_ONLY
2026-06-21 15:45:49 BTC-USD mark=64126.15343903 momentum=-0.002% signal=FLAT action=DRY_RUN_ONLY
2026-06-21 15:46:19 BTC-USD mark=64121.1 momentum=-0.014% signal=FLAT action=DRY_RUN_ONLY
2026-06-21 15:46:50 BTC-USD mark=64117.735522165 momentum=-0.019% signal=FLAT action=DRY_RUN_ONLY
2026-06-21 15:47:20 BTC-USD mark=64116.38471461 momentum=-0.023% signal=FLAT action=DRY_RUN_ONLY
2026-06-21 15:47:50 BTC-USD mark=64105.25 momentum=-0.044% signal=FLAT action=DRY_RUN_ONLY
2026-06-21 15:48:20 BTC-USD mark=64125.435 momentum=-0.009% signal=FLAT action=DRY_RUN_ONLY
2026-06-21 15:48:50 BTC-USD mark=64125.645 momentum=-0.009% signal=FLAT action=DRY_RUN_ONLY
2026-06-21 15:49:20 BTC-USD mark=64125.87 momentum=-0.028% signal=FLAT action=DRY_RUN_ONLY
2026-06-21 15:49:50 BTC-USD mark=64145.365 momentum=0.008% signal=FLAT action=DRY_RUN_ONLY
2026-06-21 15:50:20 BTC-USD mark=64151 momentum=0.013% signal=FLAT action=DRY_RUN_ONLY
2026-06-21 15:50:50 BTC-USD mark=64151.88759134 momentum=0.031% signal=FLAT action=DRY_RUN_ONLY
2026-06-21 15:51:20 BTC-USD mark=64154.765 momentum=0.033% signal=FLAT action=DRY_RUN_ONLY
2026-06-21 15:51:50 BTC-USD mark=64141.885610555 momentum=-0.006% signal=FLAT action=DRY_RUN_ONLY
2026-06-21 15:52:20 BTC-USD mark=64141.831967235 momentum=-0.007% signal=FLAT action=DRY_RUN_ONLY
2026-06-21 15:52:50 BTC-USD mark=64144.462451035 momentum=-0.022% signal=FLAT action=DRY_RUN_ONLY
2026-06-21 15:53:20 BTC-USD mark=64136.02 momentum=-0.016% signal=FLAT action=DRY_RUN_ONLY
2026-06-21 15:53:50 BTC-USD mark=64142.11 momentum=-0.021% signal=FLAT action=DRY_RUN_ONLY
2026-06-21 15:54:20 BTC-USD mark=64140.9 momentum=0.020% signal=FLAT action=DRY_RUN_ONLY
2026-06-21 15:54:50 BTC-USD mark=64151.62 momentum=0.024% signal=FLAT action=DRY_RUN_ONLY
2026-06-21 15:55:21 BTC-USD mark=64148.1683892 momentum=0.034% signal=FLAT action=DRY_RUN_ONLY
2026-06-21 15:55:51 BTC-USD mark=64154.7413399 momentum=0.052% signal=FLAT action=DRY_RUN_ONLY
2026-06-21 15:56:21 BTC-USD mark=64152.22 momentum=0.054% signal=FLAT action=DRY_RUN_ONLY
2026-06-21 15:56:51 BTC-USD mark=64150.3436599 momentum=0.053% signal=FLAT action=DRY_RUN_ONLY
2026-06-21 15:57:21 BTC-USD mark=64138.34374688 momentum=0.052% signal=FLAT action=DRY_RUN_ONLY
2026-06-21 15:57:51 BTC-USD mark=64139.38577737 momentum=0.022% signal=FLAT action=DRY_RUN_ONLY
2026-06-21 15:58:21 BTC-USD mark=64136.68535094 momentum=0.017% signal=FLAT action=DRY_RUN_ONLY
2026-06-21 15:58:51 BTC-USD mark=64140.937044 momentum=0.023% signal=FLAT action=DRY_RUN_ONLY
2026-06-21 15:59:21 BTC-USD mark=64143.455 momentum=-0.003% signal=FLAT action=DRY_RUN_ONLY
2026-06-21 15:59:51 BTC-USD mark=64125.18777692 momentum=-0.040% signal=FLAT action=DRY_RUN_ONLY
2026-06-21 16:00:21 BTC-USD mark=64134.145 momentum=-0.028% signal=FLAT action=DRY_RUN_ONLY
2026-06-21 16:00:51 BTC-USD mark=64135.45392068 momentum=-0.030% signal=FLAT action=DRY_RUN_ONLY
2026-06-21 16:01:21 BTC-USD mark=64137.36722677 momentum=-0.007% signal=FLAT action=DRY_RUN_ONLY
2026-06-21 16:01:51 BTC-USD mark=64137.051134195 momentum=-0.007% signal=FLAT action=DRY_RUN_ONLY
2026-06-21 16:02:21 BTC-USD mark=64123.815686775 momentum=-0.032% signal=FLAT action=DRY_RUN_ONLY
2026-06-21 16:02:51 BTC-USD mark=64114.27960885 momentum=-0.034% signal=FLAT action=DRY_RUN_ONLY
2026-06-21 16:03:22 BTC-USD mark=64103.794001825 momentum=-0.060% signal=FLAT action=DRY_RUN_ONLY
2026-06-21 16:03:52 BTC-USD mark=64109.704987775 momentum=-0.049% signal=FLAT action=DRY_RUN_ONLY
2026-06-21 16:04:22 BTC-USD mark=64109.955 momentum=-0.065% signal=FLAT action=DRY_RUN_ONLY
2026-06-21 16:04:52 BTC-USD mark=64131.37 momentum=-0.026% signal=FLAT action=DRY_RUN_ONLY
2026-06-21 16:05:22 BTC-USD mark=64135.953903815 momentum=-0.029% signal=FLAT action=DRY_RUN_ONLY
2026-06-21 16:05:52 BTC-USD mark=64163.49263155 momentum=0.018% signal=FLAT action=DRY_RUN_ONLY
2026-06-21 16:06:22 BTC-USD mark=64184.17000836 momentum=0.053% signal=FLAT action=DRY_RUN_ONLY
2026-06-21 16:06:52 BTC-USD mark=64181.618748005 momentum=0.067% signal=FLAT action=DRY_RUN_ONLY
2026-06-21 16:07:22 BTC-USD mark=64188.33 momentum=0.076% signal=FLAT action=DRY_RUN_ONLY
2026-06-21 16:07:52 BTC-USD mark=64189.73936965 momentum=0.083% signal=FLAT action=DRY_RUN_ONLY
2026-06-21 16:08:22 BTC-USD mark=64185.285 momentum=0.069% signal=FLAT action=DRY_RUN_ONLY
2026-06-21 16:08:52 BTC-USD mark=64185.70011415 momentum=0.066% signal=FLAT action=DRY_RUN_ONLY
2026-06-21 16:09:22 BTC-USD mark=64165.26925065 momentum=0.063% signal=FLAT action=DRY_RUN_ONLY
2026-06-21 16:09:52 BTC-USD mark=64152.08682024 momentum=0.028% signal=FLAT action=DRY_RUN_ONLY
2026-06-21 16:10:22 BTC-USD mark=64133.877690755 momentum=-0.002% signal=FLAT action=DRY_RUN_ONLY
2026-06-21 16:10:52 BTC-USD mark=64119.17 momentum=-0.028% signal=FLAT action=DRY_RUN_ONLY
2026-06-21 16:11:22 BTC-USD mark=64100.19987368 momentum=-0.057% signal=FLAT action=DRY_RUN_ONLY
2026-06-21 16:11:52 BTC-USD mark=64097.033615395 momentum=-0.042% signal=FLAT action=DRY_RUN_ONLY
2026-06-21 16:12:22 BTC-USD mark=64082.31488513 momentum=-0.050% signal=FLAT action=DRY_RUN_ONLY
2026-06-21 16:12:53 BTC-USD mark=64064.492068755 momentum=-0.061% signal=FLAT action=DRY_RUN_ONLY
2026-06-21 16:13:23 BTC-USD mark=64073.0308325 momentum=-0.057% signal=FLAT action=DRY_RUN_ONLY
2026-06-21 16:13:53 BTC-USD mark=64074.91645599 momentum=-0.055% signal=FLAT action=DRY_RUN_ONLY
2026-06-21 16:14:23 BTC-USD mark=64071.123821255 momentum=-0.094% signal=FLAT action=DRY_RUN_ONLY
2026-06-21 16:14:53 BTC-USD mark=64089.14596846 momentum=-0.073% signal=FLAT action=DRY_RUN_ONLY
2026-06-21 16:15:23 BTC-USD mark=64082.407515075 momentum=-0.126% signal=FLAT action=DRY_RUN_ONLY
2026-06-21 16:15:53 BTC-USD mark=64087.743510035 momentum=-0.150% signal=FLAT action=DRY_RUN_ONLY
2026-06-21 16:16:23 BTC-USD mark=64073.64458283 momentum=-0.168% signal=FLAT action=DRY_RUN_ONLY
2026-06-21 16:16:53 BTC-USD mark=64056.319651135 momentum=-0.206% signal=FLAT action=DRY_RUN_ONLY
2026-06-21 16:17:23 BTC-USD mark=64066.523245015 momentum=-0.192% signal=FLAT action=DRY_RUN_ONLY
2026-06-21 16:17:53 BTC-USD mark=64054.821868795 momentum=-0.203% signal=FLAT action=DRY_RUN_ONLY
2026-06-21 16:18:23 BTC-USD mark=64028.0707679 momentum=-0.246% signal=FLAT action=DRY_RUN_ONLY
2026-06-21 16:18:53 BTC-USD mark=64004.18306444 momentum=-0.251% signal=FLAT action=DRY_RUN_ONLY
2026-06-21 16:19:23 BTC-USD mark=63995.46505035 momentum=-0.244% signal=FLAT action=DRY_RUN_ONLY
2026-06-21 16:19:53 BTC-USD mark=63994.338559005 momentum=-0.218% signal=FLAT action=DRY_RUN_ONLY
2026-06-21 16:20:23 BTC-USD mark=64003.46124129 momentum=-0.180% signal=FLAT action=DRY_RUN_ONLY
2026-06-21 16:20:53 BTC-USD mark=64009.562316435 momentum=-0.141% signal=FLAT action=DRY_RUN_ONLY
2026-06-21 16:21:23 BTC-USD mark=64016.047600115 momentum=-0.126% signal=FLAT action=DRY_RUN_ONLY
2026-06-21 16:21:53 BTC-USD mark=64027.26378843 momentum=-0.086% signal=FLAT action=DRY_RUN_ONLY
2026-06-21 16:22:23 BTC-USD mark=64046.870143585 momentum=-0.028% signal=FLAT action=DRY_RUN_ONLY
2026-06-21 16:22:53 BTC-USD mark=64045.668211295 momentum=-0.043% signal=FLAT action=DRY_RUN_ONLY
2026-06-21 16:23:23 BTC-USD mark=64042.959170555 momentum=-0.050% signal=FLAT action=DRY_RUN_ONLY
2026-06-21 16:23:53 BTC-USD mark=64043.443722155 momentum=-0.043% signal=FLAT action=DRY_RUN_ONLY
2026-06-21 16:24:24 BTC-USD mark=64042.565094735 momentum=-0.073% signal=FLAT action=DRY_RUN_ONLY
2026-06-21 16:24:54 BTC-USD mark=64043.13416419 momentum=-0.061% signal=FLAT action=DRY_RUN_ONLY
2026-06-21 16:25:24 BTC-USD mark=64050.19189 momentum=-0.059% signal=FLAT action=DRY_RUN_ONLY
2026-06-21 16:25:54 BTC-USD mark=64041.22945913 momentum=-0.051% signal=FLAT action=DRY_RUN_ONLY
2026-06-21 16:26:24 BTC-USD mark=64020.69703542 momentum=-0.056% signal=FLAT action=DRY_RUN_ONLY
2026-06-21 16:26:54 BTC-USD mark=64022.55314953 momentum=-0.069% signal=FLAT action=DRY_RUN_ONLY
2026-06-21 16:27:24 BTC-USD mark=64028.975626225 momentum=-0.040% signal=FLAT action=DRY_RUN_ONLY
2026-06-21 16:27:54 BTC-USD mark=64024.148979275 momentum=-0.006% signal=FLAT action=DRY_RUN_ONLY
2026-06-21 16:28:24 BTC-USD mark=64028.34883492 momentum=0.038% signal=FLAT action=DRY_RUN_ONLY
2026-06-21 16:28:54 BTC-USD mark=64022.569999025 momentum=0.042% signal=FLAT action=DRY_RUN_ONLY
2026-06-21 16:29:24 BTC-USD mark=64035.54730987 momentum=0.064% signal=FLAT action=DRY_RUN_ONLY
2026-06-21 16:29:54 BTC-USD mark=64038.755600435 momentum=0.055% signal=FLAT action=DRY_RUN_ONLY
2026-06-21 16:30:24 BTC-USD mark=64052.99945368 momentum=0.068% signal=FLAT action=DRY_RUN_ONLY
2026-06-21 16:30:54 BTC-USD mark=64050.214755685 momentum=0.053% signal=FLAT action=DRY_RUN_ONLY
2026-06-21 16:31:24 BTC-USD mark=64030.515267325 momentum=0.005% signal=FLAT action=DRY_RUN_ONLY
2026-06-21 16:31:54 BTC-USD mark=64014.65785814 momentum=-0.050% signal=FLAT action=DRY_RUN_ONLY
2026-06-21 16:32:25 BTC-USD mark=64015.046093115 momentum=-0.048% signal=FLAT action=DRY_RUN_ONLY
2026-06-21 16:32:55 BTC-USD mark=64008.06097288 momentum=-0.054% signal=FLAT action=DRY_RUN_ONLY
2026-06-21 16:33:25 BTC-USD mark=63994.50148757 momentum=-0.076% signal=FLAT action=DRY_RUN_ONLY
2026-06-21 16:33:55 BTC-USD mark=63996.724398675 momentum=-0.072% signal=FLAT action=DRY_RUN_ONLY
2026-06-21 16:34:25 BTC-USD mark=63997.652625895 momentum=-0.071% signal=FLAT action=DRY_RUN_ONLY
2026-06-21 16:34:55 BTC-USD mark=63964.71672625 momentum=-0.133% signal=FLAT action=DRY_RUN_ONLY
2026-06-21 16:35:25 BTC-USD mark=63997.14817704 momentum=-0.069% signal=FLAT action=DRY_RUN_ONLY
2026-06-21 16:35:56 BTC-USD mark=63992.592199605 momentum=-0.044% signal=FLAT action=DRY_RUN_ONLY
2026-06-21 16:36:26 BTC-USD mark=63991.638221475 momentum=-0.048% signal=FLAT action=DRY_RUN_ONLY
2026-06-21 16:36:56 BTC-USD mark=63991.669529385 momentum=-0.058% signal=FLAT action=DRY_RUN_ONLY
2026-06-21 16:37:26 BTC-USD mark=63962.60058617 momentum=-0.096% signal=FLAT action=DRY_RUN_ONLY
2026-06-21 16:37:56 BTC-USD mark=63967.704722035 momentum=-0.095% signal=FLAT action=DRY_RUN_ONLY
2026-06-21 16:38:26 BTC-USD mark=63966.642497245 momentum=-0.087% signal=FLAT action=DRY_RUN_ONLY
2026-06-21 16:38:56 BTC-USD mark=63947.816985385 momentum=-0.137% signal=FLAT action=DRY_RUN_ONLY
2026-06-21 16:39:26 BTC-USD mark=63946.194165485 momentum=-0.145% signal=FLAT action=DRY_RUN_ONLY
2026-06-21 16:39:56 BTC-USD mark=63935.710169945 momentum=-0.183% signal=FLAT action=DRY_RUN_ONLY
2026-06-21 16:40:26 BTC-USD mark=63928.932122415 momentum=-0.189% signal=FLAT action=DRY_RUN_ONLY
2026-06-21 16:40:56 BTC-USD mark=63902.750638245 momentum=-0.200% signal=FLAT action=DRY_RUN_ONLY
2026-06-21 16:41:26 BTC-USD mark=63908.61252767 momentum=-0.166% signal=FLAT action=DRY_RUN_ONLY
2026-06-21 16:41:56 BTC-USD mark=63884.965072445 momentum=-0.203% signal=FLAT action=DRY_RUN_ONLY
2026-06-21 16:42:26 BTC-USD mark=63886.54124549 momentum=-0.190% signal=FLAT action=DRY_RUN_ONLY
2026-06-21 16:42:56 BTC-USD mark=63905.08666249 momentum=-0.140% signal=FLAT action=DRY_RUN_ONLY
2026-06-21 16:43:26 BTC-USD mark=63929.120426575 momentum=-0.106% signal=FLAT action=DRY_RUN_ONLY
2026-06-21 16:43:57 BTC-USD mark=63898.180758635 momentum=-0.155% signal=FLAT action=DRY_RUN_ONLY
2026-06-21 16:44:27 BTC-USD mark=63900.56535991 momentum=-0.100% signal=FLAT action=DRY_RUN_ONLY
2026-06-21 16:44:57 BTC-USD mark=63899.24576961 momentum=-0.153% signal=FLAT action=DRY_RUN_ONLY
2026-06-21 16:45:27 BTC-USD mark=63900.44858389 momentum=-0.144% signal=FLAT action=DRY_RUN_ONLY
2026-06-21 16:45:57 BTC-USD mark=63895.171192085 momentum=-0.151% signal=FLAT action=DRY_RUN_ONLY
2026-06-21 16:46:27 BTC-USD mark=63859.53928578 momentum=-0.206% signal=FLAT action=DRY_RUN_ONLY
2026-06-21 16:46:57 BTC-USD mark=63832.505701765 momentum=-0.203% signal=FLAT action=DRY_RUN_ONLY
2026-06-21 16:47:27 BTC-USD mark=63748.998170435 momentum=-0.342% signal=FLAT action=DRY_RUN_ONLY
2026-06-21 16:47:57 BTC-USD mark=63710.99140323 momentum=-0.400% signal=MOMENTUM_DOWN action=DRY_RUN_ONLY
2026-06-21 16:48:27 BTC-USD mark=63689.795 momentum=-0.403% signal=MOMENTUM_DOWN action=DRY_RUN_ONLY
2026-06-21 16:48:57 BTC-USD mark=63644.09415533 momentum=-0.472% signal=MOMENTUM_DOWN action=DRY_RUN_ONLY
2026-06-21 16:49:27 BTC-USD mark=63676.3699321 momentum=-0.406% signal=MOMENTUM_DOWN action=DRY_RUN_ONLY
2026-06-21 16:49:57 BTC-USD mark=63672.2396984 momentum=-0.402% signal=MOMENTUM_DOWN action=DRY_RUN_ONLY
2026-06-21 16:50:27 BTC-USD mark=63721.621838155 momentum=-0.283% signal=FLAT action=DRY_RUN_ONLY
2026-06-21 16:50:57 BTC-USD mark=63671.064858675 momentum=-0.372% signal=MOMENTUM_DOWN action=DRY_RUN_ONLY
2026-06-21 16:51:27 BTC-USD mark=63650.681445405 momentum=-0.367% signal=MOMENTUM_DOWN action=DRY_RUN_ONLY
2026-06-21 16:51:57 BTC-USD mark=63708.42436981 momentum=-0.279% signal=FLAT action=DRY_RUN_ONLY
2026-06-21 16:52:27 BTC-USD mark=63691.350182775 momentum=-0.334% signal=FLAT action=DRY_RUN_ONLY
2026-06-21 16:52:57 BTC-USD mark=63697.006866345 momentum=-0.363% signal=MOMENTUM_DOWN action=DRY_RUN_ONLY
2026-06-21 16:53:27 BTC-USD mark=63695.93442001 momentum=-0.317% signal=FLAT action=DRY_RUN_ONLY
2026-06-21 16:53:57 BTC-USD mark=63721.606926475 momentum=-0.280% signal=FLAT action=DRY_RUN_ONLY
2026-06-21 16:54:27 BTC-USD mark=63769.153810355 momentum=-0.204% signal=FLAT action=DRY_RUN_ONLY
2026-06-21 16:54:57 BTC-USD mark=63773.793732205 momentum=-0.198% signal=FLAT action=DRY_RUN_ONLY
2026-06-21 16:55:27 BTC-USD mark=63768.993806925 momentum=-0.197% signal=FLAT action=DRY_RUN_ONLY
2026-06-21 16:55:58 BTC-USD mark=63756.975363425 momentum=-0.161% signal=FLAT action=DRY_RUN_ONLY
2026-06-21 16:56:28 BTC-USD mark=63719.621954175 momentum=-0.177% signal=FLAT action=DRY_RUN_ONLY
2026-06-21 16:56:58 BTC-USD mark=63710.061704255 momentum=-0.061% signal=FLAT action=DRY_RUN_ONLY
2026-06-21 16:57:28 BTC-USD mark=63693.76184594 momentum=-0.027% signal=FLAT action=DRY_RUN_ONLY
2026-06-21 16:57:58 BTC-USD mark=63708.417692625 momentum=0.029% signal=FLAT action=DRY_RUN_ONLY
2026-06-21 16:58:28 BTC-USD mark=63704.29323083 momentum=0.095% signal=FLAT action=DRY_RUN_ONLY
2026-06-21 16:58:58 BTC-USD mark=63760.84523385 momentum=0.133% signal=FLAT action=DRY_RUN_ONLY
2026-06-21 16:59:28 BTC-USD mark=63759.075078605 momentum=0.136% signal=FLAT action=DRY_RUN_ONLY
2026-06-21 16:59:58 BTC-USD mark=63763.891471305 momentum=0.066% signal=FLAT action=DRY_RUN_ONLY
2026-06-21 17:00:28 BTC-USD mark=63786.25329591 momentum=0.181% signal=FLAT action=DRY_RUN_ONLY
2026-06-21 17:00:58 BTC-USD mark=63780.464059185 momentum=0.204% signal=FLAT action=DRY_RUN_ONLY
2026-06-21 17:01:28 BTC-USD mark=63766.68212957 momentum=0.091% signal=FLAT action=DRY_RUN_ONLY
2026-06-21 17:01:58 BTC-USD mark=63747.69951453 momentum=0.088% signal=FLAT action=DRY_RUN_ONLY
2026-06-21 17:02:28 BTC-USD mark=63763.8314355 momentum=0.105% signal=FLAT action=DRY_RUN_ONLY
2026-06-21 17:02:58 BTC-USD mark=63750.66032482 momentum=0.086% signal=FLAT action=DRY_RUN_ONLY
2026-06-21 17:03:28 BTC-USD mark=63755.031291175 momentum=0.052% signal=FLAT action=DRY_RUN_ONLY
2026-06-21 17:03:58 BTC-USD mark=63766.040187265 momentum=-0.005% signal=FLAT action=DRY_RUN_ONLY
2026-06-21 17:04:28 BTC-USD mark=63764.32762792 momentum=-0.015% signal=FLAT action=DRY_RUN_ONLY
2026-06-21 17:04:58 BTC-USD mark=63750.387704375 momentum=-0.029% signal=FLAT action=DRY_RUN_ONLY
2026-06-21 17:05:28 BTC-USD mark=63729.013459465 momentum=-0.044% signal=FLAT action=DRY_RUN_ONLY
2026-06-21 17:05:58 BTC-USD mark=63734.770340105 momentum=0.024% signal=FLAT action=DRY_RUN_ONLY
2026-06-21 17:06:28 BTC-USD mark=63733.78156328 momentum=0.037% signal=FLAT action=DRY_RUN_ONLY
2026-06-21 17:06:59 BTC-USD mark=63722.185342955 momentum=0.045% signal=FLAT action=DRY_RUN_ONLY
2026-06-21 17:07:29 BTC-USD mark=63697.11341522 momentum=-0.018% signal=FLAT action=DRY_RUN_ONLY
2026-06-21 17:07:59 BTC-USD mark=63713.342259 momentum=0.014% signal=FLAT action=DRY_RUN_ONLY
2026-06-21 17:08:29 BTC-USD mark=63699.24120654 momentum=-0.097% signal=FLAT action=DRY_RUN_ONLY
2026-06-21 17:08:59 BTC-USD mark=63676.58214774 momentum=-0.129% signal=FLAT action=DRY_RUN_ONLY
2026-06-21 17:09:29 BTC-USD mark=63593.38970225 momentum=-0.267% signal=FLAT action=DRY_RUN_ONLY
2026-06-21 17:09:59 BTC-USD mark=63487.00459321 momentum=-0.469% signal=MOMENTUM_DOWN action=DRY_RUN_ONLY
2026-06-21 17:10:29 BTC-USD mark=63579.367107725 momentum=-0.315% signal=FLAT action=DRY_RUN_ONLY
2026-06-21 17:10:59 BTC-USD mark=63491.87545568 momentum=-0.431% signal=MOMENTUM_DOWN action=DRY_RUN_ONLY
2026-06-21 17:11:29 BTC-USD mark=63524.534249785 momentum=-0.350% signal=MOMENTUM_DOWN action=DRY_RUN_ONLY
2026-06-21 17:11:59 BTC-USD mark=63524.91266411 momentum=-0.375% signal=MOMENTUM_DOWN action=DRY_RUN_ONLY
2026-06-21 17:12:29 BTC-USD mark=63520.06940584 momentum=-0.362% signal=MOMENTUM_DOWN action=DRY_RUN_ONLY
2026-06-21 17:12:59 BTC-USD mark=63573.760058685 momentum=-0.284% signal=FLAT action=DRY_RUN_ONLY
2026-06-21 17:13:29 BTC-USD mark=63570.83160836 momentum=-0.306% signal=FLAT action=DRY_RUN_ONLY
2026-06-21 17:13:59 BTC-USD mark=63538.27299165 momentum=-0.355% signal=MOMENTUM_DOWN action=DRY_RUN_ONLY
2026-06-21 17:14:29 BTC-USD mark=63536.47946798 momentum=-0.336% signal=FLAT action=DRY_RUN_ONLY
2026-06-21 17:14:59 BTC-USD mark=63576.839740555 momentum=-0.239% signal=FLAT action=DRY_RUN_ONLY
2026-06-21 17:15:29 BTC-USD mark=63580.459657175 momentum=-0.242% signal=FLAT action=DRY_RUN_ONLY
2026-06-21 17:15:59 BTC-USD mark=63614.167171265 momentum=-0.188% signal=FLAT action=DRY_RUN_ONLY
2026-06-21 17:16:30 BTC-USD mark=63561.23504556 momentum=-0.253% signal=FLAT action=DRY_RUN_ONLY
2026-06-21 17:17:00 BTC-USD mark=63566.57141274 momentum=-0.205% signal=FLAT action=DRY_RUN_ONLY
2026-06-21 17:17:30 BTC-USD mark=63526.01069205 momentum=-0.294% signal=FLAT action=DRY_RUN_ONLY
2026-06-21 17:18:00 BTC-USD mark=63509.21593968 momentum=-0.298% signal=FLAT action=DRY_RUN_ONLY
2026-06-21 17:18:30 BTC-USD mark=63471.10365351 momentum=-0.323% signal=FLAT action=DRY_RUN_ONLY
2026-06-21 17:19:00 BTC-USD mark=63461.565986205 momentum=-0.207% signal=FLAT action=DRY_RUN_ONLY
2026-06-21 17:19:30 BTC-USD mark=63501.98150897 momentum=0.024% signal=FLAT action=DRY_RUN_ONLY
2026-06-21 17:20:00 BTC-USD mark=63497.64717624 momentum=-0.129% signal=FLAT action=DRY_RUN_ONLY
2026-06-21 17:20:30 BTC-USD mark=63537.667711955 momentum=0.072% signal=FLAT action=DRY_RUN_ONLY
2026-06-21 17:21:00 BTC-USD mark=63613.10186724 momentum=0.139% signal=FLAT action=DRY_RUN_ONLY
2026-06-21 17:21:30 BTC-USD mark=63630.783840365 momentum=0.167% signal=FLAT action=DRY_RUN_ONLY
2026-06-21 17:22:00 BTC-USD mark=63625.11389344 momentum=0.165% signal=FLAT action=DRY_RUN_ONLY
2026-06-21 17:22:30 BTC-USD mark=63631.087070235 momentum=0.090% signal=FLAT action=DRY_RUN_ONLY
2026-06-21 17:23:00 BTC-USD mark=63690.04944 momentum=0.188% signal=FLAT action=DRY_RUN_ONLY
2026-06-21 17:23:30 BTC-USD mark=63704.279111715 momentum=0.261% signal=FLAT action=DRY_RUN_ONLY
2026-06-21 17:24:00 BTC-USD mark=63667.09988575 momentum=0.206% signal=FLAT action=DRY_RUN_ONLY
2026-06-21 17:24:30 BTC-USD mark=63618.622099055 momentum=0.066% signal=FLAT action=DRY_RUN_ONLY
2026-06-21 17:25:00 BTC-USD mark=63575.04177805 momentum=-0.009% signal=FLAT action=DRY_RUN_ONLY
2026-06-21 17:25:31 BTC-USD mark=63580.425818955 momentum=-0.053% signal=FLAT action=DRY_RUN_ONLY
2026-06-21 17:26:01 BTC-USD mark=63595.01781205 momentum=0.053% signal=FLAT action=DRY_RUN_ONLY
2026-06-21 17:26:31 BTC-USD mark=63644.04605213 momentum=0.122% signal=FLAT action=DRY_RUN_ONLY
2026-06-21 17:27:01 BTC-USD mark=63638.05695821 momentum=0.176% signal=FLAT action=DRY_RUN_ONLY
2026-06-21 17:27:31 BTC-USD mark=63636.59679477 momentum=0.201% signal=FLAT action=DRY_RUN_ONLY
2026-06-21 17:28:01 BTC-USD mark=63651.02656966 momentum=0.283% signal=FLAT action=DRY_RUN_ONLY
2026-06-21 17:28:31 BTC-USD mark=63625.618699255 momentum=0.259% signal=FLAT action=DRY_RUN_ONLY
2026-06-21 17:29:01 BTC-USD mark=63660.761962655 momentum=0.250% signal=FLAT action=DRY_RUN_ONLY
2026-06-21 17:29:31 BTC-USD mark=63644.272474905 momentum=0.231% signal=FLAT action=DRY_RUN_ONLY
2026-06-21 17:30:01 BTC-USD mark=63635.4334331 momentum=0.154% signal=FLAT action=DRY_RUN_ONLY
2026-06-21 17:30:31 BTC-USD mark=63655.155503065 momentum=0.066% signal=FLAT action=DRY_RUN_ONLY
2026-06-21 17:31:01 BTC-USD mark=63656.250053995 momentum=0.040% signal=FLAT action=DRY_RUN_ONLY
2026-06-21 17:31:31 BTC-USD mark=63706.601810465 momentum=0.128% signal=FLAT action=DRY_RUN_ONLY
2026-06-21 17:32:01 BTC-USD mark=63684.294446715 momentum=0.084% signal=FLAT action=DRY_RUN_ONLY
2026-06-21 17:32:31 BTC-USD mark=63678.4535927 momentum=-0.018% signal=FLAT action=DRY_RUN_ONLY
2026-06-21 17:33:01 BTC-USD mark=63709.744492235 momentum=0.009% signal=FLAT action=DRY_RUN_ONLY
2026-06-21 17:33:31 BTC-USD mark=63708.58472688 momentum=0.065% signal=FLAT action=DRY_RUN_ONLY
2026-06-21 17:34:02 BTC-USD mark=63705.669553825 momentum=0.137% signal=FLAT action=DRY_RUN_ONLY
2026-06-21 17:34:32 BTC-USD mark=63693.648791825 momentum=0.187% signal=FLAT action=DRY_RUN_ONLY
2026-06-21 17:35:02 BTC-USD mark=63698.0153179 momentum=0.185% signal=FLAT action=DRY_RUN_ONLY
2026-06-21 17:35:32 BTC-USD mark=63715.476315275 momentum=0.189% signal=FLAT action=DRY_RUN_ONLY
2026-06-21 17:36:02 BTC-USD mark=63697.9099577 momentum=0.085% signal=FLAT action=DRY_RUN_ONLY
2026-06-21 17:36:32 BTC-USD mark=63690.05335604 momentum=0.082% signal=FLAT action=DRY_RUN_ONLY
2026-06-21 17:37:02 BTC-USD mark=63651.1392943 momentum=0.023% signal=FLAT action=DRY_RUN_ONLY
2026-06-21 17:37:32 BTC-USD mark=63653.023791085 momentum=0.003% signal=FLAT action=DRY_RUN_ONLY
2026-06-21 17:38:02 BTC-USD mark=63700.392139235 momentum=0.118% signal=FLAT action=DRY_RUN_ONLY
2026-06-21 17:38:32 BTC-USD mark=63738.51484432 momentum=0.122% signal=FLAT action=DRY_RUN_ONLY
2026-06-21 17:39:02 BTC-USD mark=63806.3844328 momentum=0.255% signal=FLAT action=DRY_RUN_ONLY
2026-06-21 17:39:32 BTC-USD mark=63845.826643495 momentum=0.331% signal=FLAT action=DRY_RUN_ONLY
2026-06-21 17:40:02 BTC-USD mark=63858.110714315 momentum=0.319% signal=FLAT action=DRY_RUN_ONLY
2026-06-21 17:40:32 BTC-USD mark=63832.055515535 momentum=0.276% signal=FLAT action=DRY_RUN_ONLY
2026-06-21 17:41:02 BTC-USD mark=63859.567326005 momentum=0.240% signal=FLAT action=DRY_RUN_ONLY
2026-06-21 17:41:32 BTC-USD mark=63872.65825058 momentum=0.296% signal=FLAT action=DRY_RUN_ONLY
2026-06-21 17:42:03 BTC-USD mark=63825.593087765 momentum=0.231% signal=FLAT action=DRY_RUN_ONLY
2026-06-21 17:42:33 BTC-USD mark=63801.090737075 momentum=0.143% signal=FLAT action=DRY_RUN_ONLY
2026-06-21 17:43:03 BTC-USD mark=63803.111324145 momentum=0.148% signal=FLAT action=DRY_RUN_ONLY
2026-06-21 17:43:33 BTC-USD mark=63831.125392965 momentum=0.197% signal=FLAT action=DRY_RUN_ONLY
2026-06-21 17:44:03 BTC-USD mark=63825.4317195 momentum=0.207% signal=FLAT action=DRY_RUN_ONLY
2026-06-21 17:44:33 BTC-USD mark=63805.561363885 momentum=0.169% signal=FLAT action=DRY_RUN_ONLY
2026-06-21 17:45:03 BTC-USD mark=63818.384517785 momentum=0.162% signal=FLAT action=DRY_RUN_ONLY
2026-06-21 17:45:33 BTC-USD mark=63774.455563815 momentum=0.120% signal=FLAT action=DRY_RUN_ONLY
2026-06-21 17:46:03 BTC-USD mark=63778.38732594 momentum=0.139% signal=FLAT action=DRY_RUN_ONLY
2026-06-21 17:46:33 BTC-USD mark=63786.67914997 momentum=0.213% signal=FLAT action=DRY_RUN_ONLY
2026-06-21 17:47:03 BTC-USD mark=63765.47021158 momentum=0.177% signal=FLAT action=DRY_RUN_ONLY
2026-06-21 17:47:33 BTC-USD mark=63771.467545445 momentum=0.112% signal=FLAT action=DRY_RUN_ONLY
2026-06-21 17:48:04 BTC-USD mark=63832.76844935 momentum=0.148% signal=FLAT action=DRY_RUN_ONLY
2026-06-21 17:48:34 BTC-USD mark=63820.583763395 momentum=0.022% signal=FLAT action=DRY_RUN_ONLY
2026-06-21 17:49:04 BTC-USD mark=63851.742024625 momentum=0.009% signal=FLAT action=DRY_RUN_ONLY
2026-06-21 17:49:34 BTC-USD mark=63816.385461325 momentum=-0.065% signal=FLAT action=DRY_RUN_ONLY
2026-06-21 17:50:04 BTC-USD mark=63799.86090564 momentum=-0.050% signal=FLAT action=DRY_RUN_ONLY
2026-06-21 17:50:34 BTC-USD mark=63784.671703505 momentum=-0.117% signal=FLAT action=DRY_RUN_ONLY
2026-06-21 17:51:04 BTC-USD mark=63761.461204425 momentum=-0.174% signal=FLAT action=DRY_RUN_ONLY
2026-06-21 17:51:34 BTC-USD mark=63734.125403605 momentum=-0.143% signal=FLAT action=DRY_RUN_ONLY
2026-06-21 17:52:04 BTC-USD mark=63755.73758254 momentum=-0.071% signal=FLAT action=DRY_RUN_ONLY
2026-06-21 17:52:34 BTC-USD mark=63770.854691995 momentum=-0.051% signal=FLAT action=DRY_RUN_ONLY
2026-06-21 17:53:04 BTC-USD mark=63761.93119462 momentum=-0.108% signal=FLAT action=DRY_RUN_ONLY
2026-06-21 17:53:34 BTC-USD mark=63790.157127435 momentum=-0.055% signal=FLAT action=DRY_RUN_ONLY
2026-06-21 17:54:04 BTC-USD mark=63776.35508191 momentum=-0.046% signal=FLAT action=DRY_RUN_ONLY
2026-06-21 17:54:34 BTC-USD mark=63757.92906594 momentum=-0.095% signal=FLAT action=DRY_RUN_ONLY
2026-06-21 17:55:04 BTC-USD mark=63735.55822112 momentum=-0.061% signal=FLAT action=DRY_RUN_ONLY
2026-06-21 17:55:34 BTC-USD mark=63729.32097813 momentum=-0.077% signal=FLAT action=DRY_RUN_ONLY
2026-06-21 17:56:04 BTC-USD mark=63710.42802539 momentum=-0.120% signal=FLAT action=DRY_RUN_ONLY
2026-06-21 17:56:35 BTC-USD mark=63714.797457925 momentum=-0.079% signal=FLAT action=DRY_RUN_ONLY
2026-06-21 17:57:05 BTC-USD mark=63712.186335035 momentum=-0.093% signal=FLAT action=DRY_RUN_ONLY
2026-06-21 17:57:35 BTC-USD mark=63714.35518556 momentum=-0.186% signal=FLAT action=DRY_RUN_ONLY
2026-06-21 17:58:05 BTC-USD mark=63721.106418955 momentum=-0.156% signal=FLAT action=DRY_RUN_ONLY
2026-06-21 17:58:35 BTC-USD mark=63723.01125248 momentum=-0.202% signal=FLAT action=DRY_RUN_ONLY
2026-06-21 17:59:05 BTC-USD mark=63740.479079135 momentum=-0.119% signal=FLAT action=DRY_RUN_ONLY
2026-06-21 17:59:35 BTC-USD mark=63747.721419795 momentum=-0.082% signal=FLAT action=DRY_RUN_ONLY
2026-06-21 18:00:05 BTC-USD mark=63637.911616695 momentum=-0.230% signal=FLAT action=DRY_RUN_ONLY
2026-06-21 18:00:35 BTC-USD mark=63625.39717335 momentum=-0.213% signal=FLAT action=DRY_RUN_ONLY
2026-06-21 18:01:05 BTC-USD mark=63594.087193485 momentum=-0.220% signal=FLAT action=DRY_RUN_ONLY
2026-06-21 18:01:35 BTC-USD mark=63625.450545725 momentum=-0.204% signal=FLAT action=DRY_RUN_ONLY
2026-06-21 18:02:05 BTC-USD mark=63658.80697615 momentum=-0.176% signal=FLAT action=DRY_RUN_ONLY
2026-06-21 18:02:35 BTC-USD mark=63716.465816985 momentum=-0.071% signal=FLAT action=DRY_RUN_ONLY
2026-06-21 18:03:06 BTC-USD mark=63713.073664165 momentum=-0.121% signal=FLAT action=DRY_RUN_ONLY
2026-06-21 18:03:36 BTC-USD mark=63785.25451482 momentum=0.014% signal=FLAT action=DRY_RUN_ONLY
2026-06-21 18:04:06 BTC-USD mark=63749.64364672 momentum=-0.013% signal=FLAT action=DRY_RUN_ONLY
2026-06-21 18:04:36 BTC-USD mark=63718.127280455 momentum=-0.027% signal=FLAT action=DRY_RUN_ONLY
2026-06-21 18:05:06 BTC-USD mark=63722.145808465 momentum=-0.011% signal=FLAT action=DRY_RUN_ONLY
2026-06-21 18:05:36 BTC-USD mark=63685.910191535 momentum=-0.038% signal=FLAT action=DRY_RUN_ONLY
2026-06-21 18:06:06 BTC-USD mark=63694.714765225 momentum=-0.032% signal=FLAT action=DRY_RUN_ONLY
2026-06-21 18:06:36 BTC-USD mark=63675.004963925 momentum=-0.058% signal=FLAT action=DRY_RUN_ONLY
2026-06-21 18:07:06 BTC-USD mark=63632.264627465 momentum=-0.129% signal=FLAT action=DRY_RUN_ONLY
2026-06-21 18:07:36 BTC-USD mark=63634.96605826 momentum=-0.135% signal=FLAT action=DRY_RUN_ONLY
2026-06-21 18:08:06 BTC-USD mark=63667.557153415 momentum=-0.087% signal=FLAT action=DRY_RUN_ONLY
2026-06-21 18:08:36 BTC-USD mark=63614.53828985 momentum=-0.198% signal=FLAT action=DRY_RUN_ONLY
2026-06-21 18:09:06 BTC-USD mark=63540.870942405 momentum=-0.324% signal=FLAT action=DRY_RUN_ONLY
2026-06-21 18:09:36 BTC-USD mark=63550.24851905 momentum=-0.138% signal=FLAT action=DRY_RUN_ONLY
2026-06-21 18:10:06 BTC-USD mark=63560.874980725 momentum=-0.101% signal=FLAT action=DRY_RUN_ONLY
2026-06-21 18:10:36 BTC-USD mark=63609.847834105 momentum=0.025% signal=FLAT action=DRY_RUN_ONLY
2026-06-21 18:11:07 BTC-USD mark=63526.59944559 momentum=-0.155% signal=FLAT action=DRY_RUN_ONLY
2026-06-21 18:11:37 BTC-USD mark=63562.06177196 momentum=-0.152% signal=FLAT action=DRY_RUN_ONLY
2026-06-21 18:12:07 BTC-USD mark=63520.942257915 momentum=-0.307% signal=FLAT action=DRY_RUN_ONLY
2026-06-21 18:12:37 BTC-USD mark=63527.7887009 momentum=-0.291% signal=FLAT action=DRY_RUN_ONLY
2026-06-21 18:13:07 BTC-USD mark=63523.20937685 momentum=-0.411% signal=MOMENTUM_DOWN action=DRY_RUN_ONLY
2026-06-21 18:13:37 BTC-USD mark=63559.704370115 momentum=-0.298% signal=FLAT action=DRY_RUN_ONLY
2026-06-21 18:14:07 BTC-USD mark=63540.07216972 momentum=-0.279% signal=FLAT action=DRY_RUN_ONLY
2026-06-21 18:14:37 BTC-USD mark=63561.740557735 momentum=-0.252% signal=FLAT action=DRY_RUN_ONLY
2026-06-21 18:15:07 BTC-USD mark=63565.4517757 momentum=-0.189% signal=FLAT action=DRY_RUN_ONLY
2026-06-21 18:15:37 BTC-USD mark=63581.230713035 momentum=-0.178% signal=FLAT action=DRY_RUN_ONLY
2026-06-21 18:16:07 BTC-USD mark=63603.36914983 momentum=-0.113% signal=FLAT action=DRY_RUN_ONLY
2026-06-21 18:16:37 BTC-USD mark=63637.527488455 momentum=0.008% signal=FLAT action=DRY_RUN_ONLY
2026-06-21 18:17:07 BTC-USD mark=63624.52073566 momentum=-0.016% signal=FLAT action=DRY_RUN_ONLY
2026-06-21 18:17:37 BTC-USD mark=63626.852898165 momentum=-0.064% signal=FLAT action=DRY_RUN_ONLY
2026-06-21 18:18:07 BTC-USD mark=63659.43878145 momentum=0.071% signal=FLAT action=DRY_RUN_ONLY
2026-06-21 18:18:37 BTC-USD mark=63682.6588142 momentum=0.223% signal=FLAT action=DRY_RUN_ONLY
2026-06-21 18:19:08 BTC-USD mark=63619.379127405 momentum=0.109% signal=FLAT action=DRY_RUN_ONLY
2026-06-21 18:19:38 BTC-USD mark=63629.16391982 momentum=0.107% signal=FLAT action=DRY_RUN_ONLY
2026-06-21 18:20:08 BTC-USD mark=63590.120431685 momentum=-0.031% signal=FLAT action=DRY_RUN_ONLY
2026-06-21 18:20:38 BTC-USD mark=63631.4992974 momentum=0.165% signal=FLAT action=DRY_RUN_ONLY
2026-06-21 18:21:08 BTC-USD mark=63656.76111235 momentum=0.149% signal=FLAT action=DRY_RUN_ONLY
2026-06-21 18:21:38 BTC-USD mark=63695.24051675 momentum=0.274% signal=FLAT action=DRY_RUN_ONLY
2026-06-21 18:22:08 BTC-USD mark=63674.32401935 momentum=0.231% signal=FLAT action=DRY_RUN_ONLY
2026-06-21 18:22:38 BTC-USD mark=63689.1559764 momentum=0.261% signal=FLAT action=DRY_RUN_ONLY
2026-06-21 18:23:08 BTC-USD mark=63682.2368242 momentum=0.193% signal=FLAT action=DRY_RUN_ONLY
2026-06-21 18:23:38 BTC-USD mark=63681.6502352 momentum=0.223% signal=FLAT action=DRY_RUN_ONLY
2026-06-21 18:24:08 BTC-USD mark=63668.830698865 momentum=0.168% signal=FLAT action=DRY_RUN_ONLY
2026-06-21 18:24:38 BTC-USD mark=63668.04596705 momentum=0.161% signal=FLAT action=DRY_RUN_ONLY
2026-06-21 18:25:08 BTC-USD mark=63657.50993115 momentum=0.120% signal=FLAT action=DRY_RUN_ONLY
2026-06-21 18:25:38 BTC-USD mark=63663.865 momentum=0.095% signal=FLAT action=DRY_RUN_ONLY
2026-06-21 18:26:08 BTC-USD mark=63667.19279968 momentum=0.047% signal=FLAT action=DRY_RUN_ONLY
2026-06-21 18:26:39 BTC-USD mark=63674.83781495 momentum=0.079% signal=FLAT action=DRY_RUN_ONLY
2026-06-21 18:27:09 BTC-USD mark=63679.423003145 momentum=0.083% signal=FLAT action=DRY_RUN_ONLY
2026-06-21 18:27:39 BTC-USD mark=63705.532689085 momentum=0.072% signal=FLAT action=DRY_RUN_ONLY
2026-06-21 18:28:09 BTC-USD mark=63665.99377579 momentum=-0.026% signal=FLAT action=DRY_RUN_ONLY
2026-06-21 18:28:39 BTC-USD mark=63673.31688257 momentum=0.085% signal=FLAT action=DRY_RUN_ONLY
2026-06-21 18:29:09 BTC-USD mark=63669.9107357 momentum=0.064% signal=FLAT action=DRY_RUN_ONLY
2026-06-21 18:29:39 BTC-USD mark=63649.092004585 momentum=0.093% signal=FLAT action=DRY_RUN_ONLY
2026-06-21 18:30:09 BTC-USD mark=63597.10854211 momentum=-0.054% signal=FLAT action=DRY_RUN_ONLY
2026-06-21 18:30:39 BTC-USD mark=63527.64694975 momentum=-0.203% signal=FLAT action=DRY_RUN_ONLY
2026-06-21 18:31:09 BTC-USD mark=63542.580786605 momentum=-0.240% signal=FLAT action=DRY_RUN_ONLY
2026-06-21 18:31:39 BTC-USD mark=63552.657291275 momentum=-0.191% signal=FLAT action=DRY_RUN_ONLY
2026-06-21 18:32:09 BTC-USD mark=63628.76279077 momentum=-0.095% signal=FLAT action=DRY_RUN_ONLY
2026-06-21 18:32:39 BTC-USD mark=63630.137710185 momentum=-0.082% signal=FLAT action=DRY_RUN_ONLY
2026-06-21 18:33:09 BTC-USD mark=63591.159604725 momentum=-0.142% signal=FLAT action=DRY_RUN_ONLY
2026-06-21 18:33:39 BTC-USD mark=63576.49535575 momentum=-0.145% signal=FLAT action=DRY_RUN_ONLY
2026-06-21 18:34:10 BTC-USD mark=63558.10041378 momentum=-0.173% signal=FLAT action=DRY_RUN_ONLY
2026-06-21 18:34:40 BTC-USD mark=63525.86999381 momentum=-0.207% signal=FLAT action=DRY_RUN_ONLY
2026-06-21 18:35:10 BTC-USD mark=63536.271634815 momentum=-0.200% signal=FLAT action=DRY_RUN_ONLY
2026-06-21 18:35:40 BTC-USD mark=63547.67177087 momentum=-0.188% signal=FLAT action=DRY_RUN_ONLY
2026-06-21 18:36:10 BTC-USD mark=63548.530152075 momentum=-0.198% signal=FLAT action=DRY_RUN_ONLY
2026-06-21 18:36:40 BTC-USD mark=63555.73079597 momentum=-0.194% signal=FLAT action=DRY_RUN_ONLY
2026-06-21 18:37:10 BTC-USD mark=63564.678200665 momentum=-0.221% signal=FLAT action=DRY_RUN_ONLY
2026-06-21 18:37:40 BTC-USD mark=63555.541437835 momentum=-0.173% signal=FLAT action=DRY_RUN_ONLY
2026-06-21 18:38:10 BTC-USD mark=63560.131291065 momentum=-0.178% signal=FLAT action=DRY_RUN_ONLY
2026-06-21 18:38:40 BTC-USD mark=63559.57503958 momentum=-0.173% signal=FLAT action=DRY_RUN_ONLY
2026-06-21 18:39:10 BTC-USD mark=63563.15400175 momentum=-0.135% signal=FLAT action=DRY_RUN_ONLY
2026-06-21 18:39:40 BTC-USD mark=63545.056793285 momentum=-0.082% signal=FLAT action=DRY_RUN_ONLY
2026-06-21 18:40:10 BTC-USD mark=63537.03404156 momentum=0.015% signal=FLAT action=DRY_RUN_ONLY
2026-06-21 18:40:40 BTC-USD mark=63564.249802675 momentum=0.034% signal=FLAT action=DRY_RUN_ONLY
2026-06-21 18:41:10 BTC-USD mark=63590.955106235 momentum=0.060% signal=FLAT action=DRY_RUN_ONLY
2026-06-21 18:41:40 BTC-USD mark=63610.459953725 momentum=-0.029% signal=FLAT action=DRY_RUN_ONLY
2026-06-21 18:42:10 BTC-USD mark=63610.16610562 momentum=-0.031% signal=FLAT action=DRY_RUN_ONLY
2026-06-21 18:42:41 BTC-USD mark=63596.467528025 momentum=0.008% signal=FLAT action=DRY_RUN_ONLY
2026-06-21 18:43:11 BTC-USD mark=63615.906882605 momentum=0.062% signal=FLAT action=DRY_RUN_ONLY
2026-06-21 18:43:41 BTC-USD mark=63588.88847547 momentum=0.048% signal=FLAT action=DRY_RUN_ONLY
2026-06-21 18:44:11 BTC-USD mark=63595.61552394 momentum=0.110% signal=FLAT action=DRY_RUN_ONLY
2026-06-21 18:44:41 BTC-USD mark=63600.56330559 momentum=0.101% signal=FLAT action=DRY_RUN_ONLY
2026-06-21 18:45:11 BTC-USD mark=63614.87874653 momentum=0.106% signal=FLAT action=DRY_RUN_ONLY
2026-06-21 18:45:41 BTC-USD mark=63630.310893505 momentum=0.129% signal=FLAT action=DRY_RUN_ONLY
2026-06-21 18:46:11 BTC-USD mark=63598.330994075 momentum=0.067% signal=FLAT action=DRY_RUN_ONLY
2026-06-21 18:46:41 BTC-USD mark=63613.99592665 momentum=0.078% signal=FLAT action=DRY_RUN_ONLY
2026-06-21 18:47:11 BTC-USD mark=63617.241855905 momentum=0.097% signal=FLAT action=DRY_RUN_ONLY
2026-06-21 18:47:41 BTC-USD mark=63615.572659935 momentum=0.087% signal=FLAT action=DRY_RUN_ONLY
2026-06-21 18:48:11 BTC-USD mark=63621.560505895 momentum=0.098% signal=FLAT action=DRY_RUN_ONLY
2026-06-21 18:48:41 BTC-USD mark=63623.151805615 momentum=0.094% signal=FLAT action=DRY_RUN_ONLY
2026-06-21 18:49:11 BTC-USD mark=63617.809152595 momentum=0.114% signal=FLAT action=DRY_RUN_ONLY
2026-06-21 18:49:41 BTC-USD mark=63621.57352378 momentum=0.133% signal=FLAT action=DRY_RUN_ONLY
2026-06-21 18:50:11 BTC-USD mark=63635.074445015 momentum=0.111% signal=FLAT action=DRY_RUN_ONLY
2026-06-21 18:50:41 BTC-USD mark=63665.2810325 momentum=0.117% signal=FLAT action=DRY_RUN_ONLY
2026-06-21 18:51:11 BTC-USD mark=63663.663114125 momentum=0.084% signal=FLAT action=DRY_RUN_ONLY
2026-06-21 18:51:42 BTC-USD mark=63681.10057673 momentum=0.112% signal=FLAT action=DRY_RUN_ONLY
2026-06-21 18:52:12 BTC-USD mark=63681.180226335 momentum=0.133% signal=FLAT action=DRY_RUN_ONLY
2026-06-21 18:52:42 BTC-USD mark=63723.429762825 momentum=0.169% signal=FLAT action=DRY_RUN_ONLY
2026-06-21 18:53:12 BTC-USD mark=63704.69915721 momentum=0.182% signal=FLAT action=DRY_RUN_ONLY
2026-06-21 18:53:42 BTC-USD mark=63721.831161185 momentum=0.198% signal=FLAT action=DRY_RUN_ONLY
2026-06-21 18:54:12 BTC-USD mark=63717.56742605 momentum=0.184% signal=FLAT action=DRY_RUN_ONLY
2026-06-21 18:54:42 BTC-USD mark=63722.75214835 momentum=0.170% signal=FLAT action=DRY_RUN_ONLY
2026-06-21 18:55:12 BTC-USD mark=63780.85478661 momentum=0.237% signal=FLAT action=DRY_RUN_ONLY
2026-06-21 18:55:42 BTC-USD mark=63740.0182635 momentum=0.223% signal=FLAT action=DRY_RUN_ONLY
2026-06-21 18:56:12 BTC-USD mark=63774.8977848 momentum=0.253% signal=FLAT action=DRY_RUN_ONLY
2026-06-21 18:56:42 BTC-USD mark=63729.140419905 momentum=0.176% signal=FLAT action=DRY_RUN_ONLY
2026-06-21 18:57:12 BTC-USD mark=63737.096867735 momentum=0.191% signal=FLAT action=DRY_RUN_ONLY
2026-06-21 18:57:42 BTC-USD mark=63737.12076099 momentum=0.182% signal=FLAT action=DRY_RUN_ONLY
2026-06-21 18:58:12 BTC-USD mark=63723.14016006 momentum=0.157% signal=FLAT action=DRY_RUN_ONLY
2026-06-21 18:58:42 BTC-USD mark=63728.109877855 momentum=0.173% signal=FLAT action=DRY_RUN_ONLY
2026-06-21 18:59:12 BTC-USD mark=63736.44937791 momentum=0.181% signal=FLAT action=DRY_RUN_ONLY
2026-06-21 18:59:42 BTC-USD mark=63735.13776451 momentum=0.157% signal=FLAT action=DRY_RUN_ONLY
2026-06-21 19:00:13 BTC-USD mark=63686.93010937 momentum=0.034% signal=FLAT action=DRY_RUN_ONLY
2026-06-21 19:00:43 BTC-USD mark=63640.8372994 momentum=-0.036% signal=FLAT action=DRY_RUN_ONLY
2026-06-21 19:01:13 BTC-USD mark=63611.735999375 momentum=-0.109% signal=FLAT action=DRY_RUN_ONLY
2026-06-21 19:01:43 BTC-USD mark=63606.26039025 momentum=-0.118% signal=FLAT action=DRY_RUN_ONLY
2026-06-21 19:02:13 BTC-USD mark=63599.151944635 momentum=-0.195% signal=FLAT action=DRY_RUN_ONLY
2026-06-21 19:02:43 BTC-USD mark=63589.491389545 momentum=-0.181% signal=FLAT action=DRY_RUN_ONLY
2026-06-21 19:03:13 BTC-USD mark=63606.34427288 momentum=-0.181% signal=FLAT action=DRY_RUN_ONLY
2026-06-21 19:03:43 BTC-USD mark=63597.48087533 momentum=-0.188% signal=FLAT action=DRY_RUN_ONLY
2026-06-21 19:04:13 BTC-USD mark=63603.45386191 momentum=-0.187% signal=FLAT action=DRY_RUN_ONLY
2026-06-21 19:04:43 BTC-USD mark=63615.82345221 momentum=-0.259% signal=FLAT action=DRY_RUN_ONLY
2026-06-21 19:05:13 BTC-USD mark=63611.624521455 momentum=-0.201% signal=FLAT action=DRY_RUN_ONLY
2026-06-21 19:05:43 BTC-USD mark=63655.419682235 momentum=-0.187% signal=FLAT action=DRY_RUN_ONLY
2026-06-21 19:06:13 BTC-USD mark=63640.290215505 momentum=-0.139% signal=FLAT action=DRY_RUN_ONLY
2026-06-21 19:06:43 BTC-USD mark=63637.47140656 momentum=-0.156% signal=FLAT action=DRY_RUN_ONLY
2026-06-21 19:07:13 BTC-USD mark=63633.289371355 momentum=-0.163% signal=FLAT action=DRY_RUN_ONLY
2026-06-21 19:07:43 BTC-USD mark=63633.666461205 momentum=-0.140% signal=FLAT action=DRY_RUN_ONLY
2026-06-21 19:08:13 BTC-USD mark=63652.48667377 momentum=-0.119% signal=FLAT action=DRY_RUN_ONLY
2026-06-21 19:08:43 BTC-USD mark=63666.42221882 momentum=-0.110% signal=FLAT action=DRY_RUN_ONLY
2026-06-21 19:09:13 BTC-USD mark=63665.933383955 momentum=-0.109% signal=FLAT action=DRY_RUN_ONLY
2026-06-21 19:09:44 BTC-USD mark=63694.61348305 momentum=0.012% signal=FLAT action=DRY_RUN_ONLY
2026-06-21 19:10:14 BTC-USD mark=63658.798641425 momentum=0.028% signal=FLAT action=DRY_RUN_ONLY
2026-06-21 19:10:44 BTC-USD mark=63635.18795805 momentum=0.037% signal=FLAT action=DRY_RUN_ONLY
2026-06-21 19:11:14 BTC-USD mark=63649.123230295 momentum=0.067% signal=FLAT action=DRY_RUN_ONLY
2026-06-21 19:11:44 BTC-USD mark=63649.067107725 momentum=0.078% signal=FLAT action=DRY_RUN_ONLY
2026-06-21 19:12:14 BTC-USD mark=63648.66411704 momentum=0.093% signal=FLAT action=DRY_RUN_ONLY
2026-06-21 19:12:44 BTC-USD mark=63678.91445377 momentum=0.114% signal=FLAT action=DRY_RUN_ONLY
2026-06-21 19:13:14 BTC-USD mark=63692.312784165 momentum=0.149% signal=FLAT action=DRY_RUN_ONLY
2026-06-21 19:13:44 BTC-USD mark=63671.900610255 momentum=0.108% signal=FLAT action=DRY_RUN_ONLY
2026-06-21 19:14:14 BTC-USD mark=63626.776397665 momentum=0.017% signal=FLAT action=DRY_RUN_ONLY
2026-06-21 19:14:44 BTC-USD mark=63641.74824499 momentum=0.047% signal=FLAT action=DRY_RUN_ONLY
2026-06-21 19:15:14 BTC-USD mark=63670.17054672 momentum=0.023% signal=FLAT action=DRY_RUN_ONLY
2026-06-21 19:15:44 BTC-USD mark=63615.33317294 momentum=-0.039% signal=FLAT action=DRY_RUN_ONLY
2026-06-21 19:16:14 BTC-USD mark=63632.788939035 momentum=-0.007% signal=FLAT action=DRY_RUN_ONLY
2026-06-21 19:16:44 BTC-USD mark=63633.888641785 momentum=0.001% signal=FLAT action=DRY_RUN_ONLY
2026-06-21 19:17:14 BTC-USD mark=63641.610884385 momentum=0.012% signal=FLAT action=DRY_RUN_ONLY
2026-06-21 19:17:44 BTC-USD mark=63660.48758655 momentum=0.013% signal=FLAT action=DRY_RUN_ONLY
2026-06-21 19:18:14 BTC-USD mark=63660.94645201 momentum=-0.009% signal=FLAT action=DRY_RUN_ONLY
2026-06-21 19:18:44 BTC-USD mark=63653.722175815 momentum=-0.019% signal=FLAT action=DRY_RUN_ONLY
2026-06-21 19:19:14 BTC-USD mark=63642.013903185 momentum=-0.083% signal=FLAT action=DRY_RUN_ONLY
2026-06-21 19:19:44 BTC-USD mark=63662.318227685 momentum=0.006% signal=FLAT action=DRY_RUN_ONLY
2026-06-21 19:20:15 BTC-USD mark=63660.943027055 momentum=0.040% signal=FLAT action=DRY_RUN_ONLY
2026-06-21 19:20:45 BTC-USD mark=63707.584571585 momentum=0.092% signal=FLAT action=DRY_RUN_ONLY
2026-06-21 19:21:15 BTC-USD mark=63696.36791267 momentum=0.074% signal=FLAT action=DRY_RUN_ONLY
2026-06-21 19:21:45 BTC-USD mark=63671.037661245 momentum=0.035% signal=FLAT action=DRY_RUN_ONLY
2026-06-21 19:22:15 BTC-USD mark=63653.591892585 momentum=-0.040% signal=FLAT action=DRY_RUN_ONLY
2026-06-21 19:22:45 BTC-USD mark=63657.729515715 momentum=-0.054% signal=FLAT action=DRY_RUN_ONLY
2026-06-21 19:23:15 BTC-USD mark=63684.13353685 momentum=0.019% signal=FLAT action=DRY_RUN_ONLY
2026-06-21 19:23:45 BTC-USD mark=63720.23033175 momentum=0.147% signal=FLAT action=DRY_RUN_ONLY
2026-06-21 19:24:15 BTC-USD mark=63716.77264643 momentum=0.118% signal=FLAT action=DRY_RUN_ONLY
2026-06-21 19:24:45 BTC-USD mark=63715.954166535 momentum=0.072% signal=FLAT action=DRY_RUN_ONLY
2026-06-21 19:25:15 BTC-USD mark=63717.343786065 momentum=0.160% signal=FLAT action=DRY_RUN_ONLY
2026-06-21 19:25:45 BTC-USD mark=63695.837219665 momentum=0.099% signal=FLAT action=DRY_RUN_ONLY
2026-06-21 19:26:15 BTC-USD mark=63685.986664125 momentum=0.082% signal=FLAT action=DRY_RUN_ONLY
2026-06-21 19:26:45 BTC-USD mark=63676.1901509 momentum=0.054% signal=FLAT action=DRY_RUN_ONLY
2026-06-21 19:27:15 BTC-USD mark=63665.60855591 momentum=0.008% signal=FLAT action=DRY_RUN_ONLY
2026-06-21 19:27:45 BTC-USD mark=63665.4133008 momentum=0.007% signal=FLAT action=DRY_RUN_ONLY
2026-06-21 19:28:15 BTC-USD mark=63628.404239415 momentum=-0.040% signal=FLAT action=DRY_RUN_ONLY
2026-06-21 19:28:45 BTC-USD mark=63587.22 momentum=-0.086% signal=FLAT action=DRY_RUN_ONLY
2026-06-21 19:29:15 BTC-USD mark=63578.957741435 momentum=-0.131% signal=FLAT action=DRY_RUN_ONLY
2026-06-21 19:29:45 BTC-USD mark=63562.130619555 momentum=-0.155% signal=FLAT action=DRY_RUN_ONLY
2026-06-21 19:30:16 BTC-USD mark=63573.76203129 momentum=-0.210% signal=FLAT action=DRY_RUN_ONLY
2026-06-21 19:30:46 BTC-USD mark=63551.95948521 momentum=-0.227% signal=FLAT action=DRY_RUN_ONLY
2026-06-21 19:31:16 BTC-USD mark=63429.08465079 momentum=-0.380% signal=MOMENTUM_DOWN action=DRY_RUN_ONLY
2026-06-21 19:31:46 BTC-USD mark=63398.7 momentum=-0.400% signal=MOMENTUM_DOWN action=DRY_RUN_ONLY
2026-06-21 19:32:16 BTC-USD mark=63367.296608315 momentum=-0.456% signal=MOMENTUM_DOWN action=DRY_RUN_ONLY
2026-06-21 19:32:46 BTC-USD mark=63374.08321314 momentum=-0.487% signal=MOMENTUM_DOWN action=DRY_RUN_ONLY
2026-06-21 19:33:16 BTC-USD mark=63325.290165905 momentum=-0.620% signal=MOMENTUM_DOWN action=DRY_RUN_ONLY
2026-06-21 19:33:46 BTC-USD mark=63365.32282142 momentum=-0.552% signal=MOMENTUM_DOWN action=DRY_RUN_ONLY
2026-06-21 19:34:16 BTC-USD mark=63318.151501575 momentum=-0.624% signal=MOMENTUM_DOWN action=DRY_RUN_ONLY
2026-06-21 19:34:46 BTC-USD mark=63324.692432385 momentum=-0.616% signal=MOMENTUM_DOWN action=DRY_RUN_ONLY
2026-06-21 19:35:16 BTC-USD mark=63328.773007215 momentum=-0.576% signal=MOMENTUM_DOWN action=DRY_RUN_ONLY
2026-06-21 19:35:46 BTC-USD mark=63294.86702471 momentum=-0.614% signal=MOMENTUM_DOWN action=DRY_RUN_ONLY
2026-06-21 19:36:16 BTC-USD mark=63333.545949765 momentum=-0.538% signal=MOMENTUM_DOWN action=DRY_RUN_ONLY
2026-06-21 19:36:46 BTC-USD mark=63273.6368903 momentum=-0.616% signal=MOMENTUM_DOWN action=DRY_RUN_ONLY
2026-06-21 19:37:16 BTC-USD mark=63233.124485935 momentum=-0.679% signal=MOMENTUM_DOWN action=DRY_RUN_ONLY
2026-06-21 19:37:47 BTC-USD mark=63283.07675168 momentum=-0.543% signal=MOMENTUM_DOWN action=DRY_RUN_ONLY
2026-06-21 19:38:17 BTC-USD mark=63335.558579135 momentum=-0.396% signal=MOMENTUM_DOWN action=DRY_RUN_ONLY
2026-06-21 19:38:47 BTC-USD mark=63329.656953355 momentum=-0.392% signal=MOMENTUM_DOWN action=DRY_RUN_ONLY
2026-06-21 19:39:17 BTC-USD mark=63318.00559979 momentum=-0.384% signal=MOMENTUM_DOWN action=DRY_RUN_ONLY
2026-06-21 19:39:47 BTC-USD mark=63319.43467609 momentum=-0.400% signal=MOMENTUM_DOWN action=DRY_RUN_ONLY
2026-06-21 19:40:17 BTC-USD mark=63297.13130567 momentum=-0.401% signal=MOMENTUM_DOWN action=DRY_RUN_ONLY
2026-06-21 19:40:47 BTC-USD mark=63332.42016885 momentum=-0.152% signal=FLAT action=DRY_RUN_ONLY
2026-06-21 19:41:17 BTC-USD mark=63316.24565344 momentum=-0.130% signal=FLAT action=DRY_RUN_ONLY
2026-06-21 19:41:47 BTC-USD mark=63293.365771045 momentum=-0.117% signal=FLAT action=DRY_RUN_ONLY
2026-06-21 19:42:17 BTC-USD mark=63300.711156915 momentum=-0.116% signal=FLAT action=DRY_RUN_ONLY
2026-06-21 19:42:47 BTC-USD mark=63318.23000428 momentum=-0.011% signal=FLAT action=DRY_RUN_ONLY
2026-06-21 19:43:17 BTC-USD mark=63308.384343075 momentum=-0.090% signal=FLAT action=DRY_RUN_ONLY
2026-06-21 19:43:47 BTC-USD mark=63297.5364332 momentum=-0.033% signal=FLAT action=DRY_RUN_ONLY
2026-06-21 19:44:17 BTC-USD mark=63235.565161835 momentum=-0.141% signal=FLAT action=DRY_RUN_ONLY
2026-06-21 19:44:47 BTC-USD mark=63242.65331713 momentum=-0.136% signal=FLAT action=DRY_RUN_ONLY
2026-06-21 19:45:17 BTC-USD mark=63246.22694851 momentum=-0.077% signal=FLAT action=DRY_RUN_ONLY
2026-06-21 19:45:47 BTC-USD mark=63242.591783925 momentum=-0.144% signal=FLAT action=DRY_RUN_ONLY
2026-06-21 19:46:17 BTC-USD mark=63252.81791637 momentum=-0.033% signal=FLAT action=DRY_RUN_ONLY
2026-06-21 19:46:47 BTC-USD mark=63232.79857113 momentum=-0.001% signal=FLAT action=DRY_RUN_ONLY
2026-06-21 19:47:17 BTC-USD mark=63246.50410521 momentum=-0.058% signal=FLAT action=DRY_RUN_ONLY
2026-06-21 19:47:47 BTC-USD mark=63275.91842155 momentum=-0.094% signal=FLAT action=DRY_RUN_ONLY
2026-06-21 19:48:17 BTC-USD mark=63281.05759643 momentum=-0.077% signal=FLAT action=DRY_RUN_ONLY
2026-06-21 19:48:48 BTC-USD mark=63266.270880985 momentum=-0.082% signal=FLAT action=DRY_RUN_ONLY
2026-06-21 19:49:18 BTC-USD mark=63288.998650535 momentum=-0.048% signal=FLAT action=DRY_RUN_ONLY
2026-06-21 19:49:48 BTC-USD mark=63270.894938915 momentum=-0.041% signal=FLAT action=DRY_RUN_ONLY
2026-06-21 19:50:18 BTC-USD mark=63312.236756325 momentum=-0.032% signal=FLAT action=DRY_RUN_ONLY
2026-06-21 19:50:48 BTC-USD mark=63304.351477915 momentum=-0.019% signal=FLAT action=DRY_RUN_ONLY
2026-06-21 19:51:18 BTC-USD mark=63290.287661205 momentum=-0.005% signal=FLAT action=DRY_RUN_ONLY
2026-06-21 19:51:48 BTC-USD mark=63286.70049248 momentum=-0.022% signal=FLAT action=DRY_RUN_ONLY
2026-06-21 19:52:18 BTC-USD mark=63284.42569478 momentum=-0.053% signal=FLAT action=DRY_RUN_ONLY
2026-06-21 19:52:48 BTC-USD mark=63265.87113868 momentum=-0.067% signal=FLAT action=DRY_RUN_ONLY
2026-06-21 19:53:18 BTC-USD mark=63267.925419015 momentum=-0.047% signal=FLAT action=DRY_RUN_ONLY
2026-06-21 19:53:48 BTC-USD mark=63280.448927015 momentum=0.071% signal=FLAT action=DRY_RUN_ONLY
2026-06-21 19:54:18 BTC-USD mark=63239.411983715 momentum=-0.005% signal=FLAT action=DRY_RUN_ONLY
2026-06-21 19:54:48 BTC-USD mark=63226.77131039 momentum=-0.031% signal=FLAT action=DRY_RUN_ONLY
2026-06-21 19:55:18 BTC-USD mark=63225.16785349 momentum=-0.028% signal=FLAT action=DRY_RUN_ONLY
2026-06-21 19:55:48 BTC-USD mark=63238.33930275 momentum=-0.023% signal=FLAT action=DRY_RUN_ONLY
2026-06-21 19:56:18 BTC-USD mark=63257.406625265 momentum=0.039% signal=FLAT action=DRY_RUN_ONLY
2026-06-21 19:56:48 BTC-USD mark=63263.01473777 momentum=0.026% signal=FLAT action=DRY_RUN_ONLY
2026-06-21 19:57:19 BTC-USD mark=63252.97823048 momentum=-0.036% signal=FLAT action=DRY_RUN_ONLY
2026-06-21 19:57:49 BTC-USD mark=63235.10752571 momentum=-0.073% signal=FLAT action=DRY_RUN_ONLY
2026-06-21 19:58:19 BTC-USD mark=63227.53486514 momentum=-0.061% signal=FLAT action=DRY_RUN_ONLY
2026-06-21 19:58:49 BTC-USD mark=63247.048216165 momentum=-0.066% signal=FLAT action=DRY_RUN_ONLY
2026-06-21 19:59:19 BTC-USD mark=63236.335253855 momentum=-0.055% signal=FLAT action=DRY_RUN_ONLY
2026-06-21 19:59:49 BTC-USD mark=63232.391264175 momentum=-0.126% signal=FLAT action=DRY_RUN_ONLY
2026-06-21 20:00:19 BTC-USD mark=63289.0109041 momentum=-0.024% signal=FLAT action=DRY_RUN_ONLY
2026-06-21 20:00:49 BTC-USD mark=63293.864205495 momentum=0.006% signal=FLAT action=DRY_RUN_ONLY
2026-06-21 20:01:19 BTC-USD mark=63304.98136363 momentum=0.029% signal=FLAT action=DRY_RUN_ONLY
2026-06-21 20:01:49 BTC-USD mark=63330.990520635 momentum=0.074% signal=FLAT action=DRY_RUN_ONLY
2026-06-21 20:02:19 BTC-USD mark=63319.152864395 momentum=0.084% signal=FLAT action=DRY_RUN_ONLY
2026-06-21 20:02:49 BTC-USD mark=63321.20000088 momentum=0.084% signal=FLAT action=DRY_RUN_ONLY
2026-06-21 20:03:19 BTC-USD mark=63320.51492132 momentum=0.063% signal=FLAT action=DRY_RUN_ONLY
2026-06-21 20:03:49 BTC-USD mark=63334.725997685 momentum=0.151% signal=FLAT action=DRY_RUN_ONLY
2026-06-21 20:04:19 BTC-USD mark=63329.96533232 momentum=0.163% signal=FLAT action=DRY_RUN_ONLY
2026-06-21 20:04:49 BTC-USD mark=63365.54821741 momentum=0.222% signal=FLAT action=DRY_RUN_ONLY
2026-06-21 20:05:19 BTC-USD mark=63377.715979775 momentum=0.220% signal=FLAT action=DRY_RUN_ONLY
2026-06-21 20:05:50 BTC-USD mark=63409.240481455 momentum=0.240% signal=FLAT action=DRY_RUN_ONLY
2026-06-21 20:06:20 BTC-USD mark=63411.940526205 momentum=0.235% signal=FLAT action=DRY_RUN_ONLY
2026-06-21 20:06:50 BTC-USD mark=63446.17573321 momentum=0.305% signal=FLAT action=DRY_RUN_ONLY
2026-06-21 20:07:20 BTC-USD mark=63447.48334982 momentum=0.336% signal=FLAT action=DRY_RUN_ONLY
2026-06-21 20:07:50 BTC-USD mark=63405.61588203 momentum=0.282% signal=FLAT action=DRY_RUN_ONLY
2026-06-21 20:08:20 BTC-USD mark=63450.819012765 momentum=0.322% signal=FLAT action=DRY_RUN_ONLY
2026-06-21 20:08:50 BTC-USD mark=63441.905937845 momentum=0.325% signal=FLAT action=DRY_RUN_ONLY
2026-06-21 20:09:20 BTC-USD mark=63454.18399094 momentum=0.351% signal=MOMENTUM_UP action=DRY_RUN_ONLY
2026-06-21 20:09:50 BTC-USD mark=63490.64132348 momentum=0.319% signal=FLAT action=DRY_RUN_ONLY
2026-06-21 20:10:20 BTC-USD mark=63461.490865985 momentum=0.265% signal=FLAT action=DRY_RUN_ONLY
2026-06-21 20:10:50 BTC-USD mark=63449.01781255 momentum=0.228% signal=FLAT action=DRY_RUN_ONLY
2026-06-21 20:11:20 BTC-USD mark=63423.89149174 momentum=0.147% signal=FLAT action=DRY_RUN_ONLY
2026-06-21 20:11:50 BTC-USD mark=63386.24054503 momentum=0.106% signal=FLAT action=DRY_RUN_ONLY
2026-06-21 20:12:20 BTC-USD mark=63386.78331315 momentum=0.104% signal=FLAT action=DRY_RUN_ONLY
2026-06-21 20:12:50 BTC-USD mark=63385.568453885 momentum=0.103% signal=FLAT action=DRY_RUN_ONLY
2026-06-21 20:13:20 BTC-USD mark=63396.09540762 momentum=0.097% signal=FLAT action=DRY_RUN_ONLY
2026-06-21 20:13:51 BTC-USD mark=63414.37722003 momentum=0.133% signal=FLAT action=DRY_RUN_ONLY
2026-06-21 20:14:21 BTC-USD mark=63432.69610276 momentum=0.106% signal=FLAT action=DRY_RUN_ONLY
2026-06-21 20:14:51 BTC-USD mark=63435.80206941 momentum=0.092% signal=FLAT action=DRY_RUN_ONLY
2026-06-21 20:15:21 BTC-USD mark=63461.146562175 momentum=0.082% signal=FLAT action=DRY_RUN_ONLY
2026-06-21 20:15:51 BTC-USD mark=63452.01972709 momentum=0.063% signal=FLAT action=DRY_RUN_ONLY
2026-06-21 20:16:21 BTC-USD mark=63481.97796245 momentum=0.056% signal=FLAT action=DRY_RUN_ONLY
2026-06-21 20:16:51 BTC-USD mark=63504.454517365 momentum=0.090% signal=FLAT action=DRY_RUN_ONLY
2026-06-21 20:17:21 BTC-USD mark=63517.24630822 momentum=0.176% signal=FLAT action=DRY_RUN_ONLY
2026-06-21 20:17:51 BTC-USD mark=63514.920676675 momentum=0.101% signal=FLAT action=DRY_RUN_ONLY
2026-06-21 20:18:21 BTC-USD mark=63558.291702255 momentum=0.183% signal=FLAT action=DRY_RUN_ONLY
2026-06-21 20:18:51 BTC-USD mark=63679.47866923 momentum=0.355% signal=MOMENTUM_UP action=DRY_RUN_ONLY
2026-06-21 20:19:21 BTC-USD mark=63577.196288585 momentum=0.136% signal=FLAT action=DRY_RUN_ONLY
2026-06-21 20:19:51 BTC-USD mark=63569.23274489 momentum=0.170% signal=FLAT action=DRY_RUN_ONLY
2026-06-21 20:20:21 BTC-USD mark=63568.98333823 momentum=0.189% signal=FLAT action=DRY_RUN_ONLY
2026-06-21 20:20:51 BTC-USD mark=63601.50846843 momentum=0.280% signal=FLAT action=DRY_RUN_ONLY
2026-06-21 20:21:21 BTC-USD mark=63574.46165158 momentum=0.297% signal=FLAT action=DRY_RUN_ONLY
2026-06-21 20:21:51 BTC-USD mark=63539.18241121 momentum=0.240% signal=FLAT action=DRY_RUN_ONLY
2026-06-21 20:22:22 BTC-USD mark=63515.404251965 momentum=0.205% signal=FLAT action=DRY_RUN_ONLY
2026-06-21 20:22:52 BTC-USD mark=63482.09076703 momentum=0.136% signal=FLAT action=DRY_RUN_ONLY
2026-06-21 20:23:22 BTC-USD mark=63494.033246105 momentum=0.126% signal=FLAT action=DRY_RUN_ONLY
2026-06-21 20:23:52 BTC-USD mark=63505.985531305 momentum=0.116% signal=FLAT action=DRY_RUN_ONLY
2026-06-21 20:24:22 BTC-USD mark=63553.101720905 momentum=0.185% signal=FLAT action=DRY_RUN_ONLY
2026-06-21 20:24:52 BTC-USD mark=63582.957008425 momentum=0.192% signal=FLAT action=DRY_RUN_ONLY
2026-06-21 20:25:22 BTC-USD mark=63571.041091515 momentum=0.188% signal=FLAT action=DRY_RUN_ONLY
2026-06-21 20:25:52 BTC-USD mark=63567.5267857 momentum=0.135% signal=FLAT action=DRY_RUN_ONLY
2026-06-21 20:26:22 BTC-USD mark=63588.903819655 momentum=0.133% signal=FLAT action=DRY_RUN_ONLY
2026-06-21 20:26:52 BTC-USD mark=63636.23926984 momentum=0.187% signal=FLAT action=DRY_RUN_ONLY
2026-06-21 20:27:22 BTC-USD mark=63641.045077525 momentum=0.199% signal=FLAT action=DRY_RUN_ONLY
2026-06-21 20:27:52 BTC-USD mark=63628.85281605 momentum=0.111% signal=FLAT action=DRY_RUN_ONLY
2026-06-21 20:28:22 BTC-USD mark=63637.87763687 momentum=-0.065% signal=FLAT action=DRY_RUN_ONLY
2026-06-21 20:28:52 BTC-USD mark=63620.48002812 momentum=0.068% signal=FLAT action=DRY_RUN_ONLY
2026-06-21 20:29:22 BTC-USD mark=63628.276025415 momentum=0.093% signal=FLAT action=DRY_RUN_ONLY
2026-06-21 20:29:52 BTC-USD mark=63657.099812205 momentum=0.139% signal=FLAT action=DRY_RUN_ONLY
2026-06-21 20:30:22 BTC-USD mark=63645.873658435 momentum=0.070% signal=FLAT action=DRY_RUN_ONLY
2026-06-21 20:30:52 BTC-USD mark=63652.40532206 momentum=0.123% signal=FLAT action=DRY_RUN_ONLY
2026-06-21 20:31:23 BTC-USD mark=63726.112311285 momentum=0.294% signal=FLAT action=DRY_RUN_ONLY
2026-06-21 20:31:53 BTC-USD mark=63736.697264465 momentum=0.348% signal=FLAT action=DRY_RUN_ONLY
2026-06-21 20:32:23 BTC-USD mark=63705.11992918 momentum=0.351% signal=MOMENTUM_UP action=DRY_RUN_ONLY
2026-06-21 20:32:53 BTC-USD mark=63728.24142715 momentum=0.369% signal=MOMENTUM_UP action=DRY_RUN_ONLY
2026-06-21 20:33:23 BTC-USD mark=63717.935065035 momentum=0.334% signal=FLAT action=DRY_RUN_ONLY
2026-06-21 20:33:53 BTC-USD mark=63706.89280955 momentum=0.242% signal=FLAT action=DRY_RUN_ONLY
2026-06-21 20:34:23 BTC-USD mark=63697.824349035 momentum=0.181% signal=FLAT action=DRY_RUN_ONLY
2026-06-21 20:34:53 BTC-USD mark=63668.971825865 momentum=0.154% signal=FLAT action=DRY_RUN_ONLY
2026-06-21 20:35:23 BTC-USD mark=63670.44072318 momentum=0.162% signal=FLAT action=DRY_RUN_ONLY
2026-06-21 20:35:53 BTC-USD mark=63695.33250142 momentum=0.167% signal=FLAT action=DRY_RUN_ONLY
2026-06-21 20:36:23 BTC-USD mark=63724.92992731 momentum=0.139% signal=FLAT action=DRY_RUN_ONLY
2026-06-21 20:36:53 BTC-USD mark=63774.16297639 momentum=0.209% signal=FLAT action=DRY_RUN_ONLY
2026-06-21 20:37:23 BTC-USD mark=63789.32036413 momentum=0.252% signal=FLAT action=DRY_RUN_ONLY
2026-06-21 20:37:53 BTC-USD mark=64009.08976229 momentum=0.583% signal=MOMENTUM_UP action=DRY_RUN_ONLY
2026-06-21 20:38:23 BTC-USD mark=63999.003878325 momentum=0.595% signal=MOMENTUM_UP action=DRY_RUN_ONLY
2026-06-21 20:38:53 BTC-USD mark=63909.507308085 momentum=0.442% signal=MOMENTUM_UP action=DRY_RUN_ONLY
2026-06-21 20:39:24 BTC-USD mark=63892.24589061 momentum=0.369% signal=MOMENTUM_UP action=DRY_RUN_ONLY
2026-06-21 20:39:54 BTC-USD mark=63904.801995 momentum=0.407% signal=MOMENTUM_UP action=DRY_RUN_ONLY
2026-06-21 20:40:24 BTC-USD mark=63923.2043933 momentum=0.425% signal=MOMENTUM_UP action=DRY_RUN_ONLY
2026-06-21 20:40:54 BTC-USD mark=63929.381638115 momentum=0.319% signal=FLAT action=DRY_RUN_ONLY
2026-06-21 20:41:24 BTC-USD mark=63911.362854055 momentum=0.274% signal=FLAT action=DRY_RUN_ONLY
2026-06-21 20:41:54 BTC-USD mark=63911.0052415 momentum=0.323% signal=FLAT action=DRY_RUN_ONLY
2026-06-21 20:42:24 BTC-USD mark=63887.54226259 momentum=0.250% signal=FLAT action=DRY_RUN_ONLY
2026-06-21 20:42:54 BTC-USD mark=63858.5398043 momentum=0.221% signal=FLAT action=DRY_RUN_ONLY
2026-06-21 20:43:24 BTC-USD mark=63865.867768975 momentum=0.250% signal=FLAT action=DRY_RUN_ONLY
2026-06-21 20:43:54 BTC-USD mark=63849.62368809 momentum=0.238% signal=FLAT action=DRY_RUN_ONLY
2026-06-21 20:44:24 BTC-USD mark=63835.684215025 momentum=0.262% signal=FLAT action=DRY_RUN_ONLY
2026-06-21 20:44:54 BTC-USD mark=63827.775955165 momentum=0.247% signal=FLAT action=DRY_RUN_ONLY
2026-06-21 20:45:24 BTC-USD mark=63858.72 momentum=0.257% signal=FLAT action=DRY_RUN_ONLY
2026-06-21 20:45:54 BTC-USD mark=63811.220150625 momentum=0.135% signal=FLAT action=DRY_RUN_ONLY
2026-06-21 20:46:25 BTC-USD mark=63796.957548575 momentum=0.036% signal=FLAT action=DRY_RUN_ONLY
2026-06-21 20:46:55 BTC-USD mark=63913.114066765 momentum=0.194% signal=FLAT action=DRY_RUN_ONLY
2026-06-21 20:47:25 BTC-USD mark=63887.824676645 momentum=-0.189% signal=FLAT action=DRY_RUN_ONLY
2026-06-21 20:47:55 BTC-USD mark=63870.980062775 momentum=-0.200% signal=FLAT action=DRY_RUN_ONLY
2026-06-21 20:48:25 BTC-USD mark=63862.50601507 momentum=-0.074% signal=FLAT action=DRY_RUN_ONLY
2026-06-21 20:48:55 BTC-USD mark=63790.309970855 momentum=-0.160% signal=FLAT action=DRY_RUN_ONLY
2026-06-21 20:49:25 BTC-USD mark=63784.77166813 momentum=-0.188% signal=FLAT action=DRY_RUN_ONLY
2026-06-21 20:49:55 BTC-USD mark=63776.910042775 momentum=-0.229% signal=FLAT action=DRY_RUN_ONLY
2026-06-21 20:50:25 BTC-USD mark=63660.00500179 momentum=-0.421% signal=MOMENTUM_DOWN action=DRY_RUN_ONLY
2026-06-21 20:50:55 BTC-USD mark=63678.120996975 momentum=-0.365% signal=MOMENTUM_DOWN action=DRY_RUN_ONLY
2026-06-21 20:51:25 BTC-USD mark=63661.834670395 momentum=-0.390% signal=MOMENTUM_DOWN action=DRY_RUN_ONLY
2026-06-21 20:51:55 BTC-USD mark=63667.090053875 momentum=-0.345% signal=FLAT action=DRY_RUN_ONLY
2026-06-21 20:52:25 BTC-USD mark=63677.787562705 momentum=-0.283% signal=FLAT action=DRY_RUN_ONLY
2026-06-21 20:52:55 BTC-USD mark=63688.916657 momentum=-0.277% signal=FLAT action=DRY_RUN_ONLY
2026-06-21 20:53:26 BTC-USD mark=63717.94 momentum=-0.206% signal=FLAT action=DRY_RUN_ONLY
2026-06-21 20:53:56 BTC-USD mark=63722.61550804 momentum=-0.177% signal=FLAT action=DRY_RUN_ONLY
2026-06-21 20:54:26 BTC-USD mark=63709.233813405 momentum=-0.186% signal=FLAT action=DRY_RUN_ONLY
2026-06-21 20:54:56 BTC-USD mark=63716.9732301 momentum=-0.222% signal=FLAT action=DRY_RUN_ONLY
2026-06-21 20:55:26 BTC-USD mark=63752.29781204 momentum=-0.092% signal=FLAT action=DRY_RUN_ONLY
2026-06-21 20:55:56 BTC-USD mark=63749.600086 momentum=-0.074% signal=FLAT action=DRY_RUN_ONLY
2026-06-21 20:56:26 BTC-USD mark=63755.12 momentum=-0.247% signal=FLAT action=DRY_RUN_ONLY
2026-06-21 20:56:56 BTC-USD mark=63773.09 momentum=-0.180% signal=FLAT action=DRY_RUN_ONLY
2026-06-21 20:57:26 BTC-USD mark=63780.572852355 momentum=-0.142% signal=FLAT action=DRY_RUN_ONLY
2026-06-21 20:57:56 BTC-USD mark=63803.55953823 momentum=-0.092% signal=FLAT action=DRY_RUN_ONLY
2026-06-21 20:58:26 BTC-USD mark=63801.92658734 momentum=0.018% signal=FLAT action=DRY_RUN_ONLY
2026-06-21 20:58:56 BTC-USD mark=63767.299911675 momentum=-0.027% signal=FLAT action=DRY_RUN_ONLY
2026-06-21 20:59:26 BTC-USD mark=63830.25603302 momentum=0.084% signal=FLAT action=DRY_RUN_ONLY
2026-06-21 20:59:56 BTC-USD mark=63839.305 momentum=0.282% signal=FLAT action=DRY_RUN_ONLY
2026-06-21 21:00:26 BTC-USD mark=63823.806132265 momentum=0.229% signal=FLAT action=DRY_RUN_ONLY
2026-06-21 21:00:56 BTC-USD mark=63846.37280667 momentum=0.290% signal=FLAT action=DRY_RUN_ONLY
2026-06-21 21:01:27 BTC-USD mark=63854.28654125 momentum=0.294% signal=FLAT action=DRY_RUN_ONLY
2026-06-21 21:01:57 BTC-USD mark=63856.655611565 momentum=0.281% signal=FLAT action=DRY_RUN_ONLY
2026-06-21 21:02:27 BTC-USD mark=63897.465704955 momentum=0.327% signal=FLAT action=DRY_RUN_ONLY
2026-06-21 21:02:57 BTC-USD mark=63926.207408175 momentum=0.327% signal=FLAT action=DRY_RUN_ONLY
2026-06-21 21:03:27 BTC-USD mark=63944.05 momentum=0.347% signal=FLAT action=DRY_RUN_ONLY
2026-06-21 21:03:57 BTC-USD mark=63874.23945058 momentum=0.259% signal=FLAT action=DRY_RUN_ONLY
2026-06-21 21:04:27 BTC-USD mark=63868.3715391 momentum=0.238% signal=FLAT action=DRY_RUN_ONLY
2026-06-21 21:04:57 BTC-USD mark=63897.745 momentum=0.228% signal=FLAT action=DRY_RUN_ONLY
2026-06-21 21:05:27 BTC-USD mark=63834.382336355 momentum=0.133% signal=FLAT action=DRY_RUN_ONLY
2026-06-21 21:05:57 BTC-USD mark=63853.49815355 momentum=0.154% signal=FLAT action=DRY_RUN_ONLY
2026-06-21 21:06:27 BTC-USD mark=63852.523640855 momentum=0.125% signal=FLAT action=DRY_RUN_ONLY
2026-06-21 21:06:57 BTC-USD mark=63879.968147085 momentum=0.156% signal=FLAT action=DRY_RUN_ONLY
2026-06-21 21:07:27 BTC-USD mark=63926.2728028 momentum=0.192% signal=FLAT action=DRY_RUN_ONLY
2026-06-21 21:07:57 BTC-USD mark=63901.593344495 momentum=0.156% signal=FLAT action=DRY_RUN_ONLY
2026-06-21 21:08:27 BTC-USD mark=63861.95077672 momentum=0.148% signal=FLAT action=DRY_RUN_ONLY
2026-06-21 21:08:58 BTC-USD mark=63863.066073615 momentum=0.051% signal=FLAT action=DRY_RUN_ONLY
2026-06-21 21:09:28 BTC-USD mark=63860.132499825 momentum=0.033% signal=FLAT action=DRY_RUN_ONLY
2026-06-21 21:09:58 BTC-USD mark=63800.113117475 momentum=-0.037% signal=FLAT action=DRY_RUN_ONLY
2026-06-21 21:10:28 BTC-USD mark=63822.55756248 momentum=-0.037% signal=FLAT action=DRY_RUN_ONLY
2026-06-21 21:10:58 BTC-USD mark=63840.67099179 momentum=-0.021% signal=FLAT action=DRY_RUN_ONLY
2026-06-21 21:11:28 BTC-USD mark=63852.778814055 momentum=-0.006% signal=FLAT action=DRY_RUN_ONLY
2026-06-21 21:11:58 BTC-USD mark=63823.071553805 momentum=-0.116% signal=FLAT action=DRY_RUN_ONLY
2026-06-21 21:12:28 BTC-USD mark=63802.13017751 momentum=-0.194% signal=FLAT action=DRY_RUN_ONLY
2026-06-21 21:12:58 BTC-USD mark=63823.86285927 momentum=-0.188% signal=FLAT action=DRY_RUN_ONLY
2026-06-21 21:13:28 BTC-USD mark=63813.034539075 momentum=-0.096% signal=FLAT action=DRY_RUN_ONLY
2026-06-21 21:13:58 BTC-USD mark=63774.665670675 momentum=-0.147% signal=FLAT action=DRY_RUN_ONLY
2026-06-21 21:14:28 BTC-USD mark=63802.680878305 momentum=-0.149% signal=FLAT action=DRY_RUN_ONLY
2026-06-21 21:14:59 BTC-USD mark=63827.675 momentum=-0.011% signal=FLAT action=DRY_RUN_ONLY
2026-06-21 21:15:29 BTC-USD mark=63852.578900085 momentum=-0.001% signal=FLAT action=DRY_RUN_ONLY
2026-06-21 21:15:59 BTC-USD mark=63879.0323113 momentum=0.042% signal=FLAT action=DRY_RUN_ONLY
2026-06-21 21:16:29 BTC-USD mark=63887.716213955 momentum=0.012% signal=FLAT action=DRY_RUN_ONLY
2026-06-21 21:16:59 BTC-USD mark=63932.52939047 momentum=0.010% signal=FLAT action=DRY_RUN_ONLY
2026-06-21 21:17:29 BTC-USD mark=63941.327278 momentum=0.062% signal=FLAT action=DRY_RUN_ONLY
2026-06-21 21:17:59 BTC-USD mark=63996.41070833 momentum=0.211% signal=FLAT action=DRY_RUN_ONLY
2026-06-21 21:18:29 BTC-USD mark=64063.247225975 momentum=0.313% signal=FLAT action=DRY_RUN_ONLY
2026-06-21 21:18:59 BTC-USD mark=64055.624457275 momentum=0.306% signal=FLAT action=DRY_RUN_ONLY
2026-06-21 21:19:29 BTC-USD mark=64025.08865186 momentum=0.353% signal=MOMENTUM_UP action=DRY_RUN_ONLY
2026-06-21 21:19:59 BTC-USD mark=64015.869532205 momentum=0.303% signal=FLAT action=DRY_RUN_ONLY
2026-06-21 21:20:29 BTC-USD mark=64017.886923015 momentum=0.278% signal=FLAT action=DRY_RUN_ONLY
2026-06-21 21:20:59 BTC-USD mark=64003.10752537 momentum=0.235% signal=FLAT action=DRY_RUN_ONLY
2026-06-21 21:21:29 BTC-USD mark=64022.03665994 momentum=0.312% signal=FLAT action=DRY_RUN_ONLY
2026-06-21 21:21:59 BTC-USD mark=64035.281768715 momentum=0.365% signal=MOMENTUM_UP action=DRY_RUN_ONLY
2026-06-21 21:22:29 BTC-USD mark=64092.58766455 momentum=0.421% signal=MOMENTUM_UP action=DRY_RUN_ONLY
2026-06-21 21:23:00 BTC-USD mark=64118.27051762 momentum=0.478% signal=MOMENTUM_UP action=DRY_RUN_ONLY
2026-06-21 21:23:30 BTC-USD mark=64151.43161841 momentum=0.591% signal=MOMENTUM_UP action=DRY_RUN_ONLY
2026-06-21 21:24:00 BTC-USD mark=64316.72229485 momentum=0.806% signal=MOMENTUM_UP action=DRY_RUN_ONLY
2026-06-21 21:24:30 BTC-USD mark=64252.25739901 momentum=0.665% signal=MOMENTUM_UP action=DRY_RUN_ONLY
2026-06-21 21:25:00 BTC-USD mark=64312.07016645 momentum=0.720% signal=MOMENTUM_UP action=DRY_RUN_ONLY
2026-06-21 21:25:30 BTC-USD mark=64348.965131 momentum=0.736% signal=MOMENTUM_UP action=DRY_RUN_ONLY
2026-06-21 21:26:00 BTC-USD mark=64423.68101792 momentum=0.839% signal=MOMENTUM_UP action=DRY_RUN_ONLY
2026-06-21 21:26:30 BTC-USD mark=64665.75831205 momentum=1.147% signal=MOMENTUM_UP action=DRY_RUN_ONLY
2026-06-21 21:27:00 BTC-USD mark=64658.85 momentum=1.122% signal=MOMENTUM_UP action=DRY_RUN_ONLY
2026-06-21 21:27:30 BTC-USD mark=64629.271829945 momentum=0.989% signal=MOMENTUM_UP action=DRY_RUN_ONLY
2026-06-21 21:28:00 BTC-USD mark=64575.885208305 momentum=0.800% signal=MOMENTUM_UP action=DRY_RUN_ONLY
2026-06-21 21:28:30 BTC-USD mark=64553.096605355 momentum=0.777% signal=MOMENTUM_UP action=DRY_RUN_ONLY
2026-06-21 21:29:00 BTC-USD mark=64516.977907005 momentum=0.768% signal=MOMENTUM_UP action=DRY_RUN_ONLY
2026-06-21 21:29:31 BTC-USD mark=64530.53729632 momentum=0.804% signal=MOMENTUM_UP action=DRY_RUN_ONLY
2026-06-21 21:30:01 BTC-USD mark=64621.893512665 momentum=0.943% signal=MOMENTUM_UP action=DRY_RUN_ONLY
2026-06-21 21:30:31 BTC-USD mark=64607.207425315 momentum=0.944% signal=MOMENTUM_UP action=DRY_RUN_ONLY
2026-06-21 21:31:01 BTC-USD mark=64589.372692945 momentum=0.886% signal=MOMENTUM_UP action=DRY_RUN_ONLY
2026-06-21 21:31:31 BTC-USD mark=64582.492979405 momentum=0.855% signal=MOMENTUM_UP action=DRY_RUN_ONLY
2026-06-21 21:32:01 BTC-USD mark=64524.53095297 momentum=0.674% signal=MOMENTUM_UP action=DRY_RUN_ONLY
2026-06-21 21:32:31 BTC-USD mark=64531.499330155 momentum=0.644% signal=MOMENTUM_UP action=DRY_RUN_ONLY
2026-06-21 21:33:01 BTC-USD mark=64493.55832252 momentum=0.533% signal=MOMENTUM_UP action=DRY_RUN_ONLY
2026-06-21 21:33:31 BTC-USD mark=64479.56 momentum=0.253% signal=FLAT action=DRY_RUN_ONLY
2026-06-21 21:34:01 BTC-USD mark=64459.764129325 momentum=0.323% signal=FLAT action=DRY_RUN_ONLY
2026-06-21 21:34:31 BTC-USD mark=64396.002550285 momentum=0.131% signal=FLAT action=DRY_RUN_ONLY
2026-06-21 21:35:01 BTC-USD mark=64429.23 momentum=0.125% signal=FLAT action=DRY_RUN_ONLY
2026-06-21 21:35:31 BTC-USD mark=64389.04655888 momentum=-0.054% signal=FLAT action=DRY_RUN_ONLY
2026-06-21 21:36:01 BTC-USD mark=64364.655 momentum=-0.466% signal=MOMENTUM_DOWN action=DRY_RUN_ONLY
2026-06-21 21:36:31 BTC-USD mark=64333.948928745 momentum=-0.502% signal=MOMENTUM_DOWN action=DRY_RUN_ONLY
2026-06-21 21:37:01 BTC-USD mark=64345.50631913 momentum=-0.439% signal=MOMENTUM_DOWN action=DRY_RUN_ONLY
2026-06-21 21:37:32 BTC-USD mark=64374.190576435 momentum=-0.312% signal=FLAT action=DRY_RUN_ONLY
2026-06-21 21:38:02 BTC-USD mark=64401.019278855 momentum=-0.236% signal=FLAT action=DRY_RUN_ONLY
2026-06-21 21:38:32 BTC-USD mark=64406.93337404 momentum=-0.171% signal=FLAT action=DRY_RUN_ONLY
2026-06-21 21:39:02 BTC-USD mark=64411.210231505 momentum=-0.185% signal=FLAT action=DRY_RUN_ONLY
2026-06-21 21:39:32 BTC-USD mark=64432.92613594 momentum=-0.292% signal=FLAT action=DRY_RUN_ONLY
2026-06-21 21:40:02 BTC-USD mark=64439.213740125 momentum=-0.260% signal=FLAT action=DRY_RUN_ONLY
2026-06-21 21:40:32 BTC-USD mark=64490.53108989 momentum=-0.153% signal=FLAT action=DRY_RUN_ONLY
2026-06-21 21:41:02 BTC-USD mark=64509.848661125 momentum=-0.112% signal=FLAT action=DRY_RUN_ONLY
2026-06-21 21:41:32 BTC-USD mark=64531.974108015 momentum=0.012% signal=FLAT action=DRY_RUN_ONLY
2026-06-21 21:42:02 BTC-USD mark=64519.097088305 momentum=-0.019% signal=FLAT action=DRY_RUN_ONLY
2026-06-21 21:42:32 BTC-USD mark=64494.598640795 momentum=0.002% signal=FLAT action=DRY_RUN_ONLY
2026-06-21 21:43:02 BTC-USD mark=64426.971017095 momentum=-0.082% signal=FLAT action=DRY_RUN_ONLY
2026-06-21 21:43:32 BTC-USD mark=64411.237175615 momentum=-0.075% signal=FLAT action=DRY_RUN_ONLY
2026-06-21 21:44:02 BTC-USD mark=64407.672243895 momentum=0.018% signal=FLAT action=DRY_RUN_ONLY
2026-06-21 21:44:32 BTC-USD mark=64458.51946768 momentum=0.045% signal=FLAT action=DRY_RUN_ONLY
2026-06-21 21:45:02 BTC-USD mark=64480.16530852 momentum=0.142% signal=FLAT action=DRY_RUN_ONLY
2026-06-21 21:45:32 BTC-USD mark=64445.86544053 momentum=0.126% signal=FLAT action=DRY_RUN_ONLY
2026-06-21 21:46:02 BTC-USD mark=64449.869465815 momentum=0.180% signal=FLAT action=DRY_RUN_ONLY
2026-06-21 21:46:32 BTC-USD mark=64442.155 momentum=0.150% signal=FLAT action=DRY_RUN_ONLY
2026-06-21 21:47:02 BTC-USD mark=64433.55802265 momentum=0.092% signal=FLAT action=DRY_RUN_ONLY
2026-06-21 21:47:33 BTC-USD mark=64410.91534261 momentum=0.015% signal=FLAT action=DRY_RUN_ONLY
2026-06-21 21:48:03 BTC-USD mark=64450.875 momentum=0.068% signal=FLAT action=DRY_RUN_ONLY
2026-06-21 21:48:33 BTC-USD mark=64469.512785525 momentum=0.091% signal=FLAT action=DRY_RUN_ONLY
2026-06-21 21:49:03 BTC-USD mark=64478.288473035 momentum=0.070% signal=FLAT action=DRY_RUN_ONLY
2026-06-21 21:49:33 BTC-USD mark=64492.886745805 momentum=0.083% signal=FLAT action=DRY_RUN_ONLY
2026-06-21 21:50:03 BTC-USD mark=64546.86426899 momentum=0.087% signal=FLAT action=DRY_RUN_ONLY
2026-06-21 21:50:33 BTC-USD mark=64521.996837155 momentum=0.019% signal=FLAT action=DRY_RUN_ONLY
2026-06-21 21:51:03 BTC-USD mark=64509.555115395 momentum=-0.035% signal=FLAT action=DRY_RUN_ONLY
2026-06-21 21:51:33 BTC-USD mark=64554.27916649 momentum=0.055% signal=FLAT action=DRY_RUN_ONLY
2026-06-21 21:52:03 BTC-USD mark=64551.625377475 momentum=0.088% signal=FLAT action=DRY_RUN_ONLY
2026-06-21 21:52:33 BTC-USD mark=64510.254073825 momentum=0.129% signal=FLAT action=DRY_RUN_ONLY
2026-06-21 21:53:03 BTC-USD mark=64505.04138364 momentum=0.146% signal=FLAT action=DRY_RUN_ONLY
2026-06-21 21:53:33 BTC-USD mark=64489.486751725 momentum=0.127% signal=FLAT action=DRY_RUN_ONLY
2026-06-21 21:54:03 BTC-USD mark=64570.14260708 momentum=0.173% signal=FLAT action=DRY_RUN_ONLY
2026-06-21 21:54:33 BTC-USD mark=64572.742155065 momentum=0.144% signal=FLAT action=DRY_RUN_ONLY
2026-06-21 21:55:03 BTC-USD mark=64597.046915675 momentum=0.235% signal=FLAT action=DRY_RUN_ONLY
2026-06-21 21:55:33 BTC-USD mark=64580.221715555 momentum=0.202% signal=FLAT action=DRY_RUN_ONLY
2026-06-21 21:56:03 BTC-USD mark=64612.282562385 momentum=0.264% signal=FLAT action=DRY_RUN_ONLY
2026-06-21 21:56:34 BTC-USD mark=64568.59165245 momentum=0.210% signal=FLAT action=DRY_RUN_ONLY
2026-06-21 21:57:04 BTC-USD mark=64557.8627554 momentum=0.228% signal=FLAT action=DRY_RUN_ONLY
2026-06-21 21:57:34 BTC-USD mark=64521.005 momentum=0.109% signal=FLAT action=DRY_RUN_ONLY
2026-06-21 21:58:04 BTC-USD mark=64512.709429545 momentum=0.067% signal=FLAT action=DRY_RUN_ONLY
2026-06-21 21:58:34 BTC-USD mark=64492.2488836 momentum=0.022% signal=FLAT action=DRY_RUN_ONLY
2026-06-21 21:59:04 BTC-USD mark=64483.149127915 momentum=-0.015% signal=FLAT action=DRY_RUN_ONLY
2026-06-21 21:59:34 BTC-USD mark=64566.35816684 momentum=0.030% signal=FLAT action=DRY_RUN_ONLY
2026-06-21 22:00:04 BTC-USD mark=64572.213606025 momentum=0.078% signal=FLAT action=DRY_RUN_ONLY
2026-06-21 22:00:34 BTC-USD mark=64566.41860345 momentum=0.088% signal=FLAT action=DRY_RUN_ONLY
2026-06-21 22:01:04 BTC-USD mark=64511.58 momentum=-0.066% signal=FLAT action=DRY_RUN_ONLY
2026-06-21 22:01:34 BTC-USD mark=64510.442994205 momentum=-0.064% signal=FLAT action=DRY_RUN_ONLY
2026-06-21 22:02:04 BTC-USD mark=64468.368482135 momentum=-0.065% signal=FLAT action=DRY_RUN_ONLY
2026-06-21 22:02:34 BTC-USD mark=64446.82993804 momentum=-0.090% signal=FLAT action=DRY_RUN_ONLY
2026-06-21 22:03:04 BTC-USD mark=64498.793044785 momentum=0.014% signal=FLAT action=DRY_RUN_ONLY
2026-06-21 22:03:34 BTC-USD mark=64506.54612767 momentum=-0.098% signal=FLAT action=DRY_RUN_ONLY
2026-06-21 22:04:04 BTC-USD mark=64495.67594107 momentum=-0.119% signal=FLAT action=DRY_RUN_ONLY
2026-06-21 22:04:34 BTC-USD mark=64509.245 momentum=-0.136% signal=FLAT action=DRY_RUN_ONLY
2026-06-21 22:05:05 BTC-USD mark=64486.24502781 momentum=-0.146% signal=FLAT action=DRY_RUN_ONLY
2026-06-21 22:05:35 BTC-USD mark=64504.77454607 momentum=-0.166% signal=FLAT action=DRY_RUN_ONLY
2026-06-21 22:06:05 BTC-USD mark=64491.38183814 momentum=-0.120% signal=FLAT action=DRY_RUN_ONLY
2026-06-21 22:06:35 BTC-USD mark=64455.548043935 momentum=-0.158% signal=FLAT action=DRY_RUN_ONLY
2026-06-21 22:07:05 BTC-USD mark=64488.31429639 momentum=-0.051% signal=FLAT action=DRY_RUN_ONLY
2026-06-21 22:07:37 BTC-USD mark=64460.48243241 momentum=-0.081% signal=FLAT action=DRY_RUN_ONLY
2026-06-21 22:08:07 BTC-USD mark=64478.555 momentum=-0.021% signal=FLAT action=DRY_RUN_ONLY
2026-06-21 22:08:37 BTC-USD mark=64467.565448335 momentum=-0.024% signal=FLAT action=DRY_RUN_ONLY
2026-06-21 22:09:07 BTC-USD mark=64454.90015336 momentum=-0.173% signal=FLAT action=DRY_RUN_ONLY
2026-06-21 22:09:37 BTC-USD mark=64462.38338068 momentum=-0.170% signal=FLAT action=DRY_RUN_ONLY
2026-06-21 22:10:07 BTC-USD mark=64428.89738423 momentum=-0.213% signal=FLAT action=DRY_RUN_ONLY
2026-06-21 22:10:37 BTC-USD mark=64479.72894233 momentum=-0.049% signal=FLAT action=DRY_RUN_ONLY
2026-06-21 22:11:07 BTC-USD mark=64462.0425477 momentum=-0.075% signal=FLAT action=DRY_RUN_ONLY
2026-06-21 22:11:37 BTC-USD mark=64465.77806203 momentum=-0.004% signal=FLAT action=DRY_RUN_ONLY
2026-06-21 22:12:07 BTC-USD mark=64497.18670986 momentum=0.078% signal=FLAT action=DRY_RUN_ONLY
2026-06-21 22:12:37 BTC-USD mark=64463.97948609 momentum=-0.054% signal=FLAT action=DRY_RUN_ONLY
2026-06-21 22:13:07 BTC-USD mark=64478.455 momentum=-0.044% signal=FLAT action=DRY_RUN_ONLY
2026-06-21 22:13:37 BTC-USD mark=64472.330861465 momentum=-0.036% signal=FLAT action=DRY_RUN_ONLY
2026-06-21 22:14:07 BTC-USD mark=64464.302526305 momentum=-0.070% signal=FLAT action=DRY_RUN_ONLY
2026-06-21 22:14:37 BTC-USD mark=64498.103465135 momentum=0.018% signal=FLAT action=DRY_RUN_ONLY
2026-06-21 22:15:08 BTC-USD mark=64449.21329409 momentum=-0.086% signal=FLAT action=DRY_RUN_ONLY
2026-06-21 22:15:38 BTC-USD mark=64435.6118213 momentum=-0.086% signal=FLAT action=DRY_RUN_ONLY
2026-06-21 22:16:08 BTC-USD mark=64470.79301676 momentum=0.024% signal=FLAT action=DRY_RUN_ONLY
2026-06-21 22:16:38 BTC-USD mark=64508.259626375 momentum=0.031% signal=FLAT action=DRY_RUN_ONLY
2026-06-21 22:17:08 BTC-USD mark=64505.12906887 momentum=0.069% signal=FLAT action=DRY_RUN_ONLY
2026-06-21 22:17:38 BTC-USD mark=64523.840288855 momentum=0.070% signal=FLAT action=DRY_RUN_ONLY
2026-06-21 22:18:08 BTC-USD mark=64530.163192 momentum=0.097% signal=FLAT action=DRY_RUN_ONLY
2026-06-21 22:18:38 BTC-USD mark=64536.80056888 momentum=0.127% signal=FLAT action=DRY_RUN_ONLY
2026-06-21 22:19:08 BTC-USD mark=64538.9354657 momentum=0.119% signal=FLAT action=DRY_RUN_ONLY
2026-06-21 22:19:38 BTC-USD mark=64552.54708091 momentum=0.192% signal=FLAT action=DRY_RUN_ONLY
2026-06-21 22:20:08 BTC-USD mark=64522.89 momentum=0.067% signal=FLAT action=DRY_RUN_ONLY
2026-06-21 22:20:38 BTC-USD mark=64499.4 momentum=0.058% signal=FLAT action=DRY_RUN_ONLY
2026-06-21 22:21:08 BTC-USD mark=64473.146325425 momentum=0.011% signal=FLAT action=DRY_RUN_ONLY
2026-06-21 22:21:38 BTC-USD mark=64441.68099785 momentum=-0.086% signal=FLAT action=DRY_RUN_ONLY
2026-06-21 22:22:08 BTC-USD mark=64460.90391525 momentum=-0.005% signal=FLAT action=DRY_RUN_ONLY
2026-06-21 22:22:38 BTC-USD mark=64458.768292075 momentum=-0.031% signal=FLAT action=DRY_RUN_ONLY
2026-06-21 22:23:08 BTC-USD mark=64452.18589606 momentum=-0.031% signal=FLAT action=DRY_RUN_ONLY
2026-06-21 22:23:39 BTC-USD mark=64448.226272155 momentum=-0.025% signal=FLAT action=DRY_RUN_ONLY
2026-06-21 22:24:09 BTC-USD mark=64472.11786415 momentum=-0.040% signal=FLAT action=DRY_RUN_ONLY
2026-06-21 22:24:39 BTC-USD mark=64471.835 momentum=0.035% signal=FLAT action=DRY_RUN_ONLY
2026-06-21 22:25:09 BTC-USD mark=64476.47552783 momentum=0.063% signal=FLAT action=DRY_RUN_ONLY
2026-06-21 22:25:39 BTC-USD mark=64455.379473795 momentum=-0.024% signal=FLAT action=DRY_RUN_ONLY
2026-06-21 22:26:09 BTC-USD mark=64494.584353025 momentum=-0.021% signal=FLAT action=DRY_RUN_ONLY
2026-06-21 22:26:39 BTC-USD mark=64465.11212197 momentum=-0.062% signal=FLAT action=DRY_RUN_ONLY
2026-06-21 22:27:09 BTC-USD mark=64432.26899564 momentum=-0.142% signal=FLAT action=DRY_RUN_ONLY
2026-06-21 22:27:39 BTC-USD mark=64465.042062315 momentum=-0.101% signal=FLAT action=DRY_RUN_ONLY
2026-06-21 22:28:09 BTC-USD mark=64495.825 momentum=-0.063% signal=FLAT action=DRY_RUN_ONLY
2026-06-21 22:28:39 BTC-USD mark=64494.68224455 momentum=-0.069% signal=FLAT action=DRY_RUN_ONLY
2026-06-21 22:29:09 BTC-USD mark=64494.27384862 momentum=-0.090% signal=FLAT action=DRY_RUN_ONLY
2026-06-21 22:29:39 BTC-USD mark=64469.274650685 momentum=-0.083% signal=FLAT action=DRY_RUN_ONLY
2026-06-21 22:30:09 BTC-USD mark=64472.125 momentum=-0.042% signal=FLAT action=DRY_RUN_ONLY
2026-06-21 22:30:39 BTC-USD mark=64453.27349701 momentum=-0.031% signal=FLAT action=DRY_RUN_ONLY
2026-06-21 22:31:09 BTC-USD mark=64469.472061315 momentum=0.043% signal=FLAT action=DRY_RUN_ONLY
2026-06-21 22:31:39 BTC-USD mark=64480.97356447 momentum=0.031% signal=FLAT action=DRY_RUN_ONLY
2026-06-21 22:32:10 BTC-USD mark=64474.195 momentum=0.024% signal=FLAT action=DRY_RUN_ONLY
2026-06-21 22:32:40 BTC-USD mark=64453.912036685 momentum=0.003% signal=FLAT action=DRY_RUN_ONLY
2026-06-21 22:33:10 BTC-USD mark=64477.58249866 momentum=0.046% signal=FLAT action=DRY_RUN_ONLY
2026-06-21 22:33:40 BTC-USD mark=64482.491835235 momentum=0.016% signal=FLAT action=DRY_RUN_ONLY
2026-06-21 22:34:10 BTC-USD mark=64445.23 momentum=-0.041% signal=FLAT action=DRY_RUN_ONLY
2026-06-21 22:34:40 BTC-USD mark=64423.08487518 momentum=-0.083% signal=FLAT action=DRY_RUN_ONLY
2026-06-21 22:35:10 BTC-USD mark=64427.10923427 momentum=-0.044% signal=FLAT action=DRY_RUN_ONLY
2026-06-21 22:35:40 BTC-USD mark=64396.67041957 momentum=-0.152% signal=FLAT action=DRY_RUN_ONLY
2026-06-21 22:36:10 BTC-USD mark=64416.97252301 momentum=-0.075% signal=FLAT action=DRY_RUN_ONLY
2026-06-21 22:36:40 BTC-USD mark=64458.85005294 momentum=0.041% signal=FLAT action=DRY_RUN_ONLY
2026-06-21 22:37:10 BTC-USD mark=64469.181718745 momentum=0.006% signal=FLAT action=DRY_RUN_ONLY
2026-06-21 22:37:40 BTC-USD mark=64453.08823476 momentum=-0.066% signal=FLAT action=DRY_RUN_ONLY
2026-06-21 22:38:10 BTC-USD mark=64453.50796932 momentum=-0.064% signal=FLAT action=DRY_RUN_ONLY
2026-06-21 22:38:41 BTC-USD mark=64460.350021895 momentum=-0.053% signal=FLAT action=DRY_RUN_ONLY
2026-06-21 22:39:11 BTC-USD mark=64443.273233365 momentum=-0.040% signal=FLAT action=DRY_RUN_ONLY
2026-06-21 22:39:41 BTC-USD mark=64463.93386855 momentum=-0.013% signal=FLAT action=DRY_RUN_ONLY
2026-06-21 22:40:11 BTC-USD mark=64490.273802225 momentum=0.057% signal=FLAT action=DRY_RUN_ONLY
2026-06-21 22:40:41 BTC-USD mark=64507.680056065 momentum=0.059% signal=FLAT action=DRY_RUN_ONLY
2026-06-21 22:41:11 BTC-USD mark=64475.37228602 momentum=-0.009% signal=FLAT action=DRY_RUN_ONLY
2026-06-21 22:41:41 BTC-USD mark=64470.734971055 momentum=-0.005% signal=FLAT action=DRY_RUN_ONLY
2026-06-21 22:42:11 BTC-USD mark=64476.36465534 momentum=0.035% signal=FLAT action=DRY_RUN_ONLY
2026-06-21 22:42:41 BTC-USD mark=64452.531596415 momentum=-0.039% signal=FLAT action=DRY_RUN_ONLY
2026-06-21 22:43:11 BTC-USD mark=64430.6968823 momentum=-0.080% signal=FLAT action=DRY_RUN_ONLY
2026-06-21 22:43:41 BTC-USD mark=64452.31542734 momentum=0.011% signal=FLAT action=DRY_RUN_ONLY
2026-06-21 22:44:11 BTC-USD mark=64426.74148248 momentum=0.006% signal=FLAT action=DRY_RUN_ONLY
2026-06-21 22:44:41 BTC-USD mark=64419.8022998 momentum=-0.011% signal=FLAT action=DRY_RUN_ONLY
2026-06-21 22:45:11 BTC-USD mark=64409.043740305 momentum=0.019% signal=FLAT action=DRY_RUN_ONLY
2026-06-21 22:45:41 BTC-USD mark=64366.13575769 momentum=-0.079% signal=FLAT action=DRY_RUN_ONLY
2026-06-21 22:46:11 BTC-USD mark=64397.46632713 momentum=-0.095% signal=FLAT action=DRY_RUN_ONLY
2026-06-21 22:46:41 BTC-USD mark=64396.1670001 momentum=-0.113% signal=FLAT action=DRY_RUN_ONLY
2026-06-21 22:47:11 BTC-USD mark=64368.478202135 momentum=-0.131% signal=FLAT action=DRY_RUN_ONLY
2026-06-21 22:47:41 BTC-USD mark=64365.11190137 momentum=-0.137% signal=FLAT action=DRY_RUN_ONLY
2026-06-21 22:48:11 BTC-USD mark=64370.42652812 momentum=-0.140% signal=FLAT action=DRY_RUN_ONLY
2026-06-21 22:48:42 BTC-USD mark=64356.06027119 momentum=-0.135% signal=FLAT action=DRY_RUN_ONLY
2026-06-21 22:49:12 BTC-USD mark=64330.69516861 momentum=-0.207% signal=FLAT action=DRY_RUN_ONLY
2026-06-21 22:49:42 BTC-USD mark=64333.88 momentum=-0.243% signal=FLAT action=DRY_RUN_ONLY
2026-06-21 22:50:12 BTC-USD mark=64309.10178669 momentum=-0.308% signal=FLAT action=DRY_RUN_ONLY
2026-06-21 22:50:42 BTC-USD mark=64242.007260695 momentum=-0.362% signal=MOMENTUM_DOWN action=DRY_RUN_ONLY
2026-06-21 22:51:12 BTC-USD mark=64243.31438805 momentum=-0.353% signal=MOMENTUM_DOWN action=DRY_RUN_ONLY
2026-06-21 22:51:42 BTC-USD mark=64251.663000585 momentum=-0.349% signal=FLAT action=DRY_RUN_ONLY
2026-06-21 22:52:12 BTC-USD mark=64219.055 momentum=-0.362% signal=MOMENTUM_DOWN action=DRY_RUN_ONLY
2026-06-21 22:52:42 BTC-USD mark=64224.685 momentum=-0.320% signal=FLAT action=DRY_RUN_ONLY
2026-06-21 22:53:12 BTC-USD mark=64218.79115871 momentum=-0.362% signal=MOMENTUM_DOWN action=DRY_RUN_ONLY
2026-06-21 22:53:42 BTC-USD mark=64196.621402135 momentum=-0.357% signal=MOMENTUM_DOWN action=DRY_RUN_ONLY
2026-06-21 22:54:12 BTC-USD mark=64199.50000686 momentum=-0.342% signal=FLAT action=DRY_RUN_ONLY
2026-06-21 22:54:42 BTC-USD mark=64209.343687725 momentum=-0.310% signal=FLAT action=DRY_RUN_ONLY
2026-06-21 22:55:12 BTC-USD mark=64237.235899145 momentum=-0.200% signal=FLAT action=DRY_RUN_ONLY
2026-06-21 22:55:42 BTC-USD mark=64233.550693085 momentum=-0.255% signal=FLAT action=DRY_RUN_ONLY
2026-06-21 22:56:12 BTC-USD mark=64225.0256476 momentum=-0.266% signal=FLAT action=DRY_RUN_ONLY
2026-06-21 22:56:42 BTC-USD mark=64213.48316745 momentum=-0.241% signal=FLAT action=DRY_RUN_ONLY
2026-06-21 22:57:12 BTC-USD mark=64215.89325972 momentum=-0.232% signal=FLAT action=DRY_RUN_ONLY
2026-06-21 22:57:42 BTC-USD mark=64192.41710281 momentum=-0.277% signal=FLAT action=DRY_RUN_ONLY
2026-06-21 22:58:12 BTC-USD mark=64187.79277281 momentum=-0.261% signal=FLAT action=DRY_RUN_ONLY
2026-06-21 22:58:42 BTC-USD mark=64180.61 momentum=-0.233% signal=FLAT action=DRY_RUN_ONLY
2026-06-21 22:59:12 BTC-USD mark=64194.09316429 momentum=-0.217% signal=FLAT action=DRY_RUN_ONLY
2026-06-21 22:59:43 BTC-USD mark=64184.033089455 momentum=-0.194% signal=FLAT action=DRY_RUN_ONLY
2026-06-21 23:00:13 BTC-USD mark=64162.3839682 momentum=-0.124% signal=FLAT action=DRY_RUN_ONLY
2026-06-21 23:00:43 BTC-USD mark=64121.605492125 momentum=-0.189% signal=FLAT action=DRY_RUN_ONLY
2026-06-21 23:01:13 BTC-USD mark=63973.3321642 momentum=-0.433% signal=MOMENTUM_DOWN action=DRY_RUN_ONLY
2026-06-21 23:01:43 BTC-USD mark=63909.4419561 momentum=-0.482% signal=MOMENTUM_DOWN action=DRY_RUN_ONLY
2026-06-21 23:02:13 BTC-USD mark=63963.02614734 momentum=-0.407% signal=MOMENTUM_DOWN action=DRY_RUN_ONLY
2026-06-21 23:02:43 BTC-USD mark=64025.709281895 momentum=-0.301% signal=FLAT action=DRY_RUN_ONLY
2026-06-21 23:03:13 BTC-USD mark=64057.400541015 momentum=-0.217% signal=FLAT action=DRY_RUN_ONLY
2026-06-21 23:03:43 BTC-USD mark=64021.747686325 momentum=-0.277% signal=FLAT action=DRY_RUN_ONLY
2026-06-21 23:04:13 BTC-USD mark=64053.07983297 momentum=-0.243% signal=FLAT action=DRY_RUN_ONLY
2026-06-21 23:04:43 BTC-USD mark=64073.402914875 momentum=-0.255% signal=FLAT action=DRY_RUN_ONLY
2026-06-21 23:05:13 BTC-USD mark=64062.52195558 momentum=-0.266% signal=FLAT action=DRY_RUN_ONLY
2026-06-21 23:05:43 BTC-USD mark=64049.56557106 momentum=-0.273% signal=FLAT action=DRY_RUN_ONLY
2026-06-21 23:06:13 BTC-USD mark=64039.39837251 momentum=-0.271% signal=FLAT action=DRY_RUN_ONLY
2026-06-21 23:06:43 BTC-USD mark=64007.10053673 momentum=-0.325% signal=FLAT action=DRY_RUN_ONLY
2026-06-21 23:07:13 BTC-USD mark=63980.794262485 momentum=-0.330% signal=FLAT action=DRY_RUN_ONLY
2026-06-21 23:07:43 BTC-USD mark=63972.139755415 momentum=-0.336% signal=FLAT action=DRY_RUN_ONLY
2026-06-21 23:08:13 BTC-USD mark=63952.093921725 momentum=-0.356% signal=MOMENTUM_DOWN action=DRY_RUN_ONLY
2026-06-21 23:08:43 BTC-USD mark=63948.73613209 momentum=-0.382% signal=MOMENTUM_DOWN action=DRY_RUN_ONLY
2026-06-21 23:09:13 BTC-USD mark=63979.69376256 momentum=-0.318% signal=FLAT action=DRY_RUN_ONLY
2026-06-21 23:09:44 BTC-USD mark=64003.28044689 momentum=-0.248% signal=FLAT action=DRY_RUN_ONLY
2026-06-21 23:10:14 BTC-USD mark=63943.997538175 momentum=-0.277% signal=FLAT action=DRY_RUN_ONLY
2026-06-21 23:10:44 BTC-USD mark=63984.81706649 momentum=0.018% signal=FLAT action=DRY_RUN_ONLY
2026-06-21 23:11:14 BTC-USD mark=63994.61183023 momentum=0.133% signal=FLAT action=DRY_RUN_ONLY
2026-06-21 23:11:44 BTC-USD mark=63990.92947636 momentum=0.044% signal=FLAT action=DRY_RUN_ONLY
2026-06-21 23:12:14 BTC-USD mark=64023.164459245 momentum=-0.004% signal=FLAT action=DRY_RUN_ONLY
2026-06-21 23:12:44 BTC-USD mark=64025.352684485 momentum=-0.050% signal=FLAT action=DRY_RUN_ONLY
2026-06-21 23:13:14 BTC-USD mark=64032.049653055 momentum=0.016% signal=FLAT action=DRY_RUN_ONLY
2026-06-21 23:13:44 BTC-USD mark=64058.45205198 momentum=0.008% signal=FLAT action=DRY_RUN_ONLY
2026-06-21 23:14:14 BTC-USD mark=64041.07633173 momentum=-0.050% signal=FLAT action=DRY_RUN_ONLY
2026-06-21 23:14:44 BTC-USD mark=63981.170654325 momentum=-0.127% signal=FLAT action=DRY_RUN_ONLY
2026-06-21 23:15:14 BTC-USD mark=64038.34245805 momentum=-0.018% signal=FLAT action=DRY_RUN_ONLY
2026-06-21 23:15:44 BTC-USD mark=64052.674716635 momentum=0.021% signal=FLAT action=DRY_RUN_ONLY
2026-06-21 23:16:14 BTC-USD mark=64072.05 momentum=0.101% signal=FLAT action=DRY_RUN_ONLY
2026-06-21 23:16:44 BTC-USD mark=64145.470858435 momentum=0.257% signal=FLAT action=DRY_RUN_ONLY
2026-06-21 23:17:14 BTC-USD mark=64132.650137145 momentum=0.251% signal=FLAT action=DRY_RUN_ONLY
2026-06-21 23:17:44 BTC-USD mark=64156.70928292 momentum=0.320% signal=FLAT action=DRY_RUN_ONLY
2026-06-21 23:18:14 BTC-USD mark=64151.20766256 momentum=0.317% signal=FLAT action=DRY_RUN_ONLY
2026-06-21 23:18:44 BTC-USD mark=64218.16493957 momentum=0.373% signal=MOMENTUM_UP action=DRY_RUN_ONLY
2026-06-21 23:19:14 BTC-USD mark=64244.32529693 momentum=0.377% signal=MOMENTUM_UP action=DRY_RUN_ONLY
2026-06-21 23:19:45 BTC-USD mark=64243.19642749 momentum=0.468% signal=MOMENTUM_UP action=DRY_RUN_ONLY
2026-06-21 23:20:15 BTC-USD mark=64248.39413 momentum=0.412% signal=MOMENTUM_UP action=DRY_RUN_ONLY
2026-06-21 23:20:45 BTC-USD mark=64216.842471095 momentum=0.347% signal=FLAT action=DRY_RUN_ONLY
2026-06-21 23:21:15 BTC-USD mark=64198.270695385 momentum=0.324% signal=FLAT action=DRY_RUN_ONLY
2026-06-21 23:21:45 BTC-USD mark=64195.897695475 momentum=0.270% signal=FLAT action=DRY_RUN_ONLY
2026-06-21 23:22:15 BTC-USD mark=64170.472355865 momentum=0.227% signal=FLAT action=DRY_RUN_ONLY
2026-06-21 23:22:45 BTC-USD mark=64183.608511405 momentum=0.237% signal=FLAT action=DRY_RUN_ONLY
2026-06-21 23:23:15 BTC-USD mark=64190.42148824 momentum=0.206% signal=FLAT action=DRY_RUN_ONLY
2026-06-21 23:23:45 BTC-USD mark=64251.355018225 momentum=0.328% signal=FLAT action=DRY_RUN_ONLY
2026-06-21 23:24:15 BTC-USD mark=64254.135 momentum=0.427% signal=MOMENTUM_UP action=DRY_RUN_ONLY
2026-06-21 23:24:45 BTC-USD mark=64265.986589515 momentum=0.355% signal=MOMENTUM_UP action=DRY_RUN_ONLY
2026-06-21 23:25:15 BTC-USD mark=64350.434285975 momentum=0.465% signal=MOMENTUM_UP action=DRY_RUN_ONLY
2026-06-21 23:25:45 BTC-USD mark=64359.600433195 momentum=0.449% signal=MOMENTUM_UP action=DRY_RUN_ONLY
2026-06-21 23:26:15 BTC-USD mark=64306.720612705 momentum=0.251% signal=FLAT action=DRY_RUN_ONLY
2026-06-21 23:26:45 BTC-USD mark=64241.05642496 momentum=0.169% signal=FLAT action=DRY_RUN_ONLY
2026-06-21 23:27:15 BTC-USD mark=64228.117529185 momentum=0.111% signal=FLAT action=DRY_RUN_ONLY
2026-06-21 23:27:45 BTC-USD mark=64186.821625005 momentum=0.056% signal=FLAT action=DRY_RUN_ONLY
2026-06-21 23:28:15 BTC-USD mark=64188.884528925 momentum=-0.046% signal=FLAT action=DRY_RUN_ONLY
2026-06-21 23:28:45 BTC-USD mark=64217.26660788 momentum=-0.042% signal=FLAT action=DRY_RUN_ONLY
2026-06-21 23:29:15 BTC-USD mark=64198.619302765 momentum=-0.069% signal=FLAT action=DRY_RUN_ONLY
2026-06-21 23:29:45 BTC-USD mark=64203.56907557 momentum=-0.070% signal=FLAT action=DRY_RUN_ONLY
2026-06-21 23:30:16 BTC-USD mark=64254.757623175 momentum=0.059% signal=FLAT action=DRY_RUN_ONLY
2026-06-21 23:30:46 BTC-USD mark=64254.760420355 momentum=0.088% signal=FLAT action=DRY_RUN_ONLY
2026-06-21 23:31:16 BTC-USD mark=64272.395744965 momentum=0.119% signal=FLAT action=DRY_RUN_ONLY
2026-06-21 23:31:46 BTC-USD mark=64298.7304327 momentum=0.200% signal=FLAT action=DRY_RUN_ONLY
2026-06-21 23:32:16 BTC-USD mark=64318.18756461 momentum=0.210% signal=FLAT action=DRY_RUN_ONLY
2026-06-21 23:32:46 BTC-USD mark=64304.364641725 momentum=0.178% signal=FLAT action=DRY_RUN_ONLY
2026-06-21 23:33:16 BTC-USD mark=64220.01172249 momentum=-0.049% signal=FLAT action=DRY_RUN_ONLY
2026-06-21 23:33:46 BTC-USD mark=64212.22374096 momentum=-0.065% signal=FLAT action=DRY_RUN_ONLY
2026-06-21 23:34:16 BTC-USD mark=64168.385652785 momentum=-0.152% signal=FLAT action=DRY_RUN_ONLY
2026-06-21 23:34:46 BTC-USD mark=64202.7238631 momentum=-0.230% signal=FLAT action=DRY_RUN_ONLY
2026-06-21 23:35:16 BTC-USD mark=64175.120758675 momentum=-0.287% signal=FLAT action=DRY_RUN_ONLY
2026-06-21 23:35:46 BTC-USD mark=64177.44302087 momentum=-0.201% signal=FLAT action=DRY_RUN_ONLY
2026-06-21 23:36:16 BTC-USD mark=64172.203935485 momentum=-0.107% signal=FLAT action=DRY_RUN_ONLY
2026-06-21 23:36:46 BTC-USD mark=64154.38134241 momentum=-0.115% signal=FLAT action=DRY_RUN_ONLY
2026-06-21 23:37:16 BTC-USD mark=64114.168811475 momentum=-0.113% signal=FLAT action=DRY_RUN_ONLY
2026-06-21 23:37:46 BTC-USD mark=64150.693827405 momentum=-0.059% signal=FLAT action=DRY_RUN_ONLY
2026-06-21 23:38:16 BTC-USD mark=64147.35534305 momentum=-0.109% signal=FLAT action=DRY_RUN_ONLY
2026-06-21 23:38:46 BTC-USD mark=64170.02669286 momentum=-0.045% signal=FLAT action=DRY_RUN_ONLY
2026-06-21 23:39:16 BTC-USD mark=64165.635026945 momentum=-0.059% signal=FLAT action=DRY_RUN_ONLY
2026-06-21 23:39:46 BTC-USD mark=64150.17594482 momentum=-0.163% signal=FLAT action=DRY_RUN_ONLY
2026-06-21 23:40:16 BTC-USD mark=64162.745391135 momentum=-0.143% signal=FLAT action=DRY_RUN_ONLY
2026-06-21 23:40:46 BTC-USD mark=64167.101838815 momentum=-0.164% signal=FLAT action=DRY_RUN_ONLY
2026-06-21 23:41:17 BTC-USD mark=64165.4215855 momentum=-0.207% signal=FLAT action=DRY_RUN_ONLY
2026-06-21 23:41:47 BTC-USD mark=64148.034934395 momentum=-0.265% signal=FLAT action=DRY_RUN_ONLY
2026-06-21 23:42:17 BTC-USD mark=64133.428218495 momentum=-0.266% signal=FLAT action=DRY_RUN_ONLY
2026-06-21 23:42:47 BTC-USD mark=64118.64863918 momentum=-0.158% signal=FLAT action=DRY_RUN_ONLY
2026-06-21 23:43:17 BTC-USD mark=64135.318270105 momentum=-0.120% signal=FLAT action=DRY_RUN_ONLY
2026-06-21 23:43:47 BTC-USD mark=64106.74887643 momentum=-0.096% signal=FLAT action=DRY_RUN_ONLY
2026-06-21 23:44:17 BTC-USD mark=64085.240909695 momentum=-0.183% signal=FLAT action=DRY_RUN_ONLY
2026-06-21 23:44:47 BTC-USD mark=64100.47115766 momentum=-0.116% signal=FLAT action=DRY_RUN_ONLY
2026-06-21 23:45:17 BTC-USD mark=64091.0101513 momentum=-0.135% signal=FLAT action=DRY_RUN_ONLY
2026-06-21 23:45:47 BTC-USD mark=64073.130446315 momentum=-0.154% signal=FLAT action=DRY_RUN_ONLY
2026-06-21 23:46:17 BTC-USD mark=64094.63247539 momentum=-0.093% signal=FLAT action=DRY_RUN_ONLY
2026-06-21 23:46:47 BTC-USD mark=64060.38656097 momentum=-0.084% signal=FLAT action=DRY_RUN_ONLY
2026-06-21 23:47:17 BTC-USD mark=64041.415271385 momentum=-0.170% signal=FLAT action=DRY_RUN_ONLY
2026-06-21 23:47:47 BTC-USD mark=64061.812344285 momentum=-0.133% signal=FLAT action=DRY_RUN_ONLY
2026-06-21 23:48:18 BTC-USD mark=64091.48035347 momentum=-0.122% signal=FLAT action=DRY_RUN_ONLY
2026-06-21 23:48:48 BTC-USD mark=64100.176365565 momentum=-0.102% signal=FLAT action=DRY_RUN_ONLY
2026-06-21 23:49:18 BTC-USD mark=64110.95240272 momentum=-0.061% signal=FLAT action=DRY_RUN_ONLY
2026-06-21 23:49:48 BTC-USD mark=64109.39925646 momentum=-0.083% signal=FLAT action=DRY_RUN_ONLY
2026-06-21 23:50:18 BTC-USD mark=64130.53065171 momentum=-0.057% signal=FLAT action=DRY_RUN_ONLY
2026-06-21 23:50:48 BTC-USD mark=64041.55235286 momentum=-0.193% signal=FLAT action=DRY_RUN_ONLY
2026-06-21 23:51:18 BTC-USD mark=64035.559015785 momentum=-0.175% signal=FLAT action=DRY_RUN_ONLY
2026-06-21 23:51:48 BTC-USD mark=64045.166861465 momentum=-0.138% signal=FLAT action=DRY_RUN_ONLY
2026-06-21 23:52:18 BTC-USD mark=64064.85130079 momentum=-0.084% signal=FLAT action=DRY_RUN_ONLY
2026-06-21 23:52:48 BTC-USD mark=64052.08838046 momentum=-0.130% signal=FLAT action=DRY_RUN_ONLY
2026-06-21 23:53:18 BTC-USD mark=64056.657856815 momentum=-0.078% signal=FLAT action=DRY_RUN_ONLY
2026-06-21 23:53:48 BTC-USD mark=64053.77699071 momentum=-0.049% signal=FLAT action=DRY_RUN_ONLY
2026-06-21 23:54:18 BTC-USD mark=64056.838907035 momentum=-0.068% signal=FLAT action=DRY_RUN_ONLY
2026-06-21 23:54:48 BTC-USD mark=64046.042416565 momentum=-0.070% signal=FLAT action=DRY_RUN_ONLY
2026-06-21 23:55:18 BTC-USD mark=64038.954647875 momentum=-0.053% signal=FLAT action=DRY_RUN_ONLY
2026-06-21 23:55:48 BTC-USD mark=63937.235661195 momentum=-0.246% signal=FLAT action=DRY_RUN_ONLY
2026-06-21 23:56:18 BTC-USD mark=63855.33704551 momentum=-0.320% signal=FLAT action=DRY_RUN_ONLY
2026-06-21 23:56:48 BTC-USD mark=63843.741275555 momentum=-0.309% signal=FLAT action=DRY_RUN_ONLY
2026-06-21 23:57:19 BTC-USD mark=63883.149798595 momentum=-0.279% signal=FLAT action=DRY_RUN_ONLY
2026-06-21 23:57:49 BTC-USD mark=63879.826760005 momentum=-0.330% signal=FLAT action=DRY_RUN_ONLY
2026-06-21 23:58:19 BTC-USD mark=63880.136661505 momentum=-0.343% signal=FLAT action=DRY_RUN_ONLY
2026-06-21 23:58:49 BTC-USD mark=63912.285513535 momentum=-0.310% signal=FLAT action=DRY_RUN_ONLY
2026-06-21 23:59:19 BTC-USD mark=63902.785935595 momentum=-0.322% signal=FLAT action=DRY_RUN_ONLY
2026-06-21 23:59:49 BTC-USD mark=63893.19054092 momentum=-0.370% signal=MOMENTUM_DOWN action=DRY_RUN_ONLY
2026-06-22 00:00:19 BTC-USD mark=63857.85530015 momentum=-0.287% signal=FLAT action=DRY_RUN_ONLY
2026-06-22 00:00:49 BTC-USD mark=63822.44573466 momentum=-0.333% signal=FLAT action=DRY_RUN_ONLY
2026-06-22 00:01:19 BTC-USD mark=63820.382920375 momentum=-0.351% signal=MOMENTUM_DOWN action=DRY_RUN_ONLY
2026-06-22 00:01:49 BTC-USD mark=63836.250445055 momentum=-0.357% signal=MOMENTUM_DOWN action=DRY_RUN_ONLY
2026-06-22 00:02:19 BTC-USD mark=63843.91567431 momentum=-0.325% signal=FLAT action=DRY_RUN_ONLY
2026-06-22 00:02:49 BTC-USD mark=63862.401833615 momentum=-0.303% signal=FLAT action=DRY_RUN_ONLY
2026-06-22 00:03:19 BTC-USD mark=63840.480426585 momentum=-0.333% signal=FLAT action=DRY_RUN_ONLY
2026-06-22 00:03:49 BTC-USD mark=63895.352991525 momentum=-0.252% signal=FLAT action=DRY_RUN_ONLY
2026-06-22 00:04:19 BTC-USD mark=63905.837052635 momentum=-0.219% signal=FLAT action=DRY_RUN_ONLY
2026-06-22 00:04:49 BTC-USD mark=63923.054672225 momentum=-0.181% signal=FLAT action=DRY_RUN_ONLY
2026-06-22 00:05:20 BTC-USD mark=63873.69053981 momentum=-0.099% signal=FLAT action=DRY_RUN_ONLY
2026-06-22 00:05:50 BTC-USD mark=63876.962796515 momentum=0.034% signal=FLAT action=DRY_RUN_ONLY
2026-06-22 00:06:20 BTC-USD mark=63850.175 momentum=0.010% signal=FLAT action=DRY_RUN_ONLY
2026-06-22 00:06:50 BTC-USD mark=63879.1324764 momentum=-0.006% signal=FLAT action=DRY_RUN_ONLY
2026-06-22 00:07:20 BTC-USD mark=63897.38 momentum=0.027% signal=FLAT action=DRY_RUN_ONLY
2026-06-22 00:07:50 BTC-USD mark=63868.24752372 momentum=-0.019% signal=FLAT action=DRY_RUN_ONLY
2026-06-22 00:08:20 BTC-USD mark=63868.180617345 momentum=-0.069% signal=FLAT action=DRY_RUN_ONLY
2026-06-22 00:08:50 BTC-USD mark=63880.01274107 momentum=-0.036% signal=FLAT action=DRY_RUN_ONLY
2026-06-22 00:09:20 BTC-USD mark=63885.11289522 momentum=-0.013% signal=FLAT action=DRY_RUN_ONLY
2026-06-22 00:09:50 BTC-USD mark=63869.9910274 momentum=0.019% signal=FLAT action=DRY_RUN_ONLY
2026-06-22 00:10:20 BTC-USD mark=63890.074624245 momentum=0.106% signal=FLAT action=DRY_RUN_ONLY
2026-06-22 00:10:50 BTC-USD mark=63902.58034459 momentum=0.129% signal=FLAT action=DRY_RUN_ONLY
2026-06-22 00:11:20 BTC-USD mark=63907.14415528 momentum=0.111% signal=FLAT action=DRY_RUN_ONLY
2026-06-22 00:11:50 BTC-USD mark=63894.2189393 momentum=0.079% signal=FLAT action=DRY_RUN_ONLY
2026-06-22 00:12:20 BTC-USD mark=63898.24146474 momentum=0.056% signal=FLAT action=DRY_RUN_ONLY
2026-06-22 00:12:50 BTC-USD mark=63915.335 momentum=0.117% signal=FLAT action=DRY_RUN_ONLY
2026-06-22 00:13:20 BTC-USD mark=63925.693725055 momentum=0.047% signal=FLAT action=DRY_RUN_ONLY
2026-06-22 00:13:51 BTC-USD mark=63929.499912555 momentum=0.037% signal=FLAT action=DRY_RUN_ONLY
2026-06-22 00:14:21 BTC-USD mark=63929.224117155 momentum=0.010% signal=FLAT action=DRY_RUN_ONLY
2026-06-22 00:14:51 BTC-USD mark=63888.59157857 momentum=0.023% signal=FLAT action=DRY_RUN_ONLY
2026-06-22 00:15:21 BTC-USD mark=63887.293428945 momentum=0.016% signal=FLAT action=DRY_RUN_ONLY
2026-06-22 00:15:51 BTC-USD mark=63902.36538321 momentum=0.082% signal=FLAT action=DRY_RUN_ONLY
2026-06-22 00:16:21 BTC-USD mark=63914.645 momentum=0.056% signal=FLAT action=DRY_RUN_ONLY
2026-06-22 00:16:51 BTC-USD mark=63907.415 momentum=0.016% signal=FLAT action=DRY_RUN_ONLY
2026-06-22 00:17:21 BTC-USD mark=63908.13048815 momentum=0.062% signal=FLAT action=DRY_RUN_ONLY
2026-06-22 00:17:51 BTC-USD mark=63906.691776695 momentum=0.060% signal=FLAT action=DRY_RUN_ONLY
2026-06-22 00:18:21 BTC-USD mark=63922.210485895 momentum=0.066% signal=FLAT action=DRY_RUN_ONLY
2026-06-22 00:18:51 BTC-USD mark=63924.042744535 momentum=0.061% signal=FLAT action=DRY_RUN_ONLY
2026-06-22 00:19:21 BTC-USD mark=63839.83 momentum=-0.047% signal=FLAT action=DRY_RUN_ONLY
2026-06-22 00:19:51 BTC-USD mark=63825.50353127 momentum=-0.101% signal=FLAT action=DRY_RUN_ONLY
2026-06-22 00:20:21 BTC-USD mark=63878.598655425 momentum=-0.038% signal=FLAT action=DRY_RUN_ONLY
2026-06-22 00:20:51 BTC-USD mark=63888.72184669 momentum=-0.029% signal=FLAT action=DRY_RUN_ONLY
2026-06-22 00:21:21 BTC-USD mark=63877.443846565 momentum=-0.026% signal=FLAT action=DRY_RUN_ONLY
2026-06-22 00:21:51 BTC-USD mark=63892.335845215 momentum=-0.009% signal=FLAT action=DRY_RUN_ONLY
2026-06-22 00:22:21 BTC-USD mark=63902.965 momentum=-0.019% signal=FLAT action=DRY_RUN_ONLY
2026-06-22 00:22:52 BTC-USD mark=63924.51968491 momentum=-0.002% signal=FLAT action=DRY_RUN_ONLY
2026-06-22 00:23:22 BTC-USD mark=63927.68448007 momentum=-0.003% signal=FLAT action=DRY_RUN_ONLY
2026-06-22 00:23:52 BTC-USD mark=63908.993363655 momentum=-0.032% signal=FLAT action=DRY_RUN_ONLY
2026-06-22 00:24:22 BTC-USD mark=63928.799307165 momentum=0.063% signal=FLAT action=DRY_RUN_ONLY
2026-06-22 00:24:52 BTC-USD mark=63941.548361855 momentum=0.085% signal=FLAT action=DRY_RUN_ONLY
2026-06-22 00:25:22 BTC-USD mark=63900.659115195 momentum=-0.003% signal=FLAT action=DRY_RUN_ONLY
2026-06-22 00:25:52 BTC-USD mark=63875.334488415 momentum=-0.062% signal=FLAT action=DRY_RUN_ONLY
2026-06-22 00:26:22 BTC-USD mark=63896.41529185 momentum=-0.017% signal=FLAT action=DRY_RUN_ONLY
2026-06-22 00:26:52 BTC-USD mark=63879.77578616 momentum=-0.044% signal=FLAT action=DRY_RUN_ONLY
2026-06-22 00:27:22 BTC-USD mark=63870.27161322 momentum=-0.057% signal=FLAT action=DRY_RUN_ONLY
2026-06-22 00:27:52 BTC-USD mark=63857.925 momentum=-0.101% signal=FLAT action=DRY_RUN_ONLY
2026-06-22 00:28:22 BTC-USD mark=63860.09344714 momentum=-0.100% signal=FLAT action=DRY_RUN_ONLY
2026-06-22 00:28:52 BTC-USD mark=63890.05276492 momentum=0.079% signal=FLAT action=DRY_RUN_ONLY
2026-06-22 00:29:22 BTC-USD mark=63890.04625816 momentum=0.101% signal=FLAT action=DRY_RUN_ONLY
2026-06-22 00:29:52 BTC-USD mark=63895.09380426 momentum=0.026% signal=FLAT action=DRY_RUN_ONLY
2026-06-22 00:30:22 BTC-USD mark=63915.512931725 momentum=0.042% signal=FLAT action=DRY_RUN_ONLY
2026-06-22 00:30:52 BTC-USD mark=63938.86271303 momentum=0.096% signal=FLAT action=DRY_RUN_ONLY
2026-06-22 00:31:22 BTC-USD mark=63920.594694305 momentum=0.044% signal=FLAT action=DRY_RUN_ONLY
2026-06-22 00:31:52 BTC-USD mark=63908.446695785 momentum=0.009% signal=FLAT action=DRY_RUN_ONLY
2026-06-22 00:32:22 BTC-USD mark=63920.35483192 momentum=-0.007% signal=FLAT action=DRY_RUN_ONLY
2026-06-22 00:32:52 BTC-USD mark=63921.218869705 momentum=-0.010% signal=FLAT action=DRY_RUN_ONLY
2026-06-22 00:33:23 BTC-USD mark=63921.80035446 momentum=0.020% signal=FLAT action=DRY_RUN_ONLY
2026-06-22 00:33:53 BTC-USD mark=63943.74312955 momentum=0.023% signal=FLAT action=DRY_RUN_ONLY
2026-06-22 00:34:23 BTC-USD mark=63947.71236613 momentum=0.010% signal=FLAT action=DRY_RUN_ONLY
2026-06-22 00:34:53 BTC-USD mark=63939.172764755 momentum=0.060% signal=FLAT action=DRY_RUN_ONLY
2026-06-22 00:35:23 BTC-USD mark=63934.049704555 momentum=0.092% signal=FLAT action=DRY_RUN_ONLY
2026-06-22 00:35:53 BTC-USD mark=63939.54880968 momentum=0.068% signal=FLAT action=DRY_RUN_ONLY
2026-06-22 00:36:23 BTC-USD mark=63970.441160845 momentum=0.142% signal=FLAT action=DRY_RUN_ONLY
2026-06-22 00:36:53 BTC-USD mark=63974.32573251 momentum=0.163% signal=FLAT action=DRY_RUN_ONLY
2026-06-22 00:37:23 BTC-USD mark=63949.59247691 momentum=0.144% signal=FLAT action=DRY_RUN_ONLY
2026-06-22 00:37:53 BTC-USD mark=63935.303844585 momentum=0.118% signal=FLAT action=DRY_RUN_ONLY
2026-06-22 00:38:23 BTC-USD mark=63948.303350115 momentum=0.091% signal=FLAT action=DRY_RUN_ONLY
2026-06-22 00:38:53 BTC-USD mark=63943.001314745 momentum=0.083% signal=FLAT action=DRY_RUN_ONLY
2026-06-22 00:39:23 BTC-USD mark=63937.01991365 momentum=0.066% signal=FLAT action=DRY_RUN_ONLY
2026-06-22 00:39:53 BTC-USD mark=63933.11335533 momentum=0.028% signal=FLAT action=DRY_RUN_ONLY
2026-06-22 00:40:23 BTC-USD mark=63932.276115105 momentum=-0.010% signal=FLAT action=DRY_RUN_ONLY
2026-06-22 00:40:53 BTC-USD mark=63910.19975578 momentum=-0.016% signal=FLAT action=DRY_RUN_ONLY
2026-06-22 00:41:23 BTC-USD mark=63914.585 momentum=0.010% signal=FLAT action=DRY_RUN_ONLY
2026-06-22 00:41:53 BTC-USD mark=63889.08109728 momentum=-0.049% signal=FLAT action=DRY_RUN_ONLY
2026-06-22 00:42:24 BTC-USD mark=63896.819580605 momentum=-0.038% signal=FLAT action=DRY_RUN_ONLY
2026-06-22 00:42:54 BTC-USD mark=63907.031896625 momentum=-0.023% signal=FLAT action=DRY_RUN_ONLY
2026-06-22 00:43:24 BTC-USD mark=63935.83874526 momentum=-0.012% signal=FLAT action=DRY_RUN_ONLY
2026-06-22 00:43:54 BTC-USD mark=63920.77873279 momentum=-0.042% signal=FLAT action=DRY_RUN_ONLY
2026-06-22 00:44:24 BTC-USD mark=63887.0733416 momentum=-0.081% signal=FLAT action=DRY_RUN_ONLY
2026-06-22 00:44:54 BTC-USD mark=63880.29955083 momentum=-0.084% signal=FLAT action=DRY_RUN_ONLY
2026-06-22 00:45:24 BTC-USD mark=63891.089490005 momentum=-0.076% signal=FLAT action=DRY_RUN_ONLY
2026-06-22 00:45:54 BTC-USD mark=63914.871127095 momentum=-0.087% signal=FLAT action=DRY_RUN_ONLY
2026-06-22 00:46:24 BTC-USD mark=63939.727944455 momentum=-0.054% signal=FLAT action=DRY_RUN_ONLY
2026-06-22 00:46:54 BTC-USD mark=63963.333003585 momentum=0.021% signal=FLAT action=DRY_RUN_ONLY
2026-06-22 00:47:24 BTC-USD mark=63983.35457165 momentum=0.075% signal=FLAT action=DRY_RUN_ONLY
2026-06-22 00:47:54 BTC-USD mark=63991.085 momentum=0.067% signal=FLAT action=DRY_RUN_ONLY
2026-06-22 00:48:24 BTC-USD mark=63978.92 momentum=0.056% signal=FLAT action=DRY_RUN_ONLY
2026-06-22 00:48:54 BTC-USD mark=63970.571018795 momentum=0.052% signal=FLAT action=DRY_RUN_ONLY
2026-06-22 00:49:24 BTC-USD mark=63986.720387935 momentum=0.084% signal=FLAT action=DRY_RUN_ONLY
2026-06-22 00:49:54 BTC-USD mark=63985.92643124 momentum=0.084% signal=FLAT action=DRY_RUN_ONLY
2026-06-22 00:50:24 BTC-USD mark=63985.499436095 momentum=0.118% signal=FLAT action=DRY_RUN_ONLY
2026-06-22 00:50:54 BTC-USD mark=63996.267445485 momentum=0.128% signal=FLAT action=DRY_RUN_ONLY
2026-06-22 00:51:25 BTC-USD mark=63988.513640655 momentum=0.156% signal=FLAT action=DRY_RUN_ONLY
2026-06-22 00:51:55 BTC-USD mark=63975.945 momentum=0.124% signal=FLAT action=DRY_RUN_ONLY
2026-06-22 00:52:25 BTC-USD mark=63982.03064458 momentum=0.117% signal=FLAT action=DRY_RUN_ONLY
2026-06-22 00:52:55 BTC-USD mark=63961.52723368 momentum=0.040% signal=FLAT action=DRY_RUN_ONLY
2026-06-22 00:53:25 BTC-USD mark=63981.60690577 momentum=0.095% signal=FLAT action=DRY_RUN_ONLY
2026-06-22 00:53:55 BTC-USD mark=63984.17580097 momentum=0.152% signal=FLAT action=DRY_RUN_ONLY
2026-06-22 00:54:25 BTC-USD mark=64002.8409418 momentum=0.192% signal=FLAT action=DRY_RUN_ONLY
2026-06-22 00:54:55 BTC-USD mark=64008.13678146 momentum=0.183% signal=FLAT action=DRY_RUN_ONLY
2026-06-22 00:55:25 BTC-USD mark=64005.451318465 momentum=0.142% signal=FLAT action=DRY_RUN_ONLY
2026-06-22 00:55:55 BTC-USD mark=64003.18110735 momentum=0.099% signal=FLAT action=DRY_RUN_ONLY
2026-06-22 00:56:25 BTC-USD mark=64003.389162515 momentum=0.063% signal=FLAT action=DRY_RUN_ONLY
2026-06-22 00:56:55 BTC-USD mark=63995.892299535 momentum=0.020% signal=FLAT action=DRY_RUN_ONLY
2026-06-22 00:57:25 BTC-USD mark=64026.13661421 momentum=0.055% signal=FLAT action=DRY_RUN_ONLY
2026-06-22 00:57:55 BTC-USD mark=64032.078202135 momentum=0.083% signal=FLAT action=DRY_RUN_ONLY
2026-06-22 00:58:25 BTC-USD mark=64026.815188605 momentum=0.088% signal=FLAT action=DRY_RUN_ONLY
2026-06-22 00:58:55 BTC-USD mark=64023.115 momentum=0.057% signal=FLAT action=DRY_RUN_ONLY
2026-06-22 00:59:25 BTC-USD mark=64028.148147865 momentum=0.066% signal=FLAT action=DRY_RUN_ONLY
2026-06-22 00:59:55 BTC-USD mark=64011.80935239 momentum=0.041% signal=FLAT action=DRY_RUN_ONLY
2026-06-22 01:00:25 BTC-USD mark=64024.180825755 momentum=0.044% signal=FLAT action=DRY_RUN_ONLY
2026-06-22 01:00:55 BTC-USD mark=64046.729838035 momentum=0.091% signal=FLAT action=DRY_RUN_ONLY
2026-06-22 01:01:26 BTC-USD mark=64011.985 momentum=0.056% signal=FLAT action=DRY_RUN_ONLY
2026-06-22 01:01:56 BTC-USD mark=64013.46746836 momentum=0.049% signal=FLAT action=DRY_RUN_ONLY
2026-06-22 01:02:26 BTC-USD mark=64025.400185355 momentum=0.100% signal=FLAT action=DRY_RUN_ONLY
2026-06-22 01:02:56 BTC-USD mark=64017.393057845 momentum=0.056% signal=FLAT action=DRY_RUN_ONLY
2026-06-22 01:03:26 BTC-USD mark=64026.19 momentum=0.066% signal=FLAT action=DRY_RUN_ONLY
2026-06-22 01:03:56 BTC-USD mark=64017.371461165 momentum=0.023% signal=FLAT action=DRY_RUN_ONLY
2026-06-22 01:04:26 BTC-USD mark=64017.35331568 momentum=0.014% signal=FLAT action=DRY_RUN_ONLY
2026-06-22 01:04:56 BTC-USD mark=64017.81 momentum=0.019% signal=FLAT action=DRY_RUN_ONLY
2026-06-22 01:05:26 BTC-USD mark=64027.795 momentum=0.038% signal=FLAT action=DRY_RUN_ONLY
2026-06-22 01:05:56 BTC-USD mark=64028.79 momentum=0.040% signal=FLAT action=DRY_RUN_ONLY
2026-06-22 01:06:26 BTC-USD mark=64045.580324795 momentum=0.078% signal=FLAT action=DRY_RUN_ONLY
2026-06-22 01:06:56 BTC-USD mark=64083.052979355 momentum=0.089% signal=FLAT action=DRY_RUN_ONLY
2026-06-22 01:07:26 BTC-USD mark=64084.428726485 momentum=0.082% signal=FLAT action=DRY_RUN_ONLY
2026-06-22 01:07:56 BTC-USD mark=64123.165674625 momentum=0.150% signal=FLAT action=DRY_RUN_ONLY
2026-06-22 01:08:26 BTC-USD mark=64143.29241964 momentum=0.188% signal=FLAT action=DRY_RUN_ONLY
2026-06-22 01:08:57 BTC-USD mark=64137.1531971 momentum=0.170% signal=FLAT action=DRY_RUN_ONLY
2026-06-22 01:09:27 BTC-USD mark=64167.758572075 momentum=0.244% signal=FLAT action=DRY_RUN_ONLY
2026-06-22 01:09:57 BTC-USD mark=64160.57545633 momentum=0.213% signal=FLAT action=DRY_RUN_ONLY
2026-06-22 01:10:27 BTC-USD mark=64169.012258855 momentum=0.191% signal=FLAT action=DRY_RUN_ONLY
2026-06-22 01:10:57 BTC-USD mark=64162.59296056 momentum=0.235% signal=FLAT action=DRY_RUN_ONLY
2026-06-22 01:11:27 BTC-USD mark=64187.04872957 momentum=0.271% signal=FLAT action=DRY_RUN_ONLY
2026-06-22 01:11:57 BTC-USD mark=64195.4 momentum=0.266% signal=FLAT action=DRY_RUN_ONLY
2026-06-22 01:12:27 BTC-USD mark=64191.965 momentum=0.273% signal=FLAT action=DRY_RUN_ONLY
2026-06-22 01:12:57 BTC-USD mark=64180.24 momentum=0.241% signal=FLAT action=DRY_RUN_ONLY
2026-06-22 01:13:27 BTC-USD mark=64170.780884445 momentum=0.240% signal=FLAT action=DRY_RUN_ONLY
2026-06-22 01:13:57 BTC-USD mark=64219.282797745 momentum=0.315% signal=FLAT action=DRY_RUN_ONLY
2026-06-22 01:14:27 BTC-USD mark=64211.245 momentum=0.302% signal=FLAT action=DRY_RUN_ONLY
2026-06-22 01:14:57 BTC-USD mark=64199.775 momentum=0.269% signal=FLAT action=DRY_RUN_ONLY
2026-06-22 01:15:27 BTC-USD mark=64168.188950325 momentum=0.218% signal=FLAT action=DRY_RUN_ONLY
2026-06-22 01:15:57 BTC-USD mark=64164.525 momentum=0.186% signal=FLAT action=DRY_RUN_ONLY
2026-06-22 01:16:27 BTC-USD mark=64168.33921882 momentum=0.133% signal=FLAT action=DRY_RUN_ONLY
2026-06-22 01:16:57 BTC-USD mark=64164.884463255 momentum=0.126% signal=FLAT action=DRY_RUN_ONLY
2026-06-22 01:17:27 BTC-USD mark=64152.236883665 momentum=0.045% signal=FLAT action=DRY_RUN_ONLY
2026-06-22 01:17:57 BTC-USD mark=64159.114440065 momentum=0.025% signal=FLAT action=DRY_RUN_ONLY
2026-06-22 01:18:27 BTC-USD mark=64161.919027415 momentum=0.039% signal=FLAT action=DRY_RUN_ONLY
2026-06-22 01:18:57 BTC-USD mark=64168.5809962 momentum=0.001% signal=FLAT action=DRY_RUN_ONLY
2026-06-22 01:19:27 BTC-USD mark=64177.679113245 momentum=0.027% signal=FLAT action=DRY_RUN_ONLY
2026-06-22 01:19:58 BTC-USD mark=64201.89566793 momentum=0.051% signal=FLAT action=DRY_RUN_ONLY
2026-06-22 01:20:28 BTC-USD mark=64193.2933934 momentum=0.048% signal=FLAT action=DRY_RUN_ONLY
2026-06-22 01:20:58 BTC-USD mark=64180.175 momentum=-0.011% signal=FLAT action=DRY_RUN_ONLY
2026-06-22 01:21:28 BTC-USD mark=64173.21520262 momentum=-0.035% signal=FLAT action=DRY_RUN_ONLY
2026-06-22 01:21:58 BTC-USD mark=64178.3 momentum=-0.021% signal=FLAT action=DRY_RUN_ONLY
2026-06-22 01:22:28 BTC-USD mark=64168.26150013 momentum=-0.019% signal=FLAT action=DRY_RUN_ONLY
2026-06-22 01:22:58 BTC-USD mark=64160.08025967 momentum=-0.017% signal=FLAT action=DRY_RUN_ONLY
2026-06-22 01:23:28 BTC-USD mark=64163.612187445 momentum=-0.087% signal=FLAT action=DRY_RUN_ONLY
2026-06-22 01:23:58 BTC-USD mark=64163.451865725 momentum=-0.074% signal=FLAT action=DRY_RUN_ONLY
2026-06-22 01:24:28 BTC-USD mark=64162.47700975 momentum=-0.058% signal=FLAT action=DRY_RUN_ONLY
2026-06-22 01:24:58 BTC-USD mark=64176.07190387 momentum=0.012% signal=FLAT action=DRY_RUN_ONLY
2026-06-22 01:25:28 BTC-USD mark=64149.43069455 momentum=-0.024% signal=FLAT action=DRY_RUN_ONLY
2026-06-22 01:25:58 BTC-USD mark=64173.393910815 momentum=0.008% signal=FLAT action=DRY_RUN_ONLY
2026-06-22 01:26:28 BTC-USD mark=64155.77860414 momentum=-0.014% signal=FLAT action=DRY_RUN_ONLY
2026-06-22 01:26:58 BTC-USD mark=64156.971051935 momentum=0.007% signal=FLAT action=DRY_RUN_ONLY
2026-06-22 01:27:28 BTC-USD mark=64161.055 momentum=0.003% signal=FLAT action=DRY_RUN_ONLY
2026-06-22 01:27:58 BTC-USD mark=64188.690870335 momentum=0.042% signal=FLAT action=DRY_RUN_ONLY
2026-06-22 01:28:29 BTC-USD mark=64181.094980185 momentum=0.020% signal=FLAT action=DRY_RUN_ONLY
2026-06-22 01:28:59 BTC-USD mark=64175.610200545 momentum=-0.003% signal=FLAT action=DRY_RUN_ONLY
2026-06-22 01:29:29 BTC-USD mark=64178.28 momentum=-0.037% signal=FLAT action=DRY_RUN_ONLY
2026-06-22 01:29:59 BTC-USD mark=64170.798155605 momentum=-0.035% signal=FLAT action=DRY_RUN_ONLY
2026-06-22 01:30:29 BTC-USD mark=64129.020459095 momentum=-0.080% signal=FLAT action=DRY_RUN_ONLY
2026-06-22 01:30:59 BTC-USD mark=64126.390772815 momentum=-0.073% signal=FLAT action=DRY_RUN_ONLY
2026-06-22 01:31:29 BTC-USD mark=64128.718598435 momentum=-0.077% signal=FLAT action=DRY_RUN_ONLY
2026-06-22 01:31:59 BTC-USD mark=64119.308420875 momentum=-0.076% signal=FLAT action=DRY_RUN_ONLY
2026-06-22 01:32:29 BTC-USD mark=64121.45263479 momentum=-0.060% signal=FLAT action=DRY_RUN_ONLY
2026-06-22 01:32:59 BTC-USD mark=64171.147624905 momentum=0.012% signal=FLAT action=DRY_RUN_ONLY
2026-06-22 01:33:29 BTC-USD mark=64172.97577199 momentum=0.015% signal=FLAT action=DRY_RUN_ONLY
2026-06-22 01:33:59 BTC-USD mark=64164.63326987 momentum=0.003% signal=FLAT action=DRY_RUN_ONLY
2026-06-22 01:34:29 BTC-USD mark=64186.77400656 momentum=0.017% signal=FLAT action=DRY_RUN_ONLY
2026-06-22 01:34:59 BTC-USD mark=64150.719834225 momentum=0.002% signal=FLAT action=DRY_RUN_ONLY
2026-06-22 01:35:30 BTC-USD mark=64152.539787215 momentum=-0.032% signal=FLAT action=DRY_RUN_ONLY
2026-06-22 01:36:00 BTC-USD mark=64146.3643804 momentum=-0.015% signal=FLAT action=DRY_RUN_ONLY
2026-06-22 01:36:30 BTC-USD mark=64168.33060322 momentum=0.018% signal=FLAT action=DRY_RUN_ONLY
2026-06-22 01:37:00 BTC-USD mark=64157.845417365 momentum=-0.005% signal=FLAT action=DRY_RUN_ONLY
2026-06-22 01:37:30 BTC-USD mark=64161.887338995 momentum=-0.042% signal=FLAT action=DRY_RUN_ONLY
2026-06-22 01:38:00 BTC-USD mark=64152.56756514 momentum=-0.044% signal=FLAT action=DRY_RUN_ONLY
2026-06-22 01:38:30 BTC-USD mark=64190.377823715 momentum=0.023% signal=FLAT action=DRY_RUN_ONLY
2026-06-22 01:39:00 BTC-USD mark=64158.59215955 momentum=-0.031% signal=FLAT action=DRY_RUN_ONLY
2026-06-22 01:39:30 BTC-USD mark=64189.898299995 momentum=0.030% signal=FLAT action=DRY_RUN_ONLY
2026-06-22 01:40:00 BTC-USD mark=64184.974374065 momentum=0.087% signal=FLAT action=DRY_RUN_ONLY
2026-06-22 01:40:30 BTC-USD mark=64202.625043085 momentum=0.119% signal=FLAT action=DRY_RUN_ONLY
2026-06-22 01:41:01 BTC-USD mark=64210.00760258 momentum=0.127% signal=FLAT action=DRY_RUN_ONLY
2026-06-22 01:41:31 BTC-USD mark=64251.618001165 momentum=0.206% signal=FLAT action=DRY_RUN_ONLY
2026-06-22 01:42:01 BTC-USD mark=64234.71213818 momentum=0.177% signal=FLAT action=DRY_RUN_ONLY
2026-06-22 01:42:31 BTC-USD mark=64211.120763715 momentum=0.062% signal=FLAT action=DRY_RUN_ONLY
2026-06-22 01:43:01 BTC-USD mark=64193.374448525 momentum=0.032% signal=FLAT action=DRY_RUN_ONLY
2026-06-22 01:43:31 BTC-USD mark=64191.83 momentum=0.042% signal=FLAT action=DRY_RUN_ONLY
2026-06-22 01:44:01 BTC-USD mark=64193.088617755 momentum=0.010% signal=FLAT action=DRY_RUN_ONLY
2026-06-22 01:44:31 BTC-USD mark=64190.926643315 momentum=0.063% signal=FLAT action=DRY_RUN_ONLY
2026-06-22 01:45:01 BTC-USD mark=64179.95400614 momentum=0.043% signal=FLAT action=DRY_RUN_ONLY
2026-06-22 01:45:31 BTC-USD mark=64180.723368455 momentum=0.054% signal=FLAT action=DRY_RUN_ONLY
2026-06-22 01:46:01 BTC-USD mark=64169.2755624 momentum=0.001% signal=FLAT action=DRY_RUN_ONLY
2026-06-22 01:46:31 BTC-USD mark=64150.796239465 momentum=-0.011% signal=FLAT action=DRY_RUN_ONLY
2026-06-22 01:47:01 BTC-USD mark=64151.82100435 momentum=-0.016% signal=FLAT action=DRY_RUN_ONLY
2026-06-22 01:47:32 BTC-USD mark=64143.24987638 momentum=-0.015% signal=FLAT action=DRY_RUN_ONLY
2026-06-22 01:48:02 BTC-USD mark=64152.460913845 momentum=-0.059% signal=FLAT action=DRY_RUN_ONLY
2026-06-22 01:48:32 BTC-USD mark=64154.00720275 momentum=-0.007% signal=FLAT action=DRY_RUN_ONLY
2026-06-22 01:49:02 BTC-USD mark=64151.78876623 momentum=-0.059% signal=FLAT action=DRY_RUN_ONLY
2026-06-22 01:49:32 BTC-USD mark=64149.18523015 momentum=-0.056% signal=FLAT action=DRY_RUN_ONLY
2026-06-22 01:50:02 BTC-USD mark=64140.66538829 momentum=-0.097% signal=FLAT action=DRY_RUN_ONLY
2026-06-22 01:50:32 BTC-USD mark=64119.233572825 momentum=-0.141% signal=FLAT action=DRY_RUN_ONLY
2026-06-22 01:51:02 BTC-USD mark=64127.17350772 momentum=-0.194% signal=FLAT action=DRY_RUN_ONLY
2026-06-22 01:51:32 BTC-USD mark=64113.115733695 momentum=-0.189% signal=FLAT action=DRY_RUN_ONLY
2026-06-22 01:52:02 BTC-USD mark=64108.603709615 momentum=-0.160% signal=FLAT action=DRY_RUN_ONLY
2026-06-22 01:52:32 BTC-USD mark=64119.6717984 momentum=-0.115% signal=FLAT action=DRY_RUN_ONLY
2026-06-22 01:53:02 BTC-USD mark=64117.68894025 momentum=-0.115% signal=FLAT action=DRY_RUN_ONLY
2026-06-22 01:53:32 BTC-USD mark=64110.310873915 momentum=-0.129% signal=FLAT action=DRY_RUN_ONLY
2026-06-22 01:54:02 BTC-USD mark=64120.999168045 momentum=-0.109% signal=FLAT action=DRY_RUN_ONLY
2026-06-22 01:54:32 BTC-USD mark=64132.12682435 momentum=-0.075% signal=FLAT action=DRY_RUN_ONLY
2026-06-22 01:55:02 BTC-USD mark=64126.194141135 momentum=-0.085% signal=FLAT action=DRY_RUN_ONLY
2026-06-22 01:55:32 BTC-USD mark=64130.5237508 momentum=-0.060% signal=FLAT action=DRY_RUN_ONLY
2026-06-22 01:56:02 BTC-USD mark=64134.905606665 momentum=-0.025% signal=FLAT action=DRY_RUN_ONLY
2026-06-22 01:56:33 BTC-USD mark=64140.543120105 momentum=-0.018% signal=FLAT action=DRY_RUN_ONLY
2026-06-22 01:57:03 BTC-USD mark=64140.73244275 momentum=-0.004% signal=FLAT action=DRY_RUN_ONLY
2026-06-22 01:57:33 BTC-USD mark=64144.23717091 momentum=-0.013% signal=FLAT action=DRY_RUN_ONLY
2026-06-22 01:58:03 BTC-USD mark=64156.11928457 momentum=0.003% signal=FLAT action=DRY_RUN_ONLY
2026-06-22 01:58:33 BTC-USD mark=64153.859807385 momentum=0.003% signal=FLAT action=DRY_RUN_ONLY
2026-06-22 01:59:03 BTC-USD mark=64161.846869555 momentum=0.020% signal=FLAT action=DRY_RUN_ONLY
2026-06-22 01:59:33 BTC-USD mark=64159.55520341 momentum=0.029% signal=FLAT action=DRY_RUN_ONLY
2026-06-22 02:00:03 BTC-USD mark=64187.65410969 momentum=0.107% signal=FLAT action=DRY_RUN_ONLY
2026-06-22 02:00:33 BTC-USD mark=64168.046906015 momentum=0.064% signal=FLAT action=DRY_RUN_ONLY
2026-06-22 02:01:03 BTC-USD mark=64156.969569345 momentum=0.068% signal=FLAT action=DRY_RUN_ONLY
2026-06-22 02:01:33 BTC-USD mark=64136.633765835 momentum=0.044% signal=FLAT action=DRY_RUN_ONLY
2026-06-22 02:02:03 BTC-USD mark=64137.599486595 momentum=0.028% signal=FLAT action=DRY_RUN_ONLY
2026-06-22 02:02:33 BTC-USD mark=64123.546904175 momentum=0.009% signal=FLAT action=DRY_RUN_ONLY
2026-06-22 02:03:03 BTC-USD mark=64125.81835409 momentum=0.024% signal=FLAT action=DRY_RUN_ONLY
2026-06-22 02:03:33 BTC-USD mark=64121.65751179 momentum=0.001% signal=FLAT action=DRY_RUN_ONLY
2026-06-22 02:04:03 BTC-USD mark=64099.346944145 momentum=-0.051% signal=FLAT action=DRY_RUN_ONLY
2026-06-22 02:04:33 BTC-USD mark=64097.833570235 momentum=-0.044% signal=FLAT action=DRY_RUN_ONLY
2026-06-22 02:05:03 BTC-USD mark=64104.859069825 momentum=-0.040% signal=FLAT action=DRY_RUN_ONLY
2026-06-22 02:05:34 BTC-USD mark=64115.80253584 momentum=-0.030% signal=FLAT action=DRY_RUN_ONLY
2026-06-22 02:06:04 BTC-USD mark=64112.63444271 momentum=-0.044% signal=FLAT action=DRY_RUN_ONLY
2026-06-22 02:06:34 BTC-USD mark=64098.99087756 momentum=-0.065% signal=FLAT action=DRY_RUN_ONLY
2026-06-22 02:07:04 BTC-USD mark=64074.140459865 momentum=-0.109% signal=FLAT action=DRY_RUN_ONLY
2026-06-22 02:07:34 BTC-USD mark=64088.581874745 momentum=-0.105% signal=FLAT action=DRY_RUN_ONLY
2026-06-22 02:08:04 BTC-USD mark=64089.432366445 momentum=-0.100% signal=FLAT action=DRY_RUN_ONLY
2026-06-22 02:08:34 BTC-USD mark=64112.663793845 momentum=-0.077% signal=FLAT action=DRY_RUN_ONLY
2026-06-22 02:09:04 BTC-USD mark=64150.212527315 momentum=-0.015% signal=FLAT action=DRY_RUN_ONLY
2026-06-22 02:09:34 BTC-USD mark=64201.66832725 momentum=0.022% signal=FLAT action=DRY_RUN_ONLY
2026-06-22 02:10:04 BTC-USD mark=64232.911561745 momentum=0.101% signal=FLAT action=DRY_RUN_ONLY
2026-06-22 02:10:34 BTC-USD mark=64197.66872135 momentum=0.063% signal=FLAT action=DRY_RUN_ONLY
2026-06-22 02:11:04 BTC-USD mark=64169.995572675 momentum=0.052% signal=FLAT action=DRY_RUN_ONLY
2026-06-22 02:11:34 BTC-USD mark=64172.137232125 momentum=0.054% signal=FLAT action=DRY_RUN_ONLY
2026-06-22 02:12:04 BTC-USD mark=64157.73340314 momentum=0.053% signal=FLAT action=DRY_RUN_ONLY
2026-06-22 02:12:34 BTC-USD mark=64153.234315705 momentum=0.043% signal=FLAT action=DRY_RUN_ONLY
2026-06-22 02:13:04 BTC-USD mark=64149.68865939 momentum=0.044% signal=FLAT action=DRY_RUN_ONLY
2026-06-22 02:13:34 BTC-USD mark=64165.33809379 momentum=0.103% signal=FLAT action=DRY_RUN_ONLY
2026-06-22 02:14:04 BTC-USD mark=64162.05725288 momentum=0.100% signal=FLAT action=DRY_RUN_ONLY
2026-06-22 02:14:34 BTC-USD mark=64148.916995125 momentum=0.069% signal=FLAT action=DRY_RUN_ONLY
2026-06-22 02:15:04 BTC-USD mark=64146.4902711 momentum=0.048% signal=FLAT action=DRY_RUN_ONLY
2026-06-22 02:15:34 BTC-USD mark=64140.23258835 momentum=0.043% signal=FLAT action=DRY_RUN_ONLY
2026-06-22 02:16:05 BTC-USD mark=64147.83261667 momentum=0.076% signal=FLAT action=DRY_RUN_ONLY
2026-06-22 02:16:35 BTC-USD mark=64144.0395699 momentum=0.109% signal=FLAT action=DRY_RUN_ONLY
2026-06-22 02:17:05 BTC-USD mark=64146.63431895 momentum=0.091% signal=FLAT action=DRY_RUN_ONLY
2026-06-22 02:17:35 BTC-USD mark=64125.11088557 momentum=0.056% signal=FLAT action=DRY_RUN_ONLY
2026-06-22 02:18:05 BTC-USD mark=64050.427982985 momentum=-0.097% signal=FLAT action=DRY_RUN_ONLY
2026-06-22 02:18:35 BTC-USD mark=64054.826433925 momentum=-0.149% signal=FLAT action=DRY_RUN_ONLY
2026-06-22 02:19:05 BTC-USD mark=64051.575 momentum=-0.234% signal=FLAT action=DRY_RUN_ONLY
2026-06-22 02:19:35 BTC-USD mark=64075.080584395 momentum=-0.246% signal=FLAT action=DRY_RUN_ONLY
2026-06-22 02:20:05 BTC-USD mark=64073.062037205 momentum=-0.194% signal=FLAT action=DRY_RUN_ONLY
2026-06-22 02:20:35 BTC-USD mark=64067.013253345 momentum=-0.160% signal=FLAT action=DRY_RUN_ONLY
2026-06-22 02:21:05 BTC-USD mark=64066.016268585 momentum=-0.165% signal=FLAT action=DRY_RUN_ONLY
2026-06-22 02:21:35 BTC-USD mark=64065.705 momentum=-0.143% signal=FLAT action=DRY_RUN_ONLY
2026-06-22 02:22:05 BTC-USD mark=64047.41105389 momentum=-0.165% signal=FLAT action=DRY_RUN_ONLY
2026-06-22 02:22:35 BTC-USD mark=64038.63777617 momentum=-0.173% signal=FLAT action=DRY_RUN_ONLY
2026-06-22 02:23:05 BTC-USD mark=64047.245750865 momentum=-0.184% signal=FLAT action=DRY_RUN_ONLY
2026-06-22 02:23:35 BTC-USD mark=64057.315023835 momentum=-0.163% signal=FLAT action=DRY_RUN_ONLY
2026-06-22 02:24:06 BTC-USD mark=64021.06254826 momentum=-0.199% signal=FLAT action=DRY_RUN_ONLY
2026-06-22 02:24:36 BTC-USD mark=64082.332854755 momentum=-0.100% signal=FLAT action=DRY_RUN_ONLY
2026-06-22 02:25:06 BTC-USD mark=64063.20802209 momentum=-0.120% signal=FLAT action=DRY_RUN_ONLY
2026-06-22 02:25:36 BTC-USD mark=64076.31562531 momentum=-0.111% signal=FLAT action=DRY_RUN_ONLY
2026-06-22 02:26:06 BTC-USD mark=64058.406760165 momentum=-0.134% signal=FLAT action=DRY_RUN_ONLY
2026-06-22 02:26:36 BTC-USD mark=64013.444628035 momentum=-0.208% signal=FLAT action=DRY_RUN_ONLY
2026-06-22 02:27:06 BTC-USD mark=64020.777276735 momentum=-0.163% signal=FLAT action=DRY_RUN_ONLY
2026-06-22 02:27:36 BTC-USD mark=64027.40797167 momentum=-0.036% signal=FLAT action=DRY_RUN_ONLY
2026-06-22 02:28:06 BTC-USD mark=64030.251886215 momentum=-0.038% signal=FLAT action=DRY_RUN_ONLY
2026-06-22 02:28:36 BTC-USD mark=64025.582494875 momentum=-0.041% signal=FLAT action=DRY_RUN_ONLY
2026-06-22 02:29:06 BTC-USD mark=64036.86541528 momentum=-0.060% signal=FLAT action=DRY_RUN_ONLY
2026-06-22 02:29:36 BTC-USD mark=64045.803046635 momentum=-0.043% signal=FLAT action=DRY_RUN_ONLY
2026-06-22 02:30:06 BTC-USD mark=64047.874483725 momentum=-0.030% signal=FLAT action=DRY_RUN_ONLY
2026-06-22 02:30:36 BTC-USD mark=64013.50941109 momentum=-0.082% signal=FLAT action=DRY_RUN_ONLY
2026-06-22 02:31:06 BTC-USD mark=64009.73136117 momentum=-0.087% signal=FLAT action=DRY_RUN_ONLY
2026-06-22 02:31:36 BTC-USD mark=64051.25948174 momentum=0.006% signal=FLAT action=DRY_RUN_ONLY
2026-06-22 02:32:06 BTC-USD mark=64054.80837613 momentum=0.025% signal=FLAT action=DRY_RUN_ONLY
2026-06-22 02:32:36 BTC-USD mark=64063.358797705 momentum=0.025% signal=FLAT action=DRY_RUN_ONLY
2026-06-22 02:33:06 BTC-USD mark=64050.85698804 momentum=-0.010% signal=FLAT action=DRY_RUN_ONLY
2026-06-22 02:33:36 BTC-USD mark=64017.88639411 momentum=-0.005% signal=FLAT action=DRY_RUN_ONLY
2026-06-22 02:34:06 BTC-USD mark=64009.86339328 momentum=-0.113% signal=FLAT action=DRY_RUN_ONLY
2026-06-22 02:34:36 BTC-USD mark=63993.687395835 momentum=-0.109% signal=FLAT action=DRY_RUN_ONLY
2026-06-22 02:35:06 BTC-USD mark=63967.62541207 momentum=-0.170% signal=FLAT action=DRY_RUN_ONLY
2026-06-22 02:35:37 BTC-USD mark=63948.06319567 momentum=-0.172% signal=FLAT action=DRY_RUN_ONLY
2026-06-22 02:36:07 BTC-USD mark=63925.479391625 momentum=-0.137% signal=FLAT action=DRY_RUN_ONLY
2026-06-22 02:36:37 BTC-USD mark=63937.29980175 momentum=-0.130% signal=FLAT action=DRY_RUN_ONLY
2026-06-22 02:37:07 BTC-USD mark=63950.531391145 momentum=-0.120% signal=FLAT action=DRY_RUN_ONLY
2026-06-22 02:37:37 BTC-USD mark=63965.809958735 momentum=-0.101% signal=FLAT action=DRY_RUN_ONLY
2026-06-22 02:38:07 BTC-USD mark=63988.170434895 momentum=-0.058% signal=FLAT action=DRY_RUN_ONLY
2026-06-22 02:38:37 BTC-USD mark=63998.192039495 momentum=-0.060% signal=FLAT action=DRY_RUN_ONLY
2026-06-22 02:39:07 BTC-USD mark=63979.57340195 momentum=-0.103% signal=FLAT action=DRY_RUN_ONLY
2026-06-22 02:39:37 BTC-USD mark=63989.405099685 momentum=-0.091% signal=FLAT action=DRY_RUN_ONLY
2026-06-22 02:40:07 BTC-USD mark=63993.707844885 momentum=-0.031% signal=FLAT action=DRY_RUN_ONLY
2026-06-22 02:40:37 BTC-USD mark=63984.56499679 momentum=-0.039% signal=FLAT action=DRY_RUN_ONLY
2026-06-22 02:41:07 BTC-USD mark=63991.936315425 momentum=-0.093% signal=FLAT action=DRY_RUN_ONLY
2026-06-22 02:41:37 BTC-USD mark=63981.5152892 momentum=-0.114% signal=FLAT action=DRY_RUN_ONLY
2026-06-22 02:42:07 BTC-USD mark=63980.379218085 momentum=-0.130% signal=FLAT action=DRY_RUN_ONLY
2026-06-22 02:42:37 BTC-USD mark=63958.10859139 momentum=-0.145% signal=FLAT action=DRY_RUN_ONLY
2026-06-22 02:43:07 BTC-USD mark=63962.3084758 momentum=-0.087% signal=FLAT action=DRY_RUN_ONLY
2026-06-22 02:43:37 BTC-USD mark=63965.56279675 momentum=-0.069% signal=FLAT action=DRY_RUN_ONLY
2026-06-22 02:44:07 BTC-USD mark=63955.432178195 momentum=-0.060% signal=FLAT action=DRY_RUN_ONLY
2026-06-22 02:44:38 BTC-USD mark=63944.581751315 momentum=-0.036% signal=FLAT action=DRY_RUN_ONLY
2026-06-22 02:45:08 BTC-USD mark=63947.332614475 momentum=-0.001% signal=FLAT action=DRY_RUN_ONLY
2026-06-22 02:45:38 BTC-USD mark=63953.12216157 momentum=0.043% signal=FLAT action=DRY_RUN_ONLY
2026-06-22 02:46:08 BTC-USD mark=63961.999966665 momentum=0.039% signal=FLAT action=DRY_RUN_ONLY
2026-06-22 02:46:38 BTC-USD mark=63946.854680335 momentum=-0.006% signal=FLAT action=DRY_RUN_ONLY
2026-06-22 02:47:08 BTC-USD mark=63952.51766078 momentum=-0.021% signal=FLAT action=DRY_RUN_ONLY
2026-06-22 02:47:38 BTC-USD mark=63971.718984245 momentum=-0.026% signal=FLAT action=DRY_RUN_ONLY
2026-06-22 02:48:08 BTC-USD mark=63948.649034485 momentum=-0.077% signal=FLAT action=DRY_RUN_ONLY
2026-06-22 02:48:38 BTC-USD mark=63937.589873985 momentum=-0.066% signal=FLAT action=DRY_RUN_ONLY
2026-06-22 02:49:08 BTC-USD mark=63949.275688505 momentum=-0.063% signal=FLAT action=DRY_RUN_ONLY
2026-06-22 02:49:38 BTC-USD mark=63935.54994465 momentum=-0.091% signal=FLAT action=DRY_RUN_ONLY
2026-06-22 02:50:08 BTC-USD mark=63919.017082335 momentum=-0.102% signal=FLAT action=DRY_RUN_ONLY
2026-06-22 02:50:38 BTC-USD mark=63925.31108785 momentum=-0.104% signal=FLAT action=DRY_RUN_ONLY
2026-06-22 02:51:08 BTC-USD mark=63913.56967023 momentum=-0.106% signal=FLAT action=DRY_RUN_ONLY
2026-06-22 02:51:38 BTC-USD mark=63890.533186265 momentum=-0.140% signal=FLAT action=DRY_RUN_ONLY
2026-06-22 02:52:08 BTC-USD mark=63873.235067065 momentum=-0.133% signal=FLAT action=DRY_RUN_ONLY
2026-06-22 02:52:38 BTC-USD mark=63877.64148947 momentum=-0.132% signal=FLAT action=DRY_RUN_ONLY
2026-06-22 02:53:08 BTC-USD mark=63879.99924103 momentum=-0.134% signal=FLAT action=DRY_RUN_ONLY
2026-06-22 02:53:38 BTC-USD mark=63891.024473745 momentum=-0.101% signal=FLAT action=DRY_RUN_ONLY
2026-06-22 02:54:08 BTC-USD mark=63900.61313568 momentum=-0.069% signal=FLAT action=DRY_RUN_ONLY
2026-06-22 02:54:39 BTC-USD mark=63924.869945365 momentum=-0.035% signal=FLAT action=DRY_RUN_ONLY
2026-06-22 02:55:09 BTC-USD mark=63918.545870525 momentum=-0.054% signal=FLAT action=DRY_RUN_ONLY
2026-06-22 02:55:39 BTC-USD mark=63912.066827365 momentum=-0.078% signal=FLAT action=DRY_RUN_ONLY
2026-06-22 02:56:09 BTC-USD mark=63907.920889815 momentum=-0.061% signal=FLAT action=DRY_RUN_ONLY
2026-06-22 02:56:39 BTC-USD mark=63917.08049688 momentum=-0.055% signal=FLAT action=DRY_RUN_ONLY
2026-06-22 02:57:09 BTC-USD mark=63928.4778214 momentum=-0.068% signal=FLAT action=DRY_RUN_ONLY
2026-06-22 02:57:39 BTC-USD mark=63935.60479675 momentum=-0.020% signal=FLAT action=DRY_RUN_ONLY
2026-06-22 02:58:09 BTC-USD mark=63948.303148915 momentum=0.017% signal=FLAT action=DRY_RUN_ONLY
2026-06-22 02:58:39 BTC-USD mark=63945.036449125 momentum=-0.007% signal=FLAT action=DRY_RUN_ONLY
2026-06-22 02:59:09 BTC-USD mark=63956.0708687 momentum=0.032% signal=FLAT action=DRY_RUN_ONLY
2026-06-22 02:59:39 BTC-USD mark=63959.0501364 momentum=0.063% signal=FLAT action=DRY_RUN_ONLY
2026-06-22 03:00:09 BTC-USD mark=63916.078746095 momentum=-0.014% signal=FLAT action=DRY_RUN_ONLY
2026-06-22 03:00:39 BTC-USD mark=63913.46276629 momentum=-0.000% signal=FLAT action=DRY_RUN_ONLY
2026-06-22 03:01:10 BTC-USD mark=63917.82283708 momentum=0.043% signal=FLAT action=DRY_RUN_ONLY
2026-06-22 03:01:40 BTC-USD mark=63921.403248495 momentum=0.075% signal=FLAT action=DRY_RUN_ONLY
2026-06-22 03:02:10 BTC-USD mark=63916.89138772 momentum=0.061% signal=FLAT action=DRY_RUN_ONLY
2026-06-22 03:02:40 BTC-USD mark=63929.33986144 momentum=0.077% signal=FLAT action=DRY_RUN_ONLY
2026-06-22 03:03:10 BTC-USD mark=63939.339478525 momentum=0.076% signal=FLAT action=DRY_RUN_ONLY
2026-06-22 03:03:40 BTC-USD mark=63958.427756405 momentum=0.090% signal=FLAT action=DRY_RUN_ONLY
2026-06-22 03:04:10 BTC-USD mark=64006.391156255 momentum=0.128% signal=FLAT action=DRY_RUN_ONLY
2026-06-22 03:04:40 BTC-USD mark=64034.891748895 momentum=0.182% signal=FLAT action=DRY_RUN_ONLY
2026-06-22 03:05:10 BTC-USD mark=64030.01633397 momentum=0.185% signal=FLAT action=DRY_RUN_ONLY
2026-06-22 03:05:40 BTC-USD mark=64028.55213211 momentum=0.189% signal=FLAT action=DRY_RUN_ONLY
2026-06-22 03:06:10 BTC-USD mark=64057.506845315 momentum=0.220% signal=FLAT action=DRY_RUN_ONLY
2026-06-22 03:06:40 BTC-USD mark=64045.65015279 momentum=0.183% signal=FLAT action=DRY_RUN_ONLY
2026-06-22 03:07:10 BTC-USD mark=64009.25057549 momentum=0.115% signal=FLAT action=DRY_RUN_ONLY
2026-06-22 03:07:40 BTC-USD mark=64004.886576795 momentum=0.088% signal=FLAT action=DRY_RUN_ONLY
2026-06-22 03:08:10 BTC-USD mark=64012.6638239 momentum=0.106% signal=FLAT action=DRY_RUN_ONLY
2026-06-22 03:08:40 BTC-USD mark=64043.33607725 momentum=0.136% signal=FLAT action=DRY_RUN_ONLY
2026-06-22 03:09:10 BTC-USD mark=64028.89293585 momentum=0.109% signal=FLAT action=DRY_RUN_ONLY
2026-06-22 03:09:40 BTC-USD mark=64027.74927192 momentum=0.175% signal=FLAT action=DRY_RUN_ONLY
2026-06-22 03:10:10 BTC-USD mark=64037.690826555 momentum=0.194% signal=FLAT action=DRY_RUN_ONLY
2026-06-22 03:10:40 BTC-USD mark=64074.89919825 momentum=0.246% signal=FLAT action=DRY_RUN_ONLY
2026-06-22 03:11:10 BTC-USD mark=64097.28303993 momentum=0.275% signal=FLAT action=DRY_RUN_ONLY
2026-06-22 03:11:40 BTC-USD mark=64096.35301183 momentum=0.281% signal=FLAT action=DRY_RUN_ONLY
2026-06-22 03:12:11 BTC-USD mark=64103.168648995 momentum=0.272% signal=FLAT action=DRY_RUN_ONLY
2026-06-22 03:12:41 BTC-USD mark=64121.5466975 momentum=0.285% signal=FLAT action=DRY_RUN_ONLY
2026-06-22 03:13:11 BTC-USD mark=64161.307814165 momentum=0.317% signal=FLAT action=DRY_RUN_ONLY
2026-06-22 03:13:41 BTC-USD mark=64156.9244546 momentum=0.235% signal=FLAT action=DRY_RUN_ONLY
2026-06-22 03:14:11 BTC-USD mark=64146.5144716 momentum=0.174% signal=FLAT action=DRY_RUN_ONLY
2026-06-22 03:14:41 BTC-USD mark=64137.338154475 momentum=0.168% signal=FLAT action=DRY_RUN_ONLY
2026-06-22 03:15:11 BTC-USD mark=64173.35871035 momentum=0.226% signal=FLAT action=DRY_RUN_ONLY
2026-06-22 03:15:41 BTC-USD mark=64185.210802155 momentum=0.199% signal=FLAT action=DRY_RUN_ONLY
2026-06-22 03:16:11 BTC-USD mark=64177.5894024 momentum=0.206% signal=FLAT action=DRY_RUN_ONLY
2026-06-22 03:16:41 BTC-USD mark=64168.305457845 momentum=0.248% signal=FLAT action=DRY_RUN_ONLY
2026-06-22 03:17:11 BTC-USD mark=64146.1581929 momentum=0.221% signal=FLAT action=DRY_RUN_ONLY
2026-06-22 03:17:41 BTC-USD mark=64141.028203355 momentum=0.201% signal=FLAT action=DRY_RUN_ONLY
2026-06-22 03:18:11 BTC-USD mark=64150.62737155 momentum=0.168% signal=FLAT action=DRY_RUN_ONLY
2026-06-22 03:18:41 BTC-USD mark=64156.445811545 momentum=0.199% signal=FLAT action=DRY_RUN_ONLY
2026-06-22 03:19:11 BTC-USD mark=64144.178097455 momentum=0.182% signal=FLAT action=DRY_RUN_ONLY
2026-06-22 03:19:41 BTC-USD mark=64150.382620545 momentum=0.176% signal=FLAT action=DRY_RUN_ONLY
2026-06-22 03:20:11 BTC-USD mark=64169.5161561 momentum=0.148% signal=FLAT action=DRY_RUN_ONLY
2026-06-22 03:20:41 BTC-USD mark=64171.60573488 momentum=0.116% signal=FLAT action=DRY_RUN_ONLY
2026-06-22 03:21:11 BTC-USD mark=64174.0348927 momentum=0.121% signal=FLAT action=DRY_RUN_ONLY
2026-06-22 03:21:41 BTC-USD mark=64187.86849645 momentum=0.132% signal=FLAT action=DRY_RUN_ONLY
2026-06-22 03:22:11 BTC-USD mark=64222.659965 momentum=0.158% signal=FLAT action=DRY_RUN_ONLY
2026-06-22 03:22:41 BTC-USD mark=64192.29520725 momentum=0.048% signal=FLAT action=DRY_RUN_ONLY
2026-06-22 03:23:11 BTC-USD mark=64183.11463099 momentum=0.041% signal=FLAT action=DRY_RUN_ONLY
2026-06-22 03:23:41 BTC-USD mark=64174.549794745 momentum=0.044% signal=FLAT action=DRY_RUN_ONLY
2026-06-22 03:24:12 BTC-USD mark=64163.08237976 momentum=0.040% signal=FLAT action=DRY_RUN_ONLY
2026-06-22 03:24:42 BTC-USD mark=64164.055130445 momentum=-0.014% signal=FLAT action=DRY_RUN_ONLY
2026-06-22 03:25:12 BTC-USD mark=64172.46893895 momentum=-0.020% signal=FLAT action=DRY_RUN_ONLY
2026-06-22 03:25:42 BTC-USD mark=64189.3203948 momentum=0.018% signal=FLAT action=DRY_RUN_ONLY
2026-06-22 03:26:12 BTC-USD mark=64217.892165245 momentum=0.077% signal=FLAT action=DRY_RUN_ONLY
2026-06-22 03:26:42 BTC-USD mark=64206.652276375 momentum=0.094% signal=FLAT action=DRY_RUN_ONLY
2026-06-22 03:27:12 BTC-USD mark=64200.19062789 momentum=0.092% signal=FLAT action=DRY_RUN_ONLY
2026-06-22 03:27:42 BTC-USD mark=64200.255567935 momentum=0.077% signal=FLAT action=DRY_RUN_ONLY
2026-06-22 03:28:12 BTC-USD mark=64167.40442365 momentum=0.017% signal=FLAT action=DRY_RUN_ONLY
2026-06-22 03:28:42 BTC-USD mark=64174.09850581 momentum=0.047% signal=FLAT action=DRY_RUN_ONLY
2026-06-22 03:29:12 BTC-USD mark=64190.21401354 momentum=0.062% signal=FLAT action=DRY_RUN_ONLY
2026-06-22 03:29:42 BTC-USD mark=64188.205012885 momentum=0.029% signal=FLAT action=DRY_RUN_ONLY
2026-06-22 03:30:12 BTC-USD mark=64205.88608965 momentum=0.053% signal=FLAT action=DRY_RUN_ONLY
2026-06-22 03:30:42 BTC-USD mark=64173.377280765 momentum=-0.001% signal=FLAT action=DRY_RUN_ONLY
2026-06-22 03:31:12 BTC-USD mark=64193.05445121 momentum=0.008% signal=FLAT action=DRY_RUN_ONLY
2026-06-22 03:31:42 BTC-USD mark=64289.55850163 momentum=0.104% signal=FLAT action=DRY_RUN_ONLY
2026-06-22 03:32:12 BTC-USD mark=64265.98087829 momentum=0.115% signal=FLAT action=DRY_RUN_ONLY
2026-06-22 03:32:42 BTC-USD mark=64261.992151565 momentum=0.123% signal=FLAT action=DRY_RUN_ONLY
2026-06-22 03:33:12 BTC-USD mark=64229.208574555 momentum=0.085% signal=FLAT action=DRY_RUN_ONLY
2026-06-22 03:33:42 BTC-USD mark=64224.172800845 momentum=0.095% signal=FLAT action=DRY_RUN_ONLY
2026-06-22 03:34:12 BTC-USD mark=64205.83 momentum=0.065% signal=FLAT action=DRY_RUN_ONLY
2026-06-22 03:34:42 BTC-USD mark=64225.97565022 momentum=0.083% signal=FLAT action=DRY_RUN_ONLY
2026-06-22 03:35:12 BTC-USD mark=64221.4197534 momentum=0.050% signal=FLAT action=DRY_RUN_ONLY
2026-06-22 03:35:42 BTC-USD mark=64228.635 momentum=0.017% signal=FLAT action=DRY_RUN_ONLY
2026-06-22 03:36:13 BTC-USD mark=64229.21639165 momentum=0.035% signal=FLAT action=DRY_RUN_ONLY
2026-06-22 03:36:43 BTC-USD mark=64243.783391945 momentum=0.068% signal=FLAT action=DRY_RUN_ONLY
2026-06-22 03:37:13 BTC-USD mark=64248.59760626 momentum=0.075% signal=FLAT action=DRY_RUN_ONLY
2026-06-22 03:37:43 BTC-USD mark=64265.87 momentum=0.153% signal=FLAT action=DRY_RUN_ONLY
2026-06-22 03:38:13 BTC-USD mark=64267.026330555 momentum=0.145% signal=FLAT action=DRY_RUN_ONLY
2026-06-22 03:38:43 BTC-USD mark=64259.095 momentum=0.107% signal=FLAT action=DRY_RUN_ONLY
2026-06-22 03:39:13 BTC-USD mark=64255.02 momentum=0.104% signal=FLAT action=DRY_RUN_ONLY
2026-06-22 03:39:43 BTC-USD mark=64266.555 momentum=0.094% signal=FLAT action=DRY_RUN_ONLY
2026-06-22 03:40:13 BTC-USD mark=64238.664315965 momentum=0.102% signal=FLAT action=DRY_RUN_ONLY
2026-06-22 03:40:43 BTC-USD mark=64248.87746812 momentum=0.087% signal=FLAT action=DRY_RUN_ONLY
2026-06-22 03:41:13 BTC-USD mark=64259.307291485 momentum=-0.047% signal=FLAT action=DRY_RUN_ONLY
2026-06-22 03:41:43 BTC-USD mark=64238.057866025 momentum=-0.043% signal=FLAT action=DRY_RUN_ONLY
2026-06-22 03:42:13 BTC-USD mark=64184.655 momentum=-0.120% signal=FLAT action=DRY_RUN_ONLY
2026-06-22 03:42:43 BTC-USD mark=64200.685 momentum=-0.044% signal=FLAT action=DRY_RUN_ONLY
2026-06-22 03:43:13 BTC-USD mark=64193.73095871 momentum=-0.047% signal=FLAT action=DRY_RUN_ONLY
2026-06-22 03:43:43 BTC-USD mark=64184.85335306 momentum=-0.033% signal=FLAT action=DRY_RUN_ONLY
2026-06-22 03:44:13 BTC-USD mark=64183.78939095 momentum=-0.066% signal=FLAT action=DRY_RUN_ONLY
2026-06-22 03:44:43 BTC-USD mark=64183.784342945 momentum=-0.059% signal=FLAT action=DRY_RUN_ONLY
2026-06-22 03:45:13 BTC-USD mark=64178.262279845 momentum=-0.078% signal=FLAT action=DRY_RUN_ONLY
2026-06-22 03:45:43 BTC-USD mark=64180.011408555 momentum=-0.077% signal=FLAT action=DRY_RUN_ONLY
2026-06-22 03:46:13 BTC-USD mark=64183.557496845 momentum=-0.094% signal=FLAT action=DRY_RUN_ONLY
2026-06-22 03:46:43 BTC-USD mark=64197.603641815 momentum=-0.079% signal=FLAT action=DRY_RUN_ONLY
2026-06-22 03:47:13 BTC-USD mark=64178.273114225 momentum=-0.136% signal=FLAT action=DRY_RUN_ONLY
2026-06-22 03:47:44 BTC-USD mark=64187.09450414 momentum=-0.124% signal=FLAT action=DRY_RUN_ONLY
2026-06-22 03:48:14 BTC-USD mark=64184.228678215 momentum=-0.117% signal=FLAT action=DRY_RUN_ONLY
2026-06-22 03:48:44 BTC-USD mark=64186.170700515 momentum=-0.107% signal=FLAT action=DRY_RUN_ONLY
2026-06-22 03:49:14 BTC-USD mark=64190.696977765 momentum=-0.118% signal=FLAT action=DRY_RUN_ONLY
2026-06-22 03:49:44 BTC-USD mark=64191.160205455 momentum=-0.074% signal=FLAT action=DRY_RUN_ONLY
2026-06-22 03:50:14 BTC-USD mark=64178.58527896 momentum=-0.109% signal=FLAT action=DRY_RUN_ONLY
2026-06-22 03:50:44 BTC-USD mark=64170.736791205 momentum=-0.138% signal=FLAT action=DRY_RUN_ONLY
2026-06-22 03:51:14 BTC-USD mark=64168.8181679 momentum=-0.108% signal=FLAT action=DRY_RUN_ONLY
2026-06-22 03:51:44 BTC-USD mark=64168.03272086 momentum=-0.026% signal=FLAT action=DRY_RUN_ONLY
2026-06-22 03:52:14 BTC-USD mark=64181.824611 momentum=-0.029% signal=FLAT action=DRY_RUN_ONLY
2026-06-22 03:52:44 BTC-USD mark=64198.647207515 momentum=0.008% signal=FLAT action=DRY_RUN_ONLY
2026-06-22 03:53:14 BTC-USD mark=64158.436335705 momentum=-0.041% signal=FLAT action=DRY_RUN_ONLY
2026-06-22 03:53:44 BTC-USD mark=64141.614256875 momentum=-0.066% signal=FLAT action=DRY_RUN_ONLY
2026-06-22 03:54:14 BTC-USD mark=64096.916403985 momentum=-0.135% signal=FLAT action=DRY_RUN_ONLY
2026-06-22 03:54:44 BTC-USD mark=64131.475 momentum=-0.073% signal=FLAT action=DRY_RUN_ONLY
2026-06-22 03:55:14 BTC-USD mark=64140.82189321 momentum=-0.061% signal=FLAT action=DRY_RUN_ONLY
2026-06-22 03:55:44 BTC-USD mark=64138.251558665 momentum=-0.071% signal=FLAT action=DRY_RUN_ONLY
2026-06-22 03:56:14 BTC-USD mark=64143.296587535 momentum=-0.085% signal=FLAT action=DRY_RUN_ONLY
2026-06-22 03:56:44 BTC-USD mark=64125.4350546 momentum=-0.082% signal=FLAT action=DRY_RUN_ONLY
2026-06-22 03:57:14 BTC-USD mark=64132.59108627 momentum=-0.085% signal=FLAT action=DRY_RUN_ONLY
2026-06-22 03:57:44 BTC-USD mark=64125.80208241 momentum=-0.091% signal=FLAT action=DRY_RUN_ONLY
2026-06-22 03:58:14 BTC-USD mark=64127.210241335 momentum=-0.092% signal=FLAT action=DRY_RUN_ONLY
2026-06-22 03:58:44 BTC-USD mark=64142.05952724 momentum=-0.076% signal=FLAT action=DRY_RUN_ONLY
2026-06-22 03:59:14 BTC-USD mark=64139.612961805 momentum=-0.080% signal=FLAT action=DRY_RUN_ONLY
2026-06-22 03:59:45 BTC-USD mark=64139.30074181 momentum=-0.061% signal=FLAT action=DRY_RUN_ONLY
2026-06-22 04:00:15 BTC-USD mark=64153.08166119 momentum=-0.028% signal=FLAT action=DRY_RUN_ONLY
2026-06-22 04:00:45 BTC-USD mark=64108.777060245 momentum=-0.094% signal=FLAT action=DRY_RUN_ONLY
2026-06-22 04:01:15 BTC-USD mark=64123.07397118 momentum=-0.070% signal=FLAT action=DRY_RUN_ONLY
2026-06-22 04:01:45 BTC-USD mark=64107.784838235 momentum=-0.115% signal=FLAT action=DRY_RUN_ONLY
2026-06-22 04:02:15 BTC-USD mark=64116.95628987 momentum=-0.127% signal=FLAT action=DRY_RUN_ONLY
2026-06-22 04:02:45 BTC-USD mark=64087.131233215 momentum=-0.111% signal=FLAT action=DRY_RUN_ONLY
2026-06-22 04:03:15 BTC-USD mark=64093.511807145 momentum=-0.075% signal=FLAT action=DRY_RUN_ONLY
2026-06-22 04:03:45 BTC-USD mark=64106.08540252 momentum=0.014% signal=FLAT action=DRY_RUN_ONLY
2026-06-22 04:04:15 BTC-USD mark=64080.261804435 momentum=-0.080% signal=FLAT action=DRY_RUN_ONLY
2026-06-22 04:04:45 BTC-USD mark=64070.108903265 momentum=-0.110% signal=FLAT action=DRY_RUN_ONLY
2026-06-22 04:05:15 BTC-USD mark=64038.14322366 momentum=-0.156% signal=FLAT action=DRY_RUN_ONLY
2026-06-22 04:05:45 BTC-USD mark=64047.05963665 momentum=-0.150% signal=FLAT action=DRY_RUN_ONLY
2026-06-22 04:06:15 BTC-USD mark=64046.77672678 momentum=-0.123% signal=FLAT action=DRY_RUN_ONLY
2026-06-22 04:06:45 BTC-USD mark=64045.358479205 momentum=-0.136% signal=FLAT action=DRY_RUN_ONLY
2026-06-22 04:07:15 BTC-USD mark=64080.37313719 momentum=-0.071% signal=FLAT action=DRY_RUN_ONLY
2026-06-22 04:07:45 BTC-USD mark=64120.9428653 momentum=-0.010% signal=FLAT action=DRY_RUN_ONLY
2026-06-22 04:08:15 BTC-USD mark=64081.86084754 momentum=-0.094% signal=FLAT action=DRY_RUN_ONLY
2026-06-22 04:08:45 BTC-USD mark=64106.280364155 momentum=-0.052% signal=FLAT action=DRY_RUN_ONLY
2026-06-22 04:09:16 BTC-USD mark=64176.579633365 momentum=0.058% signal=FLAT action=DRY_RUN_ONLY
2026-06-22 04:09:46 BTC-USD mark=64204.93244288 momentum=0.081% signal=FLAT action=DRY_RUN_ONLY
2026-06-22 04:10:16 BTC-USD mark=64174.22252149 momentum=0.102% signal=FLAT action=DRY_RUN_ONLY
2026-06-22 04:10:46 BTC-USD mark=64149.442220615 momentum=0.041% signal=FLAT action=DRY_RUN_ONLY
2026-06-22 04:11:16 BTC-USD mark=64186.568506375 momentum=0.123% signal=FLAT action=DRY_RUN_ONLY
2026-06-22 04:11:46 BTC-USD mark=64153.90651693 momentum=0.058% signal=FLAT action=DRY_RUN_ONLY
2026-06-22 04:12:16 BTC-USD mark=64167.37429111 momentum=0.125% signal=FLAT action=DRY_RUN_ONLY
2026-06-22 04:12:46 BTC-USD mark=64166.876886455 momentum=0.114% signal=FLAT action=DRY_RUN_ONLY
2026-06-22 04:13:16 BTC-USD mark=64165.13894628 momentum=0.092% signal=FLAT action=DRY_RUN_ONLY
2026-06-22 04:13:46 BTC-USD mark=64169.71 momentum=0.140% signal=FLAT action=DRY_RUN_ONLY
2026-06-22 04:14:16 BTC-USD mark=64178.65843413 momentum=0.169% signal=FLAT action=DRY_RUN_ONLY
2026-06-22 04:14:46 BTC-USD mark=64234.643658285 momentum=0.307% signal=FLAT action=DRY_RUN_ONLY
2026-06-22 04:15:16 BTC-USD mark=64243.968679355 momentum=0.307% signal=FLAT action=DRY_RUN_ONLY
2026-06-22 04:15:46 BTC-USD mark=64238.545953525 momentum=0.299% signal=FLAT action=DRY_RUN_ONLY
2026-06-22 04:16:16 BTC-USD mark=64219.4842776 momentum=0.272% signal=FLAT action=DRY_RUN_ONLY
2026-06-22 04:16:46 BTC-USD mark=64185.8 momentum=0.165% signal=FLAT action=DRY_RUN_ONLY
2026-06-22 04:17:16 BTC-USD mark=64194.739922815 momentum=0.115% signal=FLAT action=DRY_RUN_ONLY
2026-06-22 04:17:46 BTC-USD mark=64189.802480535 momentum=0.168% signal=FLAT action=DRY_RUN_ONLY
2026-06-22 04:18:16 BTC-USD mark=64197.67476275 momentum=0.143% signal=FLAT action=DRY_RUN_ONLY
2026-06-22 04:18:46 BTC-USD mark=64185.396379295 momentum=0.014% signal=FLAT action=DRY_RUN_ONLY
2026-06-22 04:19:16 BTC-USD mark=64193.613057405 momentum=-0.018% signal=FLAT action=DRY_RUN_ONLY
2026-06-22 04:19:46 BTC-USD mark=64202.76594607 momentum=0.044% signal=FLAT action=DRY_RUN_ONLY
2026-06-22 04:20:16 BTC-USD mark=64223.88 momentum=0.116% signal=FLAT action=DRY_RUN_ONLY
2026-06-22 04:20:46 BTC-USD mark=64242.93 momentum=0.088% signal=FLAT action=DRY_RUN_ONLY
2026-06-22 04:21:16 BTC-USD mark=64248.34148446 momentum=0.147% signal=FLAT action=DRY_RUN_ONLY
2026-06-22 04:21:47 BTC-USD mark=64248.392260305 momentum=0.126% signal=FLAT action=DRY_RUN_ONLY
2026-06-22 04:22:17 BTC-USD mark=64263.96122866 momentum=0.151% signal=FLAT action=DRY_RUN_ONLY
2026-06-22 04:22:47 BTC-USD mark=64228.419069065 momentum=0.099% signal=FLAT action=DRY_RUN_ONLY
2026-06-22 04:23:17 BTC-USD mark=64210.628596445 momentum=0.064% signal=FLAT action=DRY_RUN_ONLY
2026-06-22 04:23:47 BTC-USD mark=64207.228026565 momentum=0.045% signal=FLAT action=DRY_RUN_ONLY
2026-06-22 04:24:17 BTC-USD mark=64195.359106415 momentum=-0.061% signal=FLAT action=DRY_RUN_ONLY
2026-06-22 04:24:47 BTC-USD mark=64207.013113235 momentum=-0.058% signal=FLAT action=DRY_RUN_ONLY
2026-06-22 04:25:17 BTC-USD mark=64195.883471925 momentum=-0.066% signal=FLAT action=DRY_RUN_ONLY
2026-06-22 04:25:47 BTC-USD mark=64199.260596045 momentum=-0.031% signal=FLAT action=DRY_RUN_ONLY
2026-06-22 04:26:17 BTC-USD mark=64193.82922421 momentum=0.013% signal=FLAT action=DRY_RUN_ONLY
2026-06-22 04:26:47 BTC-USD mark=64192.63079457 momentum=-0.003% signal=FLAT action=DRY_RUN_ONLY
2026-06-22 04:27:17 BTC-USD mark=64190.99594205 momentum=0.002% signal=FLAT action=DRY_RUN_ONLY
2026-06-22 04:27:47 BTC-USD mark=64191.937010455 momentum=-0.009% signal=FLAT action=DRY_RUN_ONLY
2026-06-22 04:28:17 BTC-USD mark=64127.20982366 momentum=-0.091% signal=FLAT action=DRY_RUN_ONLY
2026-06-22 04:28:47 BTC-USD mark=64148.44997997 momentum=-0.070% signal=FLAT action=DRY_RUN_ONLY
2026-06-22 04:29:17 BTC-USD mark=64137.941246255 momentum=-0.101% signal=FLAT action=DRY_RUN_ONLY
2026-06-22 04:29:47 BTC-USD mark=64120.18812819 momentum=-0.161% signal=FLAT action=DRY_RUN_ONLY
2026-06-22 04:30:17 BTC-USD mark=64100.0632914 momentum=-0.222% signal=FLAT action=DRY_RUN_ONLY
2026-06-22 04:30:47 BTC-USD mark=64103.19042789 momentum=-0.226% signal=FLAT action=DRY_RUN_ONLY
2026-06-22 04:31:17 BTC-USD mark=64119.76 momentum=-0.200% signal=FLAT action=DRY_RUN_ONLY
2026-06-22 04:31:47 BTC-USD mark=64132.297759815 momentum=-0.205% signal=FLAT action=DRY_RUN_ONLY
2026-06-22 04:32:17 BTC-USD mark=64122.3636999 momentum=-0.165% signal=FLAT action=DRY_RUN_ONLY
2026-06-22 04:32:48 BTC-USD mark=64153.493654605 momentum=-0.089% signal=FLAT action=DRY_RUN_ONLY
2026-06-22 04:33:18 BTC-USD mark=64141.570438635 momentum=-0.102% signal=FLAT action=DRY_RUN_ONLY
2026-06-22 04:33:48 BTC-USD mark=64142.977059855 momentum=-0.082% signal=FLAT action=DRY_RUN_ONLY
2026-06-22 04:34:18 BTC-USD mark=64126.97245283 momentum=-0.125% signal=FLAT action=DRY_RUN_ONLY
2026-06-22 04:34:48 BTC-USD mark=64105.447201125 momentum=-0.141% signal=FLAT action=DRY_RUN_ONLY
2026-06-22 04:35:18 BTC-USD mark=64077.014417735 momentum=-0.190% signal=FLAT action=DRY_RUN_ONLY
2026-06-22 04:35:48 BTC-USD mark=64067.27585983 momentum=-0.197% signal=FLAT action=DRY_RUN_ONLY
2026-06-22 04:36:18 BTC-USD mark=64038.87666274 momentum=-0.240% signal=FLAT action=DRY_RUN_ONLY
2026-06-22 04:36:48 BTC-USD mark=64032.65412397 momentum=-0.247% signal=FLAT action=DRY_RUN_ONLY
2026-06-22 04:37:18 BTC-USD mark=64008.201061655 momentum=-0.286% signal=FLAT action=DRY_RUN_ONLY
2026-06-22 04:37:48 BTC-USD mark=64006.803317445 momentum=-0.188% signal=FLAT action=DRY_RUN_ONLY
2026-06-22 04:38:18 BTC-USD mark=64007.75535319 momentum=-0.219% signal=FLAT action=DRY_RUN_ONLY
2026-06-22 04:38:48 BTC-USD mark=63988.932006825 momentum=-0.232% signal=FLAT action=DRY_RUN_ONLY
2026-06-22 04:39:18 BTC-USD mark=63972.749362125 momentum=-0.230% signal=FLAT action=DRY_RUN_ONLY
2026-06-22 04:39:48 BTC-USD mark=64024.51168605 momentum=-0.118% signal=FLAT action=DRY_RUN_ONLY
2026-06-22 04:40:18 BTC-USD mark=64025.76170792 momentum=-0.121% signal=FLAT action=DRY_RUN_ONLY
2026-06-22 04:40:48 BTC-USD mark=64060.33056429 momentum=-0.093% signal=FLAT action=DRY_RUN_ONLY
2026-06-22 04:41:18 BTC-USD mark=64087.9066665 momentum=-0.069% signal=FLAT action=DRY_RUN_ONLY
2026-06-22 04:41:48 BTC-USD mark=64077.21736484 momentum=-0.070% signal=FLAT action=DRY_RUN_ONLY
2026-06-22 04:42:18 BTC-USD mark=64108.791765725 momentum=-0.070% signal=FLAT action=DRY_RUN_ONLY
2026-06-22 04:42:48 BTC-USD mark=64104.468234635 momentum=-0.058% signal=FLAT action=DRY_RUN_ONLY
2026-06-22 04:43:19 BTC-USD mark=64141.184826835 momentum=-0.003% signal=FLAT action=DRY_RUN_ONLY
2026-06-22 04:43:49 BTC-USD mark=64154.021594345 momentum=0.042% signal=FLAT action=DRY_RUN_ONLY
2026-06-22 04:44:19 BTC-USD mark=64158.20685372 momentum=0.082% signal=FLAT action=DRY_RUN_ONLY
2026-06-22 04:44:49 BTC-USD mark=64188.955204485 momentum=0.175% signal=FLAT action=DRY_RUN_ONLY
2026-06-22 04:45:19 BTC-USD mark=64202.57430778 momentum=0.211% signal=FLAT action=DRY_RUN_ONLY
2026-06-22 04:45:49 BTC-USD mark=64217.85076313 momentum=0.279% signal=FLAT action=DRY_RUN_ONLY
2026-06-22 04:46:19 BTC-USD mark=64188.591495255 momentum=0.244% signal=FLAT action=DRY_RUN_ONLY
2026-06-22 04:46:49 BTC-USD mark=64174.91258627 momentum=0.260% signal=FLAT action=DRY_RUN_ONLY
2026-06-22 04:47:19 BTC-USD mark=64103.23900302 momentum=0.151% signal=FLAT action=DRY_RUN_ONLY
2026-06-22 04:47:49 BTC-USD mark=64063.83484538 momentum=0.088% signal=FLAT action=DRY_RUN_ONLY
2026-06-22 04:48:19 BTC-USD mark=64056.45990805 momentum=0.106% signal=FLAT action=DRY_RUN_ONLY
2026-06-22 04:48:49 BTC-USD mark=64085.846233765 momentum=0.177% signal=FLAT action=DRY_RUN_ONLY
2026-06-22 04:49:19 BTC-USD mark=64101.184915045 momentum=0.120% signal=FLAT action=DRY_RUN_ONLY
2026-06-22 04:49:49 BTC-USD mark=64104.11765614 momentum=0.122% signal=FLAT action=DRY_RUN_ONLY
2026-06-22 04:50:19 BTC-USD mark=64102.347581305 momentum=0.066% signal=FLAT action=DRY_RUN_ONLY
2026-06-22 04:50:49 BTC-USD mark=64100.93048244 momentum=0.020% signal=FLAT action=DRY_RUN_ONLY
2026-06-22 04:51:19 BTC-USD mark=64076.065 momentum=-0.002% signal=FLAT action=DRY_RUN_ONLY
2026-06-22 04:51:49 BTC-USD mark=64081.596426135 momentum=-0.042% signal=FLAT action=DRY_RUN_ONLY
2026-06-22 04:52:19 BTC-USD mark=64083.539802335 momentum=-0.033% signal=FLAT action=DRY_RUN_ONLY
2026-06-22 04:52:49 BTC-USD mark=64083.087212565 momentum=-0.091% signal=FLAT action=DRY_RUN_ONLY
2026-06-22 04:53:19 BTC-USD mark=64083.800550355 momentum=-0.109% signal=FLAT action=DRY_RUN_ONLY
2026-06-22 04:53:49 BTC-USD mark=64081.96729507 momentum=-0.119% signal=FLAT action=DRY_RUN_ONLY
2026-06-22 04:54:19 BTC-USD mark=64086.214866405 momentum=-0.160% signal=FLAT action=DRY_RUN_ONLY
2026-06-22 04:54:50 BTC-USD mark=64066.547859795 momentum=-0.212% signal=FLAT action=DRY_RUN_ONLY
2026-06-22 04:55:20 BTC-USD mark=64086.399215425 momentum=-0.205% signal=FLAT action=DRY_RUN_ONLY
2026-06-22 04:55:50 BTC-USD mark=64076.690850815 momentum=-0.174% signal=FLAT action=DRY_RUN_ONLY
2026-06-22 04:56:20 BTC-USD mark=64081.130487375 momentum=-0.146% signal=FLAT action=DRY_RUN_ONLY
2026-06-22 04:56:50 BTC-USD mark=64083.184159885 momentum=-0.031% signal=FLAT action=DRY_RUN_ONLY
2026-06-22 04:57:20 BTC-USD mark=64089.99631071 momentum=0.041% signal=FLAT action=DRY_RUN_ONLY
2026-06-22 04:57:50 BTC-USD mark=64088.832183005 momentum=0.051% signal=FLAT action=DRY_RUN_ONLY
2026-06-22 04:58:20 BTC-USD mark=64092.918075425 momentum=0.011% signal=FLAT action=DRY_RUN_ONLY
2026-06-22 04:58:50 BTC-USD mark=64084.26184925 momentum=-0.026% signal=FLAT action=DRY_RUN_ONLY
2026-06-22 04:59:20 BTC-USD mark=64093.655683 momentum=-0.016% signal=FLAT action=DRY_RUN_ONLY
2026-06-22 04:59:50 BTC-USD mark=64100.135732605 momentum=-0.003% signal=FLAT action=DRY_RUN_ONLY
2026-06-22 05:00:20 BTC-USD mark=64104.61805924 momentum=0.006% signal=FLAT action=DRY_RUN_ONLY
2026-06-22 05:00:50 BTC-USD mark=64092.043580485 momentum=0.025% signal=FLAT action=DRY_RUN_ONLY
2026-06-22 05:01:20 BTC-USD mark=64105.617368605 momentum=0.037% signal=FLAT action=DRY_RUN_ONLY
2026-06-22 05:01:50 BTC-USD mark=64112.59760247 momentum=0.045% signal=FLAT action=DRY_RUN_ONLY
2026-06-22 05:02:20 BTC-USD mark=64125.229150615 momentum=0.066% signal=FLAT action=DRY_RUN_ONLY
2026-06-22 05:02:50 BTC-USD mark=64101.882737215 momentum=0.028% signal=FLAT action=DRY_RUN_ONLY
2026-06-22 05:03:20 BTC-USD mark=64109.6416466 momentum=0.043% signal=FLAT action=DRY_RUN_ONLY
2026-06-22 05:03:50 BTC-USD mark=64134.544327125 momentum=0.075% signal=FLAT action=DRY_RUN_ONLY
2026-06-22 05:04:20 BTC-USD mark=64146.357171955 momentum=0.125% signal=FLAT action=DRY_RUN_ONLY
2026-06-22 05:04:50 BTC-USD mark=64184.493911375 momentum=0.153% signal=FLAT action=DRY_RUN_ONLY
2026-06-22 05:05:20 BTC-USD mark=64183.972302295 momentum=0.167% signal=FLAT action=DRY_RUN_ONLY
2026-06-22 05:05:50 BTC-USD mark=64169.978104965 momentum=0.139% signal=FLAT action=DRY_RUN_ONLY
2026-06-22 05:06:21 BTC-USD mark=64151.969024145 momentum=0.107% signal=FLAT action=DRY_RUN_ONLY
2026-06-22 05:06:51 BTC-USD mark=64158.502403935 momentum=0.107% signal=FLAT action=DRY_RUN_ONLY
2026-06-22 05:07:21 BTC-USD mark=64142.165069645 momentum=0.083% signal=FLAT action=DRY_RUN_ONLY
2026-06-22 05:07:51 BTC-USD mark=64083.39063301 momentum=-0.015% signal=FLAT action=DRY_RUN_ONLY
2026-06-22 05:08:21 BTC-USD mark=64100.59399042 momentum=0.025% signal=FLAT action=DRY_RUN_ONLY
2026-06-22 05:08:51 BTC-USD mark=64127.30840702 momentum=0.053% signal=FLAT action=DRY_RUN_ONLY
2026-06-22 05:09:21 BTC-USD mark=64099.70545695 momentum=-0.001% signal=FLAT action=DRY_RUN_ONLY
2026-06-22 05:09:51 BTC-USD mark=64099.53326717 momentum=-0.008% signal=FLAT action=DRY_RUN_ONLY
2026-06-22 05:10:21 BTC-USD mark=64122.288905995 momentum=0.047% signal=FLAT action=DRY_RUN_ONLY
2026-06-22 05:10:51 BTC-USD mark=64108.029180215 momentum=0.004% signal=FLAT action=DRY_RUN_ONLY
2026-06-22 05:11:21 BTC-USD mark=64114.230462425 momentum=0.003% signal=FLAT action=DRY_RUN_ONLY
2026-06-22 05:11:51 BTC-USD mark=64127.83869126 momentum=0.004% signal=FLAT action=DRY_RUN_ONLY
2026-06-22 05:12:21 BTC-USD mark=64145.727310605 momentum=0.068% signal=FLAT action=DRY_RUN_ONLY
2026-06-22 05:12:51 BTC-USD mark=64148.801451615 momentum=0.061% signal=FLAT action=DRY_RUN_ONLY
2026-06-22 05:13:21 BTC-USD mark=64139.252564635 momentum=0.007% signal=FLAT action=DRY_RUN_ONLY
2026-06-22 05:13:51 BTC-USD mark=64141.545582025 momentum=-0.008% signal=FLAT action=DRY_RUN_ONLY
2026-06-22 05:14:21 BTC-USD mark=64120.528813385 momentum=-0.100% signal=FLAT action=DRY_RUN_ONLY
2026-06-22 05:14:51 BTC-USD mark=64120.15540949 momentum=-0.099% signal=FLAT action=DRY_RUN_ONLY
2026-06-22 05:15:21 BTC-USD mark=64098.14585049 momentum=-0.112% signal=FLAT action=DRY_RUN_ONLY
2026-06-22 05:15:51 BTC-USD mark=64093.851634515 momentum=-0.091% signal=FLAT action=DRY_RUN_ONLY
2026-06-22 05:16:21 BTC-USD mark=64107.32649959 momentum=-0.080% signal=FLAT action=DRY_RUN_ONLY
2026-06-22 05:16:51 BTC-USD mark=64115.16888252 momentum=-0.042% signal=FLAT action=DRY_RUN_ONLY
2026-06-22 05:17:22 BTC-USD mark=64096.09937892 momentum=0.020% signal=FLAT action=DRY_RUN_ONLY
2026-06-22 05:17:52 BTC-USD mark=64115.590566245 momentum=0.023% signal=FLAT action=DRY_RUN_ONLY
2026-06-22 05:18:22 BTC-USD mark=64114.277438265 momentum=-0.020% signal=FLAT action=DRY_RUN_ONLY
2026-06-22 05:18:52 BTC-USD mark=64077.3304185 momentum=-0.035% signal=FLAT action=DRY_RUN_ONLY
2026-06-22 05:19:22 BTC-USD mark=64085.005368635 momentum=-0.023% signal=FLAT action=DRY_RUN_ONLY
2026-06-22 05:19:52 BTC-USD mark=64084.717519655 momentum=-0.059% signal=FLAT action=DRY_RUN_ONLY
2026-06-22 05:20:22 BTC-USD mark=64084.161967845 momentum=-0.037% signal=FLAT action=DRY_RUN_ONLY
2026-06-22 05:20:52 BTC-USD mark=64077.15796042 momentum=-0.058% signal=FLAT action=DRY_RUN_ONLY
2026-06-22 05:21:22 BTC-USD mark=64066.2222953 momentum=-0.096% signal=FLAT action=DRY_RUN_ONLY
2026-06-22 05:21:52 BTC-USD mark=64070.55439657 momentum=-0.117% signal=FLAT action=DRY_RUN_ONLY
2026-06-22 05:22:22 BTC-USD mark=64085.65504478 momentum=-0.098% signal=FLAT action=DRY_RUN_ONLY
2026-06-22 05:22:52 BTC-USD mark=64094.96507152 momentum=-0.069% signal=FLAT action=DRY_RUN_ONLY
2026-06-22 05:23:22 BTC-USD mark=64074.74903978 momentum=-0.104% signal=FLAT action=DRY_RUN_ONLY
2026-06-22 05:23:52 BTC-USD mark=64082.824024725 momentum=-0.059% signal=FLAT action=DRY_RUN_ONLY
2026-06-22 05:24:22 BTC-USD mark=64074.31817823 momentum=-0.071% signal=FLAT action=DRY_RUN_ONLY
2026-06-22 05:24:52 BTC-USD mark=64072.07650058 momentum=-0.041% signal=FLAT action=DRY_RUN_ONLY
2026-06-22 05:25:22 BTC-USD mark=64078.813821825 momentum=-0.023% signal=FLAT action=DRY_RUN_ONLY
2026-06-22 05:25:52 BTC-USD mark=64075.727968995 momentum=-0.049% signal=FLAT action=DRY_RUN_ONLY
2026-06-22 05:26:22 BTC-USD mark=64055.68160687 momentum=-0.093% signal=FLAT action=DRY_RUN_ONLY
2026-06-22 05:26:52 BTC-USD mark=64050.9956756 momentum=-0.070% signal=FLAT action=DRY_RUN_ONLY
2026-06-22 05:27:22 BTC-USD mark=64029.607134625 momentum=-0.134% signal=FLAT action=DRY_RUN_ONLY
2026-06-22 05:27:52 BTC-USD mark=64037.546348835 momentum=-0.120% signal=FLAT action=DRY_RUN_ONLY
2026-06-22 05:28:22 BTC-USD mark=64037.285428485 momentum=-0.062% signal=FLAT action=DRY_RUN_ONLY
2026-06-22 05:28:53 BTC-USD mark=64032.02592587 momentum=-0.083% signal=FLAT action=DRY_RUN_ONLY
2026-06-22 05:29:23 BTC-USD mark=64054.30780961 momentum=-0.047% signal=FLAT action=DRY_RUN_ONLY
2026-06-22 05:29:53 BTC-USD mark=64053.111763775 momentum=-0.048% signal=FLAT action=DRY_RUN_ONLY
2026-06-22 05:30:23 BTC-USD mark=64033.07791168 momentum=-0.069% signal=FLAT action=DRY_RUN_ONLY
2026-06-22 05:30:53 BTC-USD mark=64056.85555598 momentum=-0.015% signal=FLAT action=DRY_RUN_ONLY
2026-06-22 05:31:23 BTC-USD mark=64054.217431395 momentum=-0.025% signal=FLAT action=DRY_RUN_ONLY
2026-06-22 05:31:53 BTC-USD mark=64042.61702281 momentum=-0.067% signal=FLAT action=DRY_RUN_ONLY
2026-06-22 05:32:23 BTC-USD mark=64058.013488065 momentum=-0.058% signal=FLAT action=DRY_RUN_ONLY
2026-06-22 05:32:53 BTC-USD mark=64067.79286695 momentum=-0.011% signal=FLAT action=DRY_RUN_ONLY
2026-06-22 05:33:23 BTC-USD mark=64046.77459698 momentum=-0.056% signal=FLAT action=DRY_RUN_ONLY
2026-06-22 05:33:53 BTC-USD mark=64128.926683455 momentum=0.085% signal=FLAT action=DRY_RUN_ONLY
2026-06-22 05:34:23 BTC-USD mark=64111.21293809 momentum=0.061% signal=FLAT action=DRY_RUN_ONLY
2026-06-22 05:34:53 BTC-USD mark=64084.427123565 momentum=0.009% signal=FLAT action=DRY_RUN_ONLY
2026-06-22 05:35:23 BTC-USD mark=64086.924678735 momentum=0.017% signal=FLAT action=DRY_RUN_ONLY
2026-06-22 05:35:53 BTC-USD mark=64058.70122981 momentum=0.005% signal=FLAT action=DRY_RUN_ONLY
2026-06-22 05:36:23 BTC-USD mark=64070.17605631 momentum=0.030% signal=FLAT action=DRY_RUN_ONLY
2026-06-22 05:36:53 BTC-USD mark=64048.22493235 momentum=0.029% signal=FLAT action=DRY_RUN_ONLY
2026-06-22 05:37:23 BTC-USD mark=64051.44163351 momentum=0.022% signal=FLAT action=DRY_RUN_ONLY
2026-06-22 05:37:54 BTC-USD mark=64041.94840473 momentum=0.007% signal=FLAT action=DRY_RUN_ONLY
2026-06-22 05:38:24 BTC-USD mark=64027.40441239 momentum=-0.007% signal=FLAT action=DRY_RUN_ONLY
2026-06-22 05:38:54 BTC-USD mark=64020.40158884 momentum=-0.053% signal=FLAT action=DRY_RUN_ONLY
2026-06-22 05:39:24 BTC-USD mark=64002.948684105 momentum=-0.078% signal=FLAT action=DRY_RUN_ONLY
2026-06-22 05:39:54 BTC-USD mark=64000.020544865 momentum=-0.052% signal=FLAT action=DRY_RUN_ONLY
2026-06-22 05:40:24 BTC-USD mark=64017.58617797 momentum=-0.061% signal=FLAT action=DRY_RUN_ONLY
2026-06-22 05:40:54 BTC-USD mark=64009.65025444 momentum=-0.070% signal=FLAT action=DRY_RUN_ONLY
2026-06-22 05:41:24 BTC-USD mark=64021.625772035 momentum=-0.033% signal=FLAT action=DRY_RUN_ONLY
2026-06-22 05:41:54 BTC-USD mark=64014.030535705 momentum=-0.069% signal=FLAT action=DRY_RUN_ONLY
2026-06-22 05:42:24 BTC-USD mark=64034.003599675 momentum=-0.053% signal=FLAT action=DRY_RUN_ONLY
2026-06-22 05:42:54 BTC-USD mark=64042.94920603 momentum=-0.006% signal=FLAT action=DRY_RUN_ONLY
2026-06-22 05:43:24 BTC-USD mark=64047.661622515 momentum=-0.127% signal=FLAT action=DRY_RUN_ONLY
2026-06-22 05:43:54 BTC-USD mark=64046.164483565 momentum=-0.101% signal=FLAT action=DRY_RUN_ONLY
2026-06-22 05:44:24 BTC-USD mark=64056.886492225 momentum=-0.043% signal=FLAT action=DRY_RUN_ONLY
2026-06-22 05:44:54 BTC-USD mark=64064.639663375 momentum=-0.035% signal=FLAT action=DRY_RUN_ONLY
2026-06-22 05:45:24 BTC-USD mark=64051.5025422 momentum=-0.011% signal=FLAT action=DRY_RUN_ONLY
2026-06-22 05:45:54 BTC-USD mark=64044.02143851 momentum=-0.041% signal=FLAT action=DRY_RUN_ONLY
2026-06-22 05:46:24 BTC-USD mark=64032.389168375 momentum=-0.025% signal=FLAT action=DRY_RUN_ONLY
2026-06-22 05:46:54 BTC-USD mark=64032.722391345 momentum=-0.029% signal=FLAT action=DRY_RUN_ONLY
2026-06-22 05:47:24 BTC-USD mark=64049.09892001 momentum=0.011% signal=FLAT action=DRY_RUN_ONLY
2026-06-22 05:47:54 BTC-USD mark=64061.88072368 momentum=0.054% signal=FLAT action=DRY_RUN_ONLY
2026-06-22 05:48:24 BTC-USD mark=64070.904025275 momentum=0.079% signal=FLAT action=DRY_RUN_ONLY
2026-06-22 05:48:55 BTC-USD mark=64063.55222085 momentum=0.095% signal=FLAT action=DRY_RUN_ONLY
2026-06-22 05:49:25 BTC-USD mark=64060.217337015 momentum=0.094% signal=FLAT action=DRY_RUN_ONLY
2026-06-22 05:49:55 BTC-USD mark=64059.120863315 momentum=0.065% signal=FLAT action=DRY_RUN_ONLY
2026-06-22 05:50:25 BTC-USD mark=64054.27621916 momentum=0.070% signal=FLAT action=DRY_RUN_ONLY
2026-06-22 05:50:55 BTC-USD mark=64059.16213615 momentum=0.059% signal=FLAT action=DRY_RUN_ONLY
2026-06-22 05:51:25 BTC-USD mark=64052.924511905 momentum=0.061% signal=FLAT action=DRY_RUN_ONLY
2026-06-22 05:51:55 BTC-USD mark=64054.885310945 momentum=0.033% signal=FLAT action=DRY_RUN_ONLY
2026-06-22 05:52:25 BTC-USD mark=64050.025561935 momentum=0.011% signal=FLAT action=DRY_RUN_ONLY
2026-06-22 05:52:55 BTC-USD mark=64069.896493995 momentum=0.035% signal=FLAT action=DRY_RUN_ONLY
2026-06-22 05:53:25 BTC-USD mark=64077.48453432 momentum=0.049% signal=FLAT action=DRY_RUN_ONLY
2026-06-22 05:53:55 BTC-USD mark=64075.838960335 momentum=0.030% signal=FLAT action=DRY_RUN_ONLY
2026-06-22 05:54:25 BTC-USD mark=64082.98204759 momentum=0.029% signal=FLAT action=DRY_RUN_ONLY
2026-06-22 05:54:55 BTC-USD mark=64081.409295735 momentum=0.047% signal=FLAT action=DRY_RUN_ONLY
2026-06-22 05:55:25 BTC-USD mark=64070.03186699 momentum=0.041% signal=FLAT action=DRY_RUN_ONLY
2026-06-22 05:55:55 BTC-USD mark=64077.50435026 momentum=0.070% signal=FLAT action=DRY_RUN_ONLY
2026-06-22 05:56:25 BTC-USD mark=64068.414392795 momentum=0.056% signal=FLAT action=DRY_RUN_ONLY
2026-06-22 05:56:55 BTC-USD mark=64061.220539745 momentum=0.019% signal=FLAT action=DRY_RUN_ONLY
2026-06-22 05:57:25 BTC-USD mark=64063.58931432 momentum=0.003% signal=FLAT action=DRY_RUN_ONLY
2026-06-22 05:57:55 BTC-USD mark=64063.61973586 momentum=-0.011% signal=FLAT action=DRY_RUN_ONLY
2026-06-22 05:58:25 BTC-USD mark=64063.94998795 momentum=0.001% signal=FLAT action=DRY_RUN_ONLY
2026-06-22 05:58:55 BTC-USD mark=64056.418192335 momentum=-0.006% signal=FLAT action=DRY_RUN_ONLY
2026-06-22 05:59:25 BTC-USD mark=64069.56373133 momentum=0.016% signal=FLAT action=DRY_RUN_ONLY
2026-06-22 05:59:55 BTC-USD mark=64080.438896245 momentum=0.041% signal=FLAT action=DRY_RUN_ONLY
2026-06-22 06:00:25 BTC-USD mark=64062.60562725 momentum=0.005% signal=FLAT action=DRY_RUN_ONLY
2026-06-22 06:00:56 BTC-USD mark=64080.74861375 momentum=0.043% signal=FLAT action=DRY_RUN_ONLY
2026-06-22 06:01:26 BTC-USD mark=64096.102723285 momentum=0.064% signal=FLAT action=DRY_RUN_ONLY
2026-06-22 06:01:56 BTC-USD mark=64093.7284979 momentum=0.068% signal=FLAT action=DRY_RUN_ONLY
2026-06-22 06:02:26 BTC-USD mark=64093.265 momentum=0.036% signal=FLAT action=DRY_RUN_ONLY
2026-06-22 06:02:56 BTC-USD mark=64127.00125502 momentum=0.077% signal=FLAT action=DRY_RUN_ONLY
2026-06-22 06:03:26 BTC-USD mark=64118.695 momentum=0.067% signal=FLAT action=DRY_RUN_ONLY
2026-06-22 06:03:56 BTC-USD mark=64128.56305762 momentum=0.071% signal=FLAT action=DRY_RUN_ONLY
2026-06-22 06:04:26 BTC-USD mark=64140.44665155 momentum=0.092% signal=FLAT action=DRY_RUN_ONLY
2026-06-22 06:04:56 BTC-USD mark=64134.785 momentum=0.101% signal=FLAT action=DRY_RUN_ONLY
2026-06-22 06:05:26 BTC-USD mark=64126.58 momentum=0.077% signal=FLAT action=DRY_RUN_ONLY
2026-06-22 06:05:56 BTC-USD mark=64137.85 momentum=0.108% signal=FLAT action=DRY_RUN_ONLY
2026-06-22 06:06:26 BTC-USD mark=64152.51164823 momentum=0.143% signal=FLAT action=DRY_RUN_ONLY
2026-06-22 06:06:56 BTC-USD mark=64178.2505097 momentum=0.179% signal=FLAT action=DRY_RUN_ONLY
2026-06-22 06:07:26 BTC-USD mark=64191.32 momentum=0.199% signal=FLAT action=DRY_RUN_ONLY
2026-06-22 06:07:56 BTC-USD mark=64203.31881258 momentum=0.218% signal=FLAT action=DRY_RUN_ONLY
2026-06-22 06:08:26 BTC-USD mark=64191.311167375 momentum=0.211% signal=FLAT action=DRY_RUN_ONLY
2026-06-22 06:08:56 BTC-USD mark=64189.1901095 momentum=0.187% signal=FLAT action=DRY_RUN_ONLY
2026-06-22 06:09:26 BTC-USD mark=64198.325 momentum=0.184% signal=FLAT action=DRY_RUN_ONLY
2026-06-22 06:09:56 BTC-USD mark=64195.095 momentum=0.207% signal=FLAT action=DRY_RUN_ONLY
2026-06-22 06:10:26 BTC-USD mark=64188.57 momentum=0.168% signal=FLAT action=DRY_RUN_ONLY
2026-06-22 06:10:57 BTC-USD mark=64176.735 momentum=0.126% signal=FLAT action=DRY_RUN_ONLY
2026-06-22 06:11:27 BTC-USD mark=64162.43760746 momentum=0.107% signal=FLAT action=DRY_RUN_ONLY
2026-06-22 06:11:57 BTC-USD mark=64174.121256 momentum=0.126% signal=FLAT action=DRY_RUN_ONLY
2026-06-22 06:12:27 BTC-USD mark=64167.501551945 momentum=0.063% signal=FLAT action=DRY_RUN_ONLY
2026-06-22 06:12:57 BTC-USD mark=64177.87447962 momentum=0.092% signal=FLAT action=DRY_RUN_ONLY
2026-06-22 06:13:27 BTC-USD mark=64170.81835766 momentum=0.066% signal=FLAT action=DRY_RUN_ONLY
2026-06-22 06:13:57 BTC-USD mark=64169.715 momentum=0.046% signal=FLAT action=DRY_RUN_ONLY
2026-06-22 06:14:27 BTC-USD mark=64147.31092129 momentum=0.020% signal=FLAT action=DRY_RUN_ONLY
2026-06-22 06:14:57 BTC-USD mark=64148.53159508 momentum=0.034% signal=FLAT action=DRY_RUN_ONLY
2026-06-22 06:15:27 BTC-USD mark=64144.895 momentum=0.011% signal=FLAT action=DRY_RUN_ONLY
2026-06-22 06:15:57 BTC-USD mark=64147.21371186 momentum=-0.008% signal=FLAT action=DRY_RUN_ONLY
2026-06-22 06:16:27 BTC-USD mark=64156.64356982 momentum=-0.034% signal=FLAT action=DRY_RUN_ONLY
2026-06-22 06:16:57 BTC-USD mark=64171.12108663 momentum=-0.031% signal=FLAT action=DRY_RUN_ONLY
2026-06-22 06:17:27 BTC-USD mark=64135.31 momentum=-0.106% signal=FLAT action=DRY_RUN_ONLY
2026-06-22 06:17:57 BTC-USD mark=64154.9635552 momentum=-0.057% signal=FLAT action=DRY_RUN_ONLY
2026-06-22 06:18:27 BTC-USD mark=64139.229889675 momentum=-0.078% signal=FLAT action=DRY_RUN_ONLY
2026-06-22 06:18:57 BTC-USD mark=64140.40572501 momentum=-0.090% signal=FLAT action=DRY_RUN_ONLY
2026-06-22 06:19:28 BTC-USD mark=64140.621388355 momentum=-0.085% signal=FLAT action=DRY_RUN_ONLY
2026-06-22 06:19:58 BTC-USD mark=64108.399039955 momentum=-0.125% signal=FLAT action=DRY_RUN_ONLY
2026-06-22 06:20:28 BTC-USD mark=64104.66568435 momentum=-0.112% signal=FLAT action=DRY_RUN_ONLY
2026-06-22 06:20:58 BTC-USD mark=64088.35896076 momentum=-0.115% signal=FLAT action=DRY_RUN_ONLY
2026-06-22 06:21:28 BTC-USD mark=64102.910176045 momentum=-0.111% signal=FLAT action=DRY_RUN_ONLY
2026-06-22 06:21:58 BTC-USD mark=64118.083497495 momentum=-0.077% signal=FLAT action=DRY_RUN_ONLY
2026-06-22 06:22:28 BTC-USD mark=64112.159482955 momentum=-0.102% signal=FLAT action=DRY_RUN_ONLY
2026-06-22 06:22:58 BTC-USD mark=64125.32786584 momentum=-0.071% signal=FLAT action=DRY_RUN_ONLY
2026-06-22 06:23:28 BTC-USD mark=64127.567593295 momentum=-0.066% signal=FLAT action=DRY_RUN_ONLY
2026-06-22 06:23:58 BTC-USD mark=64138.66518885 momentum=-0.013% signal=FLAT action=DRY_RUN_ONLY
2026-06-22 06:24:28 BTC-USD mark=64129.577443335 momentum=-0.030% signal=FLAT action=DRY_RUN_ONLY
2026-06-22 06:24:58 BTC-USD mark=64110.585952185 momentum=-0.053% signal=FLAT action=DRY_RUN_ONLY
2026-06-22 06:25:28 BTC-USD mark=64123.35231232 momentum=-0.037% signal=FLAT action=DRY_RUN_ONLY
2026-06-22 06:25:58 BTC-USD mark=64115.17459845 momentum=-0.065% signal=FLAT action=DRY_RUN_ONLY
2026-06-22 06:26:28 BTC-USD mark=64118.060753125 momentum=-0.083% signal=FLAT action=DRY_RUN_ONLY
2026-06-22 06:26:58 BTC-USD mark=64106.28286097 momentum=-0.045% signal=FLAT action=DRY_RUN_ONLY
2026-06-22 06:27:28 BTC-USD mark=64114.282784755 momentum=-0.063% signal=FLAT action=DRY_RUN_ONLY
2026-06-22 06:27:58 BTC-USD mark=64125.165476405 momentum=-0.022% signal=FLAT action=DRY_RUN_ONLY
2026-06-22 06:28:28 BTC-USD mark=64125.220533725 momentum=-0.024% signal=FLAT action=DRY_RUN_ONLY
2026-06-22 06:28:59 BTC-USD mark=64125.640395675 momentum=-0.023% signal=FLAT action=DRY_RUN_ONLY
2026-06-22 06:29:29 BTC-USD mark=64111.369901775 momentum=0.005% signal=FLAT action=DRY_RUN_ONLY
2026-06-22 06:29:59 BTC-USD mark=64115.94333608 momentum=0.018% signal=FLAT action=DRY_RUN_ONLY
2026-06-22 06:30:29 BTC-USD mark=64104.540145995 momentum=0.025% signal=FLAT action=DRY_RUN_ONLY
2026-06-22 06:30:59 BTC-USD mark=64091.278140405 momentum=-0.018% signal=FLAT action=DRY_RUN_ONLY
2026-06-22 06:31:29 BTC-USD mark=64119.810661415 momentum=0.003% signal=FLAT action=DRY_RUN_ONLY
2026-06-22 06:31:59 BTC-USD mark=64121.8094418 momentum=0.015% signal=FLAT action=DRY_RUN_ONLY
2026-06-22 06:32:29 BTC-USD mark=64121.49397087 momentum=-0.006% signal=FLAT action=DRY_RUN_ONLY
2026-06-22 06:32:59 BTC-USD mark=64092.69522953 momentum=-0.054% signal=FLAT action=DRY_RUN_ONLY
2026-06-22 06:33:29 BTC-USD mark=64101.91278276 momentum=-0.057% signal=FLAT action=DRY_RUN_ONLY
2026-06-22 06:33:59 BTC-USD mark=64103.32038214 momentum=-0.041% signal=FLAT action=DRY_RUN_ONLY
2026-06-22 06:34:29 BTC-USD mark=64114.60106107 momentum=0.006% signal=FLAT action=DRY_RUN_ONLY
2026-06-22 06:34:59 BTC-USD mark=64105.568470735 momentum=-0.028% signal=FLAT action=DRY_RUN_ONLY
2026-06-22 06:35:29 BTC-USD mark=64100.59255246 momentum=-0.023% signal=FLAT action=DRY_RUN_ONLY
2026-06-22 06:35:59 BTC-USD mark=64090.643390425 momentum=-0.043% signal=FLAT action=DRY_RUN_ONLY
2026-06-22 06:36:29 BTC-USD mark=64089.90030867 momentum=-0.026% signal=FLAT action=DRY_RUN_ONLY
2026-06-22 06:36:59 BTC-USD mark=64085.0849256 momentum=-0.046% signal=FLAT action=DRY_RUN_ONLY
2026-06-22 06:37:29 BTC-USD mark=64083.56614056 momentum=-0.065% signal=FLAT action=DRY_RUN_ONLY
2026-06-22 06:37:59 BTC-USD mark=64072.337632285 momentum=-0.082% signal=FLAT action=DRY_RUN_ONLY
2026-06-22 06:38:29 BTC-USD mark=64065.351145305 momentum=-0.094% signal=FLAT action=DRY_RUN_ONLY
2026-06-22 06:39:00 BTC-USD mark=64069.46421765 momentum=-0.065% signal=FLAT action=DRY_RUN_ONLY
2026-06-22 06:39:30 BTC-USD mark=64067.63724571 momentum=-0.075% signal=FLAT action=DRY_RUN_ONLY
2026-06-22 06:40:00 BTC-USD mark=64056.30260925 momentum=-0.075% signal=FLAT action=DRY_RUN_ONLY
2026-06-22 06:40:30 BTC-USD mark=64045.52473132 momentum=-0.071% signal=FLAT action=DRY_RUN_ONLY
2026-06-22 06:41:00 BTC-USD mark=64046.184468555 momentum=-0.115% signal=FLAT action=DRY_RUN_ONLY
2026-06-22 06:41:30 BTC-USD mark=64040.49098015 momentum=-0.127% signal=FLAT action=DRY_RUN_ONLY
2026-06-22 06:42:00 BTC-USD mark=64038.8569908 momentum=-0.129% signal=FLAT action=DRY_RUN_ONLY
2026-06-22 06:42:30 BTC-USD mark=64045.49112764 momentum=-0.074% signal=FLAT action=DRY_RUN_ONLY
2026-06-22 06:43:00 BTC-USD mark=64041.45873834 momentum=-0.094% signal=FLAT action=DRY_RUN_ONLY
2026-06-22 06:43:30 BTC-USD mark=64028.48314145 momentum=-0.117% signal=FLAT action=DRY_RUN_ONLY
2026-06-22 06:44:00 BTC-USD mark=64023.972637875 momentum=-0.141% signal=FLAT action=DRY_RUN_ONLY
2026-06-22 06:44:30 BTC-USD mark=64015.780621425 momentum=-0.140% signal=FLAT action=DRY_RUN_ONLY
2026-06-22 06:45:00 BTC-USD mark=64046.526093995 momentum=-0.084% signal=FLAT action=DRY_RUN_ONLY
2026-06-22 06:45:30 BTC-USD mark=64044.818779425 momentum=-0.071% signal=FLAT action=DRY_RUN_ONLY
2026-06-22 06:46:00 BTC-USD mark=64054.97230365 momentum=-0.054% signal=FLAT action=DRY_RUN_ONLY
2026-06-22 06:46:30 BTC-USD mark=64065.500535005 momentum=-0.031% signal=FLAT action=DRY_RUN_ONLY
2026-06-22 06:47:00 BTC-USD mark=64076.07822577 momentum=-0.012% signal=FLAT action=DRY_RUN_ONLY
2026-06-22 06:47:30 BTC-USD mark=64063.14339612 momentum=-0.014% signal=FLAT action=DRY_RUN_ONLY
2026-06-22 06:48:00 BTC-USD mark=64061.876903095 momentum=-0.005% signal=FLAT action=DRY_RUN_ONLY
2026-06-22 06:48:30 BTC-USD mark=64067.429306875 momentum=-0.003% signal=FLAT action=DRY_RUN_ONLY
2026-06-22 06:49:01 BTC-USD mark=64066.801136305 momentum=-0.001% signal=FLAT action=DRY_RUN_ONLY
2026-06-22 06:49:31 BTC-USD mark=64093.102555805 momentum=0.057% signal=FLAT action=DRY_RUN_ONLY
2026-06-22 06:50:01 BTC-USD mark=64106.38965253 momentum=0.095% signal=FLAT action=DRY_RUN_ONLY
2026-06-22 06:50:31 BTC-USD mark=64105.1660663 momentum=0.092% signal=FLAT action=DRY_RUN_ONLY
2026-06-22 06:51:01 BTC-USD mark=64115.29880243 momentum=0.117% signal=FLAT action=DRY_RUN_ONLY
2026-06-22 06:51:31 BTC-USD mark=64110.6372487 momentum=0.112% signal=FLAT action=DRY_RUN_ONLY
2026-06-22 06:52:01 BTC-USD mark=64113.565784965 momentum=0.106% signal=FLAT action=DRY_RUN_ONLY
2026-06-22 06:52:31 BTC-USD mark=64095.453234355 momentum=0.084% signal=FLAT action=DRY_RUN_ONLY
2026-06-22 06:53:01 BTC-USD mark=64103.459869205 momentum=0.117% signal=FLAT action=DRY_RUN_ONLY
2026-06-22 06:53:31 BTC-USD mark=64111.603495845 momentum=0.137% signal=FLAT action=DRY_RUN_ONLY
2026-06-22 06:54:01 BTC-USD mark=64111.653775205 momentum=0.150% signal=FLAT action=DRY_RUN_ONLY
2026-06-22 06:54:31 BTC-USD mark=64106.452875165 momentum=0.094% signal=FLAT action=DRY_RUN_ONLY
2026-06-22 06:55:01 BTC-USD mark=64098.028558925 momentum=0.083% signal=FLAT action=DRY_RUN_ONLY
2026-06-22 06:55:31 BTC-USD mark=64106.78017547 momentum=0.081% signal=FLAT action=DRY_RUN_ONLY
2026-06-22 06:56:01 BTC-USD mark=64101.62886062 momentum=0.056% signal=FLAT action=DRY_RUN_ONLY
2026-06-22 06:56:31 BTC-USD mark=64099.561806065 momentum=0.037% signal=FLAT action=DRY_RUN_ONLY
2026-06-22 06:57:01 BTC-USD mark=64080.639827545 momentum=0.027% signal=FLAT action=DRY_RUN_ONLY
2026-06-22 06:57:31 BTC-USD mark=64073.791294525 momentum=0.019% signal=FLAT action=DRY_RUN_ONLY
2026-06-22 06:58:01 BTC-USD mark=64081.64002244 momentum=0.022% signal=FLAT action=DRY_RUN_ONLY
2026-06-22 06:58:32 BTC-USD mark=64069.79248705 momentum=0.005% signal=FLAT action=DRY_RUN_ONLY
2026-06-22 06:59:02 BTC-USD mark=64082.345025525 momentum=-0.017% signal=FLAT action=DRY_RUN_ONLY
2026-06-22 06:59:32 BTC-USD mark=64079.66383193 momentum=-0.042% signal=FLAT action=DRY_RUN_ONLY
2026-06-22 07:00:02 BTC-USD mark=64082.071230085 momentum=-0.036% signal=FLAT action=DRY_RUN_ONLY
2026-06-22 07:00:32 BTC-USD mark=64058.33000846 momentum=-0.089% signal=FLAT action=DRY_RUN_ONLY
2026-06-22 07:01:02 BTC-USD mark=64042.49784041 momentum=-0.106% signal=FLAT action=DRY_RUN_ONLY
2026-06-22 07:01:32 BTC-USD mark=64079.472424765 momentum=-0.053% signal=FLAT action=DRY_RUN_ONLY
2026-06-22 07:02:02 BTC-USD mark=64067.92131844 momentum=-0.043% signal=FLAT action=DRY_RUN_ONLY
2026-06-22 07:02:32 BTC-USD mark=64066.864286145 momentum=-0.057% signal=FLAT action=DRY_RUN_ONLY
2026-06-22 07:03:02 BTC-USD mark=64076.547583615 momentum=-0.055% signal=FLAT action=DRY_RUN_ONLY
2026-06-22 07:03:32 BTC-USD mark=64077.25397508 momentum=-0.054% signal=FLAT action=DRY_RUN_ONLY
2026-06-22 07:04:02 BTC-USD mark=64070.94948448 momentum=-0.055% signal=FLAT action=DRY_RUN_ONLY
2026-06-22 07:04:33 BTC-USD mark=64088.57009183 momentum=-0.015% signal=FLAT action=DRY_RUN_ONLY
2026-06-22 07:05:03 BTC-USD mark=64158.76047557 momentum=0.081% signal=FLAT action=DRY_RUN_ONLY
2026-06-22 07:05:33 BTC-USD mark=64185.62703998 momentum=0.131% signal=FLAT action=DRY_RUN_ONLY
2026-06-22 07:06:03 BTC-USD mark=64280.449244825 momentum=0.282% signal=FLAT action=DRY_RUN_ONLY
2026-06-22 07:06:33 BTC-USD mark=64284.09014391 momentum=0.317% signal=FLAT action=DRY_RUN_ONLY
2026-06-22 07:07:03 BTC-USD mark=64302.553272835 momentum=0.357% signal=MOMENTUM_UP action=DRY_RUN_ONLY
2026-06-22 07:07:33 BTC-USD mark=64267.45151888 momentum=0.290% signal=FLAT action=DRY_RUN_ONLY
2026-06-22 07:08:03 BTC-USD mark=64267.44794051 momentum=0.309% signal=FLAT action=DRY_RUN_ONLY
2026-06-22 07:08:33 BTC-USD mark=64258.45407092 momentum=0.275% signal=FLAT action=DRY_RUN_ONLY
2026-06-22 07:09:03 BTC-USD mark=64251.694390115 momentum=0.268% signal=FLAT action=DRY_RUN_ONLY
2026-06-22 07:09:33 BTC-USD mark=64269.10418968 momentum=0.292% signal=FLAT action=DRY_RUN_ONLY
2026-06-22 07:10:03 BTC-USD mark=64272.8684661 momentum=0.335% signal=FLAT action=DRY_RUN_ONLY
2026-06-22 07:10:33 BTC-USD mark=64243.70798094 momentum=0.314% signal=FLAT action=DRY_RUN_ONLY
2026-06-22 07:11:03 BTC-USD mark=64216.343422275 momentum=0.214% signal=FLAT action=DRY_RUN_ONLY
2026-06-22 07:11:34 BTC-USD mark=64177.111083775 momentum=0.170% signal=FLAT action=DRY_RUN_ONLY
2026-06-22 07:12:04 BTC-USD mark=64210.795811655 momentum=0.225% signal=FLAT action=DRY_RUN_ONLY
2026-06-22 07:12:34 BTC-USD mark=64299.754662935 momentum=0.348% signal=FLAT action=DRY_RUN_ONLY
2026-06-22 07:13:04 BTC-USD mark=64283.07756501 momentum=0.321% signal=FLAT action=DRY_RUN_ONLY
2026-06-22 07:13:34 BTC-USD mark=64259.90939961 momentum=0.295% signal=FLAT action=DRY_RUN_ONLY
2026-06-22 07:14:04 BTC-USD mark=64276.043291145 momentum=0.293% signal=FLAT action=DRY_RUN_ONLY
2026-06-22 07:14:34 BTC-USD mark=64261.661037325 momentum=0.160% signal=FLAT action=DRY_RUN_ONLY
2026-06-22 07:15:04 BTC-USD mark=64251.65573493 momentum=0.103% signal=FLAT action=DRY_RUN_ONLY
2026-06-22 07:15:34 BTC-USD mark=64224.529398395 momentum=-0.087% signal=FLAT action=DRY_RUN_ONLY
2026-06-22 07:16:04 BTC-USD mark=64234.57401746 momentum=-0.077% signal=FLAT action=DRY_RUN_ONLY
2026-06-22 07:16:34 BTC-USD mark=64190.510526495 momentum=-0.174% signal=FLAT action=DRY_RUN_ONLY
2026-06-22 07:17:05 BTC-USD mark=64215.435530795 momentum=-0.081% signal=FLAT action=DRY_RUN_ONLY
2026-06-22 07:17:35 BTC-USD mark=64256.017233455 momentum=-0.018% signal=FLAT action=DRY_RUN_ONLY
2026-06-22 07:18:05 BTC-USD mark=64253.300466665 momentum=-0.008% signal=FLAT action=DRY_RUN_ONLY
2026-06-22 07:18:35 BTC-USD mark=64261.888094465 momentum=0.016% signal=FLAT action=DRY_RUN_ONLY
2026-06-22 07:19:05 BTC-USD mark=64250.93990938 momentum=-0.028% signal=FLAT action=DRY_RUN_ONLY
2026-06-22 07:19:35 BTC-USD mark=64218.113799715 momentum=-0.085% signal=FLAT action=DRY_RUN_ONLY
2026-06-22 07:20:05 BTC-USD mark=64216.145849835 momentum=-0.043% signal=FLAT action=DRY_RUN_ONLY
2026-06-22 07:20:35 BTC-USD mark=64234.66131357 momentum=0.029% signal=FLAT action=DRY_RUN_ONLY
2026-06-22 07:21:05 BTC-USD mark=64221.62061716 momentum=0.069% signal=FLAT action=DRY_RUN_ONLY
2026-06-22 07:21:35 BTC-USD mark=64190.624947095 momentum=-0.031% signal=FLAT action=DRY_RUN_ONLY
2026-06-22 07:22:05 BTC-USD mark=64179.246767055 momentum=-0.187% signal=FLAT action=DRY_RUN_ONLY
2026-06-22 07:22:35 BTC-USD mark=64205.187179665 momentum=-0.121% signal=FLAT action=DRY_RUN_ONLY
2026-06-22 07:23:05 BTC-USD mark=64193.962448525 momentum=-0.103% signal=FLAT action=DRY_RUN_ONLY
2026-06-22 07:23:35 BTC-USD mark=64193.766366285 momentum=-0.128% signal=FLAT action=DRY_RUN_ONLY
2026-06-22 07:24:05 BTC-USD mark=64199.478110765 momentum=-0.097% signal=FLAT action=DRY_RUN_ONLY
2026-06-22 07:24:35 BTC-USD mark=64226.96364366 momentum=-0.038% signal=FLAT action=DRY_RUN_ONLY
2026-06-22 07:25:06 BTC-USD mark=64281.804337105 momentum=0.089% signal=FLAT action=DRY_RUN_ONLY
2026-06-22 07:25:36 BTC-USD mark=64262.54008143 momentum=0.044% signal=FLAT action=DRY_RUN_ONLY
2026-06-22 07:26:06 BTC-USD mark=64241.62167288 momentum=0.080% signal=FLAT action=DRY_RUN_ONLY
2026-06-22 07:26:36 BTC-USD mark=64391.59309999 momentum=0.274% signal=FLAT action=DRY_RUN_ONLY
2026-06-22 07:27:06 BTC-USD mark=64366.67925857 momentum=0.172% signal=FLAT action=DRY_RUN_ONLY
2026-06-22 07:27:36 BTC-USD mark=64364.052738815 momentum=0.172% signal=FLAT action=DRY_RUN_ONLY
2026-06-22 07:28:06 BTC-USD mark=64353.19619643 momentum=0.142% signal=FLAT action=DRY_RUN_ONLY
2026-06-22 07:28:36 BTC-USD mark=64338.548027235 momentum=0.136% signal=FLAT action=DRY_RUN_ONLY
2026-06-22 07:29:06 BTC-USD mark=64341.38355543 momentum=0.192% signal=FLAT action=DRY_RUN_ONLY
2026-06-22 07:29:36 BTC-USD mark=64322.53961664 momentum=0.166% signal=FLAT action=DRY_RUN_ONLY
2026-06-22 07:30:06 BTC-USD mark=64311.60472559 momentum=0.120% signal=FLAT action=DRY_RUN_ONLY
2026-06-22 07:30:36 BTC-USD mark=64311.40153331 momentum=0.140% signal=FLAT action=DRY_RUN_ONLY
2026-06-22 07:31:06 BTC-USD mark=64378.6590436 momentum=0.293% signal=FLAT action=DRY_RUN_ONLY
2026-06-22 07:31:36 BTC-USD mark=64393.638219555 momentum=0.334% signal=FLAT action=DRY_RUN_ONLY
2026-06-22 07:32:07 BTC-USD mark=64388.57250063 momentum=0.286% signal=FLAT action=DRY_RUN_ONLY
2026-06-22 07:32:37 BTC-USD mark=64419.31706335 momentum=0.351% signal=MOMENTUM_UP action=DRY_RUN_ONLY
2026-06-22 07:33:07 BTC-USD mark=64534.998395105 momentum=0.532% signal=MOMENTUM_UP action=DRY_RUN_ONLY
2026-06-22 07:33:37 BTC-USD mark=64544.61592071 momentum=0.538% signal=MOMENTUM_UP action=DRY_RUN_ONLY
2026-06-22 07:34:07 BTC-USD mark=64514.648101885 momentum=0.448% signal=MOMENTUM_UP action=DRY_RUN_ONLY
2026-06-22 07:34:37 BTC-USD mark=64533.07260358 momentum=0.391% signal=MOMENTUM_UP action=DRY_RUN_ONLY
2026-06-22 07:35:07 BTC-USD mark=64567.90106004 momentum=0.475% signal=MOMENTUM_UP action=DRY_RUN_ONLY
2026-06-22 07:35:37 BTC-USD mark=64533.38516592 momentum=0.454% signal=MOMENTUM_UP action=DRY_RUN_ONLY
2026-06-22 07:36:07 BTC-USD mark=64602.931856575 momentum=0.328% signal=FLAT action=DRY_RUN_ONLY
2026-06-22 07:36:37 BTC-USD mark=64608.172832535 momentum=0.375% signal=MOMENTUM_UP action=DRY_RUN_ONLY
2026-06-22 07:37:07 BTC-USD mark=64668.444608985 momentum=0.473% signal=MOMENTUM_UP action=DRY_RUN_ONLY
2026-06-22 07:37:37 BTC-USD mark=64677.740629415 momentum=0.504% signal=MOMENTUM_UP action=DRY_RUN_ONLY
2026-06-22 07:38:08 BTC-USD mark=64638.623897695 momentum=0.466% signal=MOMENTUM_UP action=DRY_RUN_ONLY
2026-06-22 07:38:38 BTC-USD mark=64622.05497502 momentum=0.436% signal=MOMENTUM_UP action=DRY_RUN_ONLY
2026-06-22 07:39:08 BTC-USD mark=64583.380149915 momentum=0.406% signal=MOMENTUM_UP action=DRY_RUN_ONLY
2026-06-22 07:39:38 BTC-USD mark=64578.445581645 momentum=0.415% signal=MOMENTUM_UP action=DRY_RUN_ONLY
2026-06-22 07:40:08 BTC-USD mark=64584.86328141 momentum=0.425% signal=MOMENTUM_UP action=DRY_RUN_ONLY
2026-06-22 07:40:38 BTC-USD mark=64533.0664044 momentum=0.240% signal=FLAT action=DRY_RUN_ONLY
2026-06-22 07:41:08 BTC-USD mark=64555.45260778 momentum=0.251% signal=FLAT action=DRY_RUN_ONLY
2026-06-22 07:41:38 BTC-USD mark=64566.49004561 momentum=0.276% signal=FLAT action=DRY_RUN_ONLY
2026-06-22 07:42:08 BTC-USD mark=64526.56607749 momentum=0.166% signal=FLAT action=DRY_RUN_ONLY
2026-06-22 07:42:38 BTC-USD mark=64533.449097275 momentum=-0.002% signal=FLAT action=DRY_RUN_ONLY
2026-06-22 07:43:09 BTC-USD mark=64540.450934175 momentum=-0.006% signal=FLAT action=DRY_RUN_ONLY
2026-06-22 07:43:39 BTC-USD mark=64518.69728573 momentum=0.006% signal=FLAT action=DRY_RUN_ONLY
2026-06-22 07:44:09 BTC-USD mark=64526.116743225 momentum=-0.011% signal=FLAT action=DRY_RUN_ONLY
2026-06-22 07:44:39 BTC-USD mark=64560.248016985 momentum=-0.012% signal=FLAT action=DRY_RUN_ONLY
2026-06-22 07:45:09 BTC-USD mark=64559.060930335 momentum=0.040% signal=FLAT action=DRY_RUN_ONLY
2026-06-22 07:45:39 BTC-USD mark=64510.60405672 momentum=-0.143% signal=FLAT action=DRY_RUN_ONLY
2026-06-22 07:46:09 BTC-USD mark=64530.53915013 momentum=-0.120% signal=FLAT action=DRY_RUN_ONLY
2026-06-22 07:46:39 BTC-USD mark=64546.65661115 momentum=-0.188% signal=FLAT action=DRY_RUN_ONLY
2026-06-22 07:47:09 BTC-USD mark=64551.069522025 momentum=-0.196% signal=FLAT action=DRY_RUN_ONLY
2026-06-22 07:47:39 BTC-USD mark=64550.188220195 momentum=-0.137% signal=FLAT action=DRY_RUN_ONLY
2026-06-22 07:48:09 BTC-USD mark=64556.687027385 momentum=-0.101% signal=FLAT action=DRY_RUN_ONLY
2026-06-22 07:48:39 BTC-USD mark=64586.03744276 momentum=0.004% signal=FLAT action=DRY_RUN_ONLY
2026-06-22 07:49:09 BTC-USD mark=64610.53 momentum=0.050% signal=FLAT action=DRY_RUN_ONLY
2026-06-22 07:49:39 BTC-USD mark=64628.67463739 momentum=0.068% signal=FLAT action=DRY_RUN_ONLY
2026-06-22 07:50:09 BTC-USD mark=64646.88969905 momentum=0.176% signal=FLAT action=DRY_RUN_ONLY
2026-06-22 07:50:39 BTC-USD mark=64628.780605365 momentum=0.114% signal=FLAT action=DRY_RUN_ONLY
2026-06-22 07:51:09 BTC-USD mark=64645.846360755 momentum=0.123% signal=FLAT action=DRY_RUN_ONLY
2026-06-22 07:51:40 BTC-USD mark=64611.6486106 momentum=0.132% signal=FLAT action=DRY_RUN_ONLY
2026-06-22 07:52:10 BTC-USD mark=64618.8835079 momentum=0.132% signal=FLAT action=DRY_RUN_ONLY
2026-06-22 07:52:40 BTC-USD mark=64580.22945025 momentum=0.062% signal=FLAT action=DRY_RUN_ONLY
2026-06-22 07:53:10 BTC-USD mark=64590.413260035 momentum=0.111% signal=FLAT action=DRY_RUN_ONLY
2026-06-22 07:53:40 BTC-USD mark=64581.755794205 momentum=0.086% signal=FLAT action=DRY_RUN_ONLY
2026-06-22 07:54:10 BTC-USD mark=64623.68515745 momentum=0.098% signal=FLAT action=DRY_RUN_ONLY
2026-06-22 07:54:40 BTC-USD mark=64609.433667235 momentum=0.078% signal=FLAT action=DRY_RUN_ONLY
2026-06-22 07:55:10 BTC-USD mark=64583.93769452 momentum=0.114% signal=FLAT action=DRY_RUN_ONLY
2026-06-22 07:55:40 BTC-USD mark=64602.96241983 momentum=0.112% signal=FLAT action=DRY_RUN_ONLY
2026-06-22 07:56:10 BTC-USD mark=64596.73831543 momentum=0.078% signal=FLAT action=DRY_RUN_ONLY
2026-06-22 07:56:40 BTC-USD mark=64560.8823693 momentum=0.015% signal=FLAT action=DRY_RUN_ONLY
2026-06-22 07:57:10 BTC-USD mark=64576.996680955 momentum=0.042% signal=FLAT action=DRY_RUN_ONLY
2026-06-22 07:57:40 BTC-USD mark=64583.42695415 momentum=0.041% signal=FLAT action=DRY_RUN_ONLY
2026-06-22 07:58:11 BTC-USD mark=64615.332899585 momentum=0.045% signal=FLAT action=DRY_RUN_ONLY
2026-06-22 07:58:41 BTC-USD mark=64608.324939065 momentum=-0.003% signal=FLAT action=DRY_RUN_ONLY
2026-06-22 07:59:11 BTC-USD mark=64597.1651519 momentum=-0.049% signal=FLAT action=DRY_RUN_ONLY
2026-06-22 07:59:41 BTC-USD mark=64595.839202635 momentum=-0.079% signal=FLAT action=DRY_RUN_ONLY
2026-06-22 08:00:11 BTC-USD mark=64598.01898753 momentum=-0.048% signal=FLAT action=DRY_RUN_ONLY
2026-06-22 08:00:41 BTC-USD mark=64586.242255475 momentum=-0.092% signal=FLAT action=DRY_RUN_ONLY
2026-06-22 08:01:11 BTC-USD mark=64614.309522035 momentum=0.004% signal=FLAT action=DRY_RUN_ONLY
2026-06-22 08:01:41 BTC-USD mark=64705.514341535 momentum=0.134% signal=FLAT action=DRY_RUN_ONLY
2026-06-22 08:02:11 BTC-USD mark=64808.315591065 momentum=0.353% signal=MOMENTUM_UP action=DRY_RUN_ONLY
2026-06-22 08:02:41 BTC-USD mark=64682.580379385 momentum=0.143% signal=FLAT action=DRY_RUN_ONLY
2026-06-22 08:03:11 BTC-USD mark=64669.4191869 momentum=0.136% signal=FLAT action=DRY_RUN_ONLY
2026-06-22 08:03:41 BTC-USD mark=64682.57050625 momentum=0.091% signal=FLAT action=DRY_RUN_ONLY
2026-06-22 08:04:11 BTC-USD mark=64670.437081955 momentum=0.094% signal=FLAT action=DRY_RUN_ONLY
2026-06-22 08:04:41 BTC-USD mark=64700.447150695 momentum=0.180% signal=FLAT action=DRY_RUN_ONLY
2026-06-22 08:05:11 BTC-USD mark=64693.71502848 momentum=0.140% signal=FLAT action=DRY_RUN_ONLY
2026-06-22 08:05:41 BTC-USD mark=64694.88037632 momentum=0.152% signal=FLAT action=DRY_RUN_ONLY
2026-06-22 08:06:12 BTC-USD mark=64700.919802875 momentum=0.217% signal=FLAT action=DRY_RUN_ONLY
2026-06-22 08:06:42 BTC-USD mark=64719.179058 momentum=0.220% signal=FLAT action=DRY_RUN_ONLY
2026-06-22 08:07:12 BTC-USD mark=64677.65398128 momentum=0.146% signal=FLAT action=DRY_RUN_ONLY
2026-06-22 08:07:42 BTC-USD mark=64661.025465325 momentum=0.071% signal=FLAT action=DRY_RUN_ONLY
2026-06-22 08:08:12 BTC-USD mark=64705.69249637 momentum=0.151% signal=FLAT action=DRY_RUN_ONLY
2026-06-22 08:08:42 BTC-USD mark=64664.965 momentum=0.105% signal=FLAT action=DRY_RUN_ONLY
2026-06-22 08:09:12 BTC-USD mark=64669.095 momentum=0.113% signal=FLAT action=DRY_RUN_ONLY
2026-06-22 08:09:42 BTC-USD mark=64658.935 momentum=0.094% signal=FLAT action=DRY_RUN_ONLY
2026-06-22 08:10:12 BTC-USD mark=64649.52 momentum=0.098% signal=FLAT action=DRY_RUN_ONLY
2026-06-22 08:10:42 BTC-USD mark=64645.58645214 momentum=0.048% signal=FLAT action=DRY_RUN_ONLY
2026-06-22 08:11:12 BTC-USD mark=64658.657031355 momentum=-0.072% signal=FLAT action=DRY_RUN_ONLY
2026-06-22 08:11:42 BTC-USD mark=64685.976606045 momentum=-0.189% signal=FLAT action=DRY_RUN_ONLY
2026-06-22 08:12:12 BTC-USD mark=64693.503312865 momentum=0.017% signal=FLAT action=DRY_RUN_ONLY
2026-06-22 08:12:42 BTC-USD mark=64713.74935421 momentum=0.069% signal=FLAT action=DRY_RUN_ONLY
2026-06-22 08:13:12 BTC-USD mark=64702.505970075 momentum=0.031% signal=FLAT action=DRY_RUN_ONLY
2026-06-22 08:13:42 BTC-USD mark=64719.372854375 momentum=0.076% signal=FLAT action=DRY_RUN_ONLY
2026-06-22 08:14:13 BTC-USD mark=64725.908463245 momentum=0.039% signal=FLAT action=DRY_RUN_ONLY
2026-06-22 08:14:43 BTC-USD mark=64699.309130375 momentum=0.009% signal=FLAT action=DRY_RUN_ONLY
2026-06-22 08:15:13 BTC-USD mark=64686.980688495 momentum=-0.012% signal=FLAT action=DRY_RUN_ONLY
2026-06-22 08:15:43 BTC-USD mark=64713.332652535 momentum=0.019% signal=FLAT action=DRY_RUN_ONLY
2026-06-22 08:16:13 BTC-USD mark=64670.021374605 momentum=-0.076% signal=FLAT action=DRY_RUN_ONLY
2026-06-22 08:16:43 BTC-USD mark=64670.224883645 momentum=-0.011% signal=FLAT action=DRY_RUN_ONLY
2026-06-22 08:17:13 BTC-USD mark=64663.65486859 momentum=0.004% signal=FLAT action=DRY_RUN_ONLY
2026-06-22 08:17:43 BTC-USD mark=64657.88608412 momentum=-0.074% signal=FLAT action=DRY_RUN_ONLY
2026-06-22 08:18:13 BTC-USD mark=64667.533837575 momentum=0.004% signal=FLAT action=DRY_RUN_ONLY
2026-06-22 08:18:43 BTC-USD mark=64661.160130195 momentum=-0.012% signal=FLAT action=DRY_RUN_ONLY
2026-06-22 08:19:13 BTC-USD mark=64668.658610255 momentum=0.015% signal=FLAT action=DRY_RUN_ONLY
2026-06-22 08:19:43 BTC-USD mark=64678.376635615 momentum=0.045% signal=FLAT action=DRY_RUN_ONLY
2026-06-22 08:20:13 BTC-USD mark=64677.672031135 momentum=0.050% signal=FLAT action=DRY_RUN_ONLY
2026-06-22 08:20:43 BTC-USD mark=64662.905993295 momentum=0.007% signal=FLAT action=DRY_RUN_ONLY
2026-06-22 08:21:13 BTC-USD mark=64686.22491992 momentum=0.000% signal=FLAT action=DRY_RUN_ONLY
2026-06-22 08:21:43 BTC-USD mark=64685.33099863 momentum=-0.013% signal=FLAT action=DRY_RUN_ONLY
2026-06-22 08:22:14 BTC-USD mark=64721.726251975 momentum=0.012% signal=FLAT action=DRY_RUN_ONLY
2026-06-22 08:22:44 BTC-USD mark=64708.359923895 momentum=0.009% signal=FLAT action=DRY_RUN_ONLY
2026-06-22 08:23:14 BTC-USD mark=64748.112743795 momentum=0.044% signal=FLAT action=DRY_RUN_ONLY
2026-06-22 08:23:44 BTC-USD mark=64807.73722392 momentum=0.126% signal=FLAT action=DRY_RUN_ONLY
2026-06-22 08:24:14 BTC-USD mark=64832.423295255 momentum=0.206% signal=FLAT action=DRY_RUN_ONLY
2026-06-22 08:24:44 BTC-USD mark=64895.77813801 momentum=0.323% signal=FLAT action=DRY_RUN_ONLY
2026-06-22 08:25:14 BTC-USD mark=64918.65638828 momentum=0.317% signal=FLAT action=DRY_RUN_ONLY
2026-06-22 08:25:44 BTC-USD mark=64884.78827887 momentum=0.332% signal=FLAT action=DRY_RUN_ONLY
2026-06-22 08:26:14 BTC-USD mark=64884.03873204 momentum=0.331% signal=FLAT action=DRY_RUN_ONLY
2026-06-22 08:26:44 BTC-USD mark=64850.73576351 momentum=0.289% signal=FLAT action=DRY_RUN_ONLY
2026-06-22 08:27:14 BTC-USD mark=64856.474635015 momentum=0.307% signal=FLAT action=DRY_RUN_ONLY
2026-06-22 08:27:44 BTC-USD mark=64867.277717625 momentum=0.309% signal=FLAT action=DRY_RUN_ONLY
2026-06-22 08:28:14 BTC-USD mark=64875.052923595 momentum=0.331% signal=FLAT action=DRY_RUN_ONLY
2026-06-22 08:28:44 BTC-USD mark=64872.916707695 momentum=0.316% signal=FLAT action=DRY_RUN_ONLY
2026-06-22 08:29:14 BTC-USD mark=64884.939228395 momentum=0.319% signal=FLAT action=DRY_RUN_ONLY
2026-06-22 08:29:44 BTC-USD mark=64885.566416085 momentum=0.321% signal=FLAT action=DRY_RUN_ONLY
2026-06-22 08:30:15 BTC-USD mark=64867.1560704 momentum=0.316% signal=FLAT action=DRY_RUN_ONLY
2026-06-22 08:30:45 BTC-USD mark=64800.195698625 momentum=0.176% signal=FLAT action=DRY_RUN_ONLY
2026-06-22 08:31:15 BTC-USD mark=64837.8787731 momentum=0.236% signal=FLAT action=DRY_RUN_ONLY
2026-06-22 08:31:45 BTC-USD mark=64804.31467989 momentum=0.128% signal=FLAT action=DRY_RUN_ONLY
2026-06-22 08:32:15 BTC-USD mark=64830.38172364 momentum=0.189% signal=FLAT action=DRY_RUN_ONLY
2026-06-22 08:32:45 BTC-USD mark=64859.4379345 momentum=0.172% signal=FLAT action=DRY_RUN_ONLY
2026-06-22 08:33:15 BTC-USD mark=64866.11144175 momentum=0.090% signal=FLAT action=DRY_RUN_ONLY
2026-06-22 08:33:45 BTC-USD mark=64881.97240965 momentum=0.076% signal=FLAT action=DRY_RUN_ONLY
2026-06-22 08:34:15 BTC-USD mark=64863.49168174 momentum=-0.050% signal=FLAT action=DRY_RUN_ONLY
2026-06-22 08:34:45 BTC-USD mark=64895.6933067 momentum=-0.035% signal=FLAT action=DRY_RUN_ONLY
2026-06-22 08:35:15 BTC-USD mark=64911.81367125 momentum=0.042% signal=FLAT action=DRY_RUN_ONLY
2026-06-22 08:35:45 BTC-USD mark=64886.6366165 momentum=0.004% signal=FLAT action=DRY_RUN_ONLY
2026-06-22 08:36:16 BTC-USD mark=64917.53181415 momentum=0.103% signal=FLAT action=DRY_RUN_ONLY
2026-06-22 08:36:46 BTC-USD mark=64915.6576246 momentum=0.091% signal=FLAT action=DRY_RUN_ONLY
2026-06-22 08:37:16 BTC-USD mark=64923.51765925 momentum=0.087% signal=FLAT action=DRY_RUN_ONLY
2026-06-22 08:37:46 BTC-USD mark=64968.9767066 momentum=0.145% signal=FLAT action=DRY_RUN_ONLY
2026-06-22 08:38:16 BTC-USD mark=65014.624600745 momentum=0.218% signal=FLAT action=DRY_RUN_ONLY
2026-06-22 08:38:46 BTC-USD mark=65045.6440711 momentum=0.248% signal=FLAT action=DRY_RUN_ONLY
2026-06-22 08:39:16 BTC-USD mark=65033.437562115 momentum=0.228% signal=FLAT action=DRY_RUN_ONLY
2026-06-22 08:39:46 BTC-USD mark=65042.93024225 momentum=0.271% signal=FLAT action=DRY_RUN_ONLY
2026-06-22 08:40:16 BTC-USD mark=65071.5148711 momentum=0.419% signal=MOMENTUM_UP action=DRY_RUN_ONLY
2026-06-22 08:40:46 BTC-USD mark=65115.38441997 momentum=0.428% signal=MOMENTUM_UP action=DRY_RUN_ONLY
2026-06-22 08:41:16 BTC-USD mark=65046.80854514 momentum=0.374% signal=MOMENTUM_UP action=DRY_RUN_ONLY
2026-06-22 08:41:46 BTC-USD mark=65045.70824581 momentum=0.332% signal=FLAT action=DRY_RUN_ONLY
2026-06-22 08:42:16 BTC-USD mark=65037.94545204 momentum=0.275% signal=FLAT action=DRY_RUN_ONLY
2026-06-22 08:42:46 BTC-USD mark=65038.194427355 momentum=0.265% signal=FLAT action=DRY_RUN_ONLY
2026-06-22 08:43:16 BTC-USD mark=65038.8832868 momentum=0.242% signal=FLAT action=DRY_RUN_ONLY
2026-06-22 08:43:46 BTC-USD mark=65029.71327241 momentum=0.256% signal=FLAT action=DRY_RUN_ONLY
2026-06-22 08:44:17 BTC-USD mark=65010.615158635 momentum=0.177% signal=FLAT action=DRY_RUN_ONLY
2026-06-22 08:44:47 BTC-USD mark=65002.919420725 momentum=0.140% signal=FLAT action=DRY_RUN_ONLY
2026-06-22 08:45:17 BTC-USD mark=64995.76367721 momentum=0.168% signal=FLAT action=DRY_RUN_ONLY
2026-06-22 08:45:47 BTC-USD mark=64933.802705725 momentum=0.025% signal=FLAT action=DRY_RUN_ONLY
2026-06-22 08:46:17 BTC-USD mark=65027.326966095 momentum=0.172% signal=FLAT action=DRY_RUN_ONLY
2026-06-22 08:46:47 BTC-USD mark=65020.3968469 momentum=0.149% signal=FLAT action=DRY_RUN_ONLY
2026-06-22 08:47:17 BTC-USD mark=65017.489146355 momentum=0.075% signal=FLAT action=DRY_RUN_ONLY
2026-06-22 08:47:47 BTC-USD mark=65038.58092073 momentum=0.037% signal=FLAT action=DRY_RUN_ONLY
2026-06-22 08:48:17 BTC-USD mark=65077.380598565 momentum=0.049% signal=FLAT action=DRY_RUN_ONLY
2026-06-22 08:48:47 BTC-USD mark=65122.50149835 momentum=0.137% signal=FLAT action=DRY_RUN_ONLY
2026-06-22 08:49:17 BTC-USD mark=65127.53036848 momentum=0.130% signal=FLAT action=DRY_RUN_ONLY
2026-06-22 08:49:47 BTC-USD mark=65119.240630675 momentum=0.073% signal=FLAT action=DRY_RUN_ONLY
2026-06-22 08:50:17 BTC-USD mark=65120.653871725 momentum=0.008% signal=FLAT action=DRY_RUN_ONLY
2026-06-22 08:50:47 BTC-USD mark=65123.23172909 momentum=0.117% signal=FLAT action=DRY_RUN_ONLY
2026-06-22 08:51:17 BTC-USD mark=65136.057749775 momentum=0.139% signal=FLAT action=DRY_RUN_ONLY
2026-06-22 08:51:47 BTC-USD mark=65124.29983931 momentum=0.133% signal=FLAT action=DRY_RUN_ONLY
2026-06-22 08:52:17 BTC-USD mark=65093.816394285 momentum=0.086% signal=FLAT action=DRY_RUN_ONLY
2026-06-22 08:52:47 BTC-USD mark=65137.851102355 momentum=0.152% signal=FLAT action=DRY_RUN_ONLY
2026-06-22 08:53:17 BTC-USD mark=65128.10699562 momentum=0.151% signal=FLAT action=DRY_RUN_ONLY
2026-06-22 08:53:48 BTC-USD mark=65104.258892985 momentum=0.144% signal=FLAT action=DRY_RUN_ONLY
2026-06-22 08:54:18 BTC-USD mark=65058.54612352 momentum=0.086% signal=FLAT action=DRY_RUN_ONLY
2026-06-22 08:54:48 BTC-USD mark=65052.070125085 momentum=0.087% signal=FLAT action=DRY_RUN_ONLY
2026-06-22 08:55:18 BTC-USD mark=65049.15535165 momentum=0.178% signal=FLAT action=DRY_RUN_ONLY
2026-06-22 08:55:48 BTC-USD mark=65056.413785785 momentum=0.045% signal=FLAT action=DRY_RUN_ONLY
2026-06-22 08:56:18 BTC-USD mark=65088.883464115 momentum=0.105% signal=FLAT action=DRY_RUN_ONLY
2026-06-22 08:56:48 BTC-USD mark=65099.80124945 momentum=0.127% signal=FLAT action=DRY_RUN_ONLY
2026-06-22 08:57:18 BTC-USD mark=65077.800637575 momentum=0.060% signal=FLAT action=DRY_RUN_ONLY
2026-06-22 08:57:48 BTC-USD mark=65098.42621585 momentum=0.032% signal=FLAT action=DRY_RUN_ONLY
2026-06-22 08:58:18 BTC-USD mark=65140.08141538 momentum=0.027% signal=FLAT action=DRY_RUN_ONLY
2026-06-22 08:58:48 BTC-USD mark=65105.962222395 momentum=-0.033% signal=FLAT action=DRY_RUN_ONLY
2026-06-22 08:59:18 BTC-USD mark=65098.0017738 momentum=-0.033% signal=FLAT action=DRY_RUN_ONLY
2026-06-22 08:59:48 BTC-USD mark=65091.316300675 momentum=-0.045% signal=FLAT action=DRY_RUN_ONLY
2026-06-22 09:00:18 BTC-USD mark=65023.37757135 momentum=-0.153% signal=FLAT action=DRY_RUN_ONLY
2026-06-22 09:00:48 BTC-USD mark=65024.125691805 momentum=-0.172% signal=FLAT action=DRY_RUN_ONLY
2026-06-22 09:01:18 BTC-USD mark=65042.1930474 momentum=-0.126% signal=FLAT action=DRY_RUN_ONLY
2026-06-22 09:01:48 BTC-USD mark=65004.87567125 momentum=-0.137% signal=FLAT action=DRY_RUN_ONLY
2026-06-22 09:02:18 BTC-USD mark=65055.68256895 momentum=-0.126% signal=FLAT action=DRY_RUN_ONLY
2026-06-22 09:02:48 BTC-USD mark=65022.1125261 momentum=-0.163% signal=FLAT action=DRY_RUN_ONLY
2026-06-22 09:03:18 BTC-USD mark=65053.913577 momentum=-0.077% signal=FLAT action=DRY_RUN_ONLY
2026-06-22 09:03:49 BTC-USD mark=65092.409388925 momentum=0.052% signal=FLAT action=DRY_RUN_ONLY
2026-06-22 09:04:19 BTC-USD mark=65069.328882225 momentum=0.027% signal=FLAT action=DRY_RUN_ONLY
2026-06-22 09:04:49 BTC-USD mark=65065.78117033 momentum=0.026% signal=FLAT action=DRY_RUN_ONLY
2026-06-22 09:05:19 BTC-USD mark=65067.5433173 momentum=0.017% signal=FLAT action=DRY_RUN_ONLY
2026-06-22 09:05:49 BTC-USD mark=65031.034822245 momentum=-0.089% signal=FLAT action=DRY_RUN_ONLY
2026-06-22 09:06:19 BTC-USD mark=65022.79899228 momentum=-0.118% signal=FLAT action=DRY_RUN_ONLY
2026-06-22 09:06:49 BTC-USD mark=65038.9745321 momentum=-0.060% signal=FLAT action=DRY_RUN_ONLY
2026-06-22 09:07:19 BTC-USD mark=65032.715859 momentum=-0.101% signal=FLAT action=DRY_RUN_ONLY
2026-06-22 09:07:49 BTC-USD mark=65011.26290195 momentum=-0.198% signal=FLAT action=DRY_RUN_ONLY
2026-06-22 09:08:19 BTC-USD mark=64991.8003488 momentum=-0.175% signal=FLAT action=DRY_RUN_ONLY
2026-06-22 09:08:49 BTC-USD mark=64974.34938135 momentum=-0.190% signal=FLAT action=DRY_RUN_ONLY
2026-06-22 09:09:19 BTC-USD mark=65013.63662005 momentum=-0.119% signal=FLAT action=DRY_RUN_ONLY
2026-06-22 09:09:49 BTC-USD mark=64997.72306155 momentum=-0.039% signal=FLAT action=DRY_RUN_ONLY
2026-06-22 09:10:19 BTC-USD mark=65021.8218944 momentum=-0.004% signal=FLAT action=DRY_RUN_ONLY
2026-06-22 09:10:49 BTC-USD mark=65043.86561785 momentum=0.003% signal=FLAT action=DRY_RUN_ONLY
2026-06-22 09:11:19 BTC-USD mark=65064.3881244 momentum=0.092% signal=FLAT action=DRY_RUN_ONLY
2026-06-22 09:11:49 BTC-USD mark=65072.098791335 momentum=0.025% signal=FLAT action=DRY_RUN_ONLY
2026-06-22 09:12:19 BTC-USD mark=65073.8903094 momentum=0.080% signal=FLAT action=DRY_RUN_ONLY
2026-06-22 09:12:49 BTC-USD mark=65114.9502922 momentum=0.094% signal=FLAT action=DRY_RUN_ONLY
2026-06-22 09:13:20 BTC-USD mark=65120.0346582 momentum=0.042% signal=FLAT action=DRY_RUN_ONLY
2026-06-22 09:13:50 BTC-USD mark=65095.12928805 momentum=0.040% signal=FLAT action=DRY_RUN_ONLY
2026-06-22 09:14:20 BTC-USD mark=65085.029340235 momentum=0.030% signal=FLAT action=DRY_RUN_ONLY
2026-06-22 09:14:50 BTC-USD mark=65089.31088125 momentum=0.033% signal=FLAT action=DRY_RUN_ONLY
2026-06-22 09:15:20 BTC-USD mark=65053.94577921 momentum=0.035% signal=FLAT action=DRY_RUN_ONLY
2026-06-22 09:15:50 BTC-USD mark=65055.2910943 momentum=0.050% signal=FLAT action=DRY_RUN_ONLY
2026-06-22 09:16:20 BTC-USD mark=65051.8043643 momentum=0.020% signal=FLAT action=DRY_RUN_ONLY
2026-06-22 09:16:50 BTC-USD mark=65046.86319295 momentum=0.022% signal=FLAT action=DRY_RUN_ONLY
2026-06-22 09:17:20 BTC-USD mark=65047.8789827 momentum=0.056% signal=FLAT action=DRY_RUN_ONLY
2026-06-22 09:17:50 BTC-USD mark=65053.10102105 momentum=0.094% signal=FLAT action=DRY_RUN_ONLY
2026-06-22 09:18:20 BTC-USD mark=65056.4310452 momentum=0.126% signal=FLAT action=DRY_RUN_ONLY
2026-06-22 09:18:50 BTC-USD mark=65054.5282894 momentum=0.063% signal=FLAT action=DRY_RUN_ONLY
2026-06-22 09:19:20 BTC-USD mark=65045.1549157 momentum=0.073% signal=FLAT action=DRY_RUN_ONLY
2026-06-22 09:19:50 BTC-USD mark=65020.47352185 momentum=-0.002% signal=FLAT action=DRY_RUN_ONLY
2026-06-22 09:20:20 BTC-USD mark=64998.7646046 momentum=-0.069% signal=FLAT action=DRY_RUN_ONLY
2026-06-22 09:20:50 BTC-USD mark=64997.137603705 momentum=-0.103% signal=FLAT action=DRY_RUN_ONLY
2026-06-22 09:21:20 BTC-USD mark=64995.2754123 momentum=-0.118% signal=FLAT action=DRY_RUN_ONLY
2026-06-22 09:21:50 BTC-USD mark=64999.5740858 momentum=-0.114% signal=FLAT action=DRY_RUN_ONLY
2026-06-22 09:22:20 BTC-USD mark=65047.72893107 momentum=-0.103% signal=FLAT action=DRY_RUN_ONLY
2026-06-22 09:22:50 BTC-USD mark=65017.4557239 momentum=-0.158% signal=FLAT action=DRY_RUN_ONLY
2026-06-22 09:23:21 BTC-USD mark=65023.7061986 momentum=-0.110% signal=FLAT action=DRY_RUN_ONLY
2026-06-22 09:23:51 BTC-USD mark=65037.8136494 momentum=-0.073% signal=FLAT action=DRY_RUN_ONLY
2026-06-22 09:24:21 BTC-USD mark=65032.15333605 momentum=-0.088% signal=FLAT action=DRY_RUN_ONLY
2026-06-22 09:24:51 BTC-USD mark=65050.2594455 momentum=-0.006% signal=FLAT action=DRY_RUN_ONLY
2026-06-22 09:25:21 BTC-USD mark=64999.10883598 momentum=-0.086% signal=FLAT action=DRY_RUN_ONLY
2026-06-22 09:25:51 BTC-USD mark=65006.9071603 momentum=-0.069% signal=FLAT action=DRY_RUN_ONLY
2026-06-22 09:26:21 BTC-USD mark=64998.317839505 momentum=-0.075% signal=FLAT action=DRY_RUN_ONLY
2026-06-22 09:26:51 BTC-USD mark=64990.32 momentum=-0.088% signal=FLAT action=DRY_RUN_ONLY
2026-06-22 09:27:21 BTC-USD mark=64984.1226308 momentum=-0.106% signal=FLAT action=DRY_RUN_ONLY
2026-06-22 09:27:51 BTC-USD mark=64989.60635143 momentum=-0.103% signal=FLAT action=DRY_RUN_ONLY
2026-06-22 09:28:21 BTC-USD mark=64924.49 momentum=-0.200% signal=FLAT action=DRY_RUN_ONLY
2026-06-22 09:28:51 BTC-USD mark=64894.7890567 momentum=-0.231% signal=FLAT action=DRY_RUN_ONLY
2026-06-22 09:29:21 BTC-USD mark=64926.28230355 momentum=-0.145% signal=FLAT action=DRY_RUN_ONLY
2026-06-22 09:29:51 BTC-USD mark=64936.66999407 momentum=-0.096% signal=FLAT action=DRY_RUN_ONLY
2026-06-22 09:30:21 BTC-USD mark=65045.16350224 momentum=0.074% signal=FLAT action=DRY_RUN_ONLY
2026-06-22 09:30:51 BTC-USD mark=65130.473669725 momentum=0.208% signal=FLAT action=DRY_RUN_ONLY
2026-06-22 09:31:21 BTC-USD mark=65108.89017169 momentum=0.168% signal=FLAT action=DRY_RUN_ONLY
2026-06-22 09:31:51 BTC-USD mark=65056.80885353 momentum=0.014% signal=FLAT action=DRY_RUN_ONLY
2026-06-22 09:32:21 BTC-USD mark=65035.05956066 momentum=0.027% signal=FLAT action=DRY_RUN_ONLY
2026-06-22 09:32:51 BTC-USD mark=65037.91933133 momentum=0.022% signal=FLAT action=DRY_RUN_ONLY
2026-06-22 09:33:22 BTC-USD mark=64958.57313587 momentum=-0.122% signal=FLAT action=DRY_RUN_ONLY
2026-06-22 09:33:52 BTC-USD mark=64971.389679875 momentum=-0.093% signal=FLAT action=DRY_RUN_ONLY
2026-06-22 09:34:22 BTC-USD mark=64979.51262627 momentum=-0.109% signal=FLAT action=DRY_RUN_ONLY
2026-06-22 09:34:52 BTC-USD mark=65042.384039805 momentum=0.067% signal=FLAT action=DRY_RUN_ONLY
2026-06-22 09:35:22 BTC-USD mark=65107.864753165 momentum=0.155% signal=FLAT action=DRY_RUN_ONLY
2026-06-22 09:35:52 BTC-USD mark=65169.502040465 momentum=0.263% signal=FLAT action=DRY_RUN_ONLY
2026-06-22 09:36:22 BTC-USD mark=65271.36470461 momentum=0.432% signal=MOMENTUM_UP action=DRY_RUN_ONLY
2026-06-22 09:36:52 BTC-USD mark=65270.826795745 momentum=0.441% signal=MOMENTUM_UP action=DRY_RUN_ONLY
2026-06-22 09:37:22 BTC-USD mark=65232.508221175 momentum=0.374% signal=MOMENTUM_UP action=DRY_RUN_ONLY
2026-06-22 09:38:02 BTC-USD mark=65253.6214117 momentum=0.507% signal=MOMENTUM_UP action=DRY_RUN_ONLY
2026-06-22 09:38:32 BTC-USD mark=65226.015081195 momentum=0.510% signal=MOMENTUM_UP action=DRY_RUN_ONLY
2026-06-22 09:39:02 BTC-USD mark=65211.77371885 momentum=0.440% signal=MOMENTUM_UP action=DRY_RUN_ONLY
2026-06-22 09:39:32 BTC-USD mark=65204.78555025 momentum=0.413% signal=MOMENTUM_UP action=DRY_RUN_ONLY
2026-06-22 09:40:03 BTC-USD mark=65227.809532315 momentum=0.281% signal=FLAT action=DRY_RUN_ONLY
2026-06-22 09:40:33 BTC-USD mark=65191.143128575 momentum=0.093% signal=FLAT action=DRY_RUN_ONLY
2026-06-22 09:41:03 BTC-USD mark=65277.246151685 momentum=0.259% signal=FLAT action=DRY_RUN_ONLY
2026-06-22 09:41:33 BTC-USD mark=65209.4436687 momentum=0.235% signal=FLAT action=DRY_RUN_ONLY
2026-06-22 09:42:03 BTC-USD mark=65209.41549845 momentum=0.268% signal=FLAT action=DRY_RUN_ONLY
2026-06-22 09:42:33 BTC-USD mark=65225.7600005 momentum=0.289% signal=FLAT action=DRY_RUN_ONLY
2026-06-22 09:43:03 BTC-USD mark=65268.035732405 momentum=0.476% signal=MOMENTUM_UP action=DRY_RUN_ONLY
2026-06-22 09:43:33 BTC-USD mark=65207.361384015 momentum=0.363% signal=MOMENTUM_UP action=DRY_RUN_ONLY
2026-06-22 09:44:03 BTC-USD mark=65398.7475751 momentum=0.645% signal=MOMENTUM_UP action=DRY_RUN_ONLY
2026-06-22 09:44:33 BTC-USD mark=65384.398189345 momentum=0.526% signal=MOMENTUM_UP action=DRY_RUN_ONLY
2026-06-22 09:45:03 BTC-USD mark=65360.010505735 momentum=0.387% signal=MOMENTUM_UP action=DRY_RUN_ONLY
2026-06-22 09:45:33 BTC-USD mark=65398.32963035 momentum=0.351% signal=MOMENTUM_UP action=DRY_RUN_ONLY
2026-06-22 09:46:03 BTC-USD mark=65387.330273835 momentum=0.178% signal=FLAT action=DRY_RUN_ONLY
2026-06-22 09:46:33 BTC-USD mark=65412.0889474 momentum=0.216% signal=FLAT action=DRY_RUN_ONLY
2026-06-22 09:47:04 BTC-USD mark=65376.934158015 momentum=0.221% signal=FLAT action=DRY_RUN_ONLY
2026-06-22 09:47:34 BTC-USD mark=65372.987702595 momentum=0.183% signal=FLAT action=DRY_RUN_ONLY
2026-06-22 09:48:04 BTC-USD mark=65400.56102295 momentum=0.268% signal=FLAT action=DRY_RUN_ONLY
2026-06-22 09:48:34 BTC-USD mark=65393.46979744 momentum=0.279% signal=FLAT action=DRY_RUN_ONLY
2026-06-22 09:49:04 BTC-USD mark=65401.850677195 momentum=0.302% signal=FLAT action=DRY_RUN_ONLY
2026-06-22 09:49:34 BTC-USD mark=65452.82839245 momentum=0.345% signal=FLAT action=DRY_RUN_ONLY
2026-06-22 09:50:04 BTC-USD mark=65467.0795224 momentum=0.423% signal=MOMENTUM_UP action=DRY_RUN_ONLY
2026-06-22 09:50:34 BTC-USD mark=65515.45634873 momentum=0.365% signal=MOMENTUM_UP action=DRY_RUN_ONLY
2026-06-22 09:51:04 BTC-USD mark=65485.02540215 momentum=0.423% signal=MOMENTUM_UP action=DRY_RUN_ONLY
2026-06-22 09:51:34 BTC-USD mark=65437.64087445 momentum=0.350% signal=FLAT action=DRY_RUN_ONLY
2026-06-22 09:52:04 BTC-USD mark=65435.23723056 momentum=0.321% signal=FLAT action=DRY_RUN_ONLY
2026-06-22 09:52:34 BTC-USD mark=65476.47483305 momentum=0.319% signal=FLAT action=DRY_RUN_ONLY
2026-06-22 09:53:04 BTC-USD mark=65477.31329835 momentum=0.414% signal=MOMENTUM_UP action=DRY_RUN_ONLY
2026-06-22 09:53:35 BTC-USD mark=65449.3145446 momentum=0.077% signal=FLAT action=DRY_RUN_ONLY
2026-06-22 09:54:05 BTC-USD mark=65443.21149778 momentum=0.090% signal=FLAT action=DRY_RUN_ONLY
2026-06-22 09:54:35 BTC-USD mark=65445.10640245 momentum=0.130% signal=FLAT action=DRY_RUN_ONLY
2026-06-22 09:55:05 BTC-USD mark=65469.8212293 momentum=0.109% signal=FLAT action=DRY_RUN_ONLY
2026-06-22 09:55:35 BTC-USD mark=65476.31588325 momentum=0.136% signal=FLAT action=DRY_RUN_ONLY
2026-06-22 09:56:05 BTC-USD mark=65475.036377725 momentum=0.096% signal=FLAT action=DRY_RUN_ONLY
2026-06-22 09:56:35 BTC-USD mark=65471.69753005 momentum=0.145% signal=FLAT action=DRY_RUN_ONLY
2026-06-22 09:57:05 BTC-USD mark=65484.0993242 momentum=0.170% signal=FLAT action=DRY_RUN_ONLY
2026-06-22 09:57:35 BTC-USD mark=65465.31009095 momentum=0.099% signal=FLAT action=DRY_RUN_ONLY
2026-06-22 09:58:05 BTC-USD mark=65476.945672185 momentum=0.128% signal=FLAT action=DRY_RUN_ONLY
2026-06-22 09:58:35 BTC-USD mark=65484.86903315 momentum=0.127% signal=FLAT action=DRY_RUN_ONLY
2026-06-22 09:59:05 BTC-USD mark=65495.60629115 momentum=0.065% signal=FLAT action=DRY_RUN_ONLY
2026-06-22 09:59:35 BTC-USD mark=65498.0803677 momentum=0.047% signal=FLAT action=DRY_RUN_ONLY
2026-06-22 10:00:06 BTC-USD mark=65537.453342445 momentum=0.034% signal=FLAT action=DRY_RUN_ONLY
2026-06-22 10:00:36 BTC-USD mark=65467.741429855 momentum=-0.026% signal=FLAT action=DRY_RUN_ONLY
2026-06-22 10:01:06 BTC-USD mark=65426.32356405 momentum=-0.017% signal=FLAT action=DRY_RUN_ONLY
2026-06-22 10:01:36 BTC-USD mark=65441.86127307 momentum=0.010% signal=FLAT action=DRY_RUN_ONLY
2026-06-22 10:02:06 BTC-USD mark=65386.44228435 momentum=-0.138% signal=FLAT action=DRY_RUN_ONLY
2026-06-22 10:02:36 BTC-USD mark=65380.00033655 momentum=-0.149% signal=FLAT action=DRY_RUN_ONLY
2026-06-22 10:03:06 BTC-USD mark=65367.08539445 momentum=-0.126% signal=FLAT action=DRY_RUN_ONLY
2026-06-22 10:03:36 BTC-USD mark=65368.2284014 momentum=-0.115% signal=FLAT action=DRY_RUN_ONLY
2026-06-22 10:04:06 BTC-USD mark=65379.42419615 momentum=-0.100% signal=FLAT action=DRY_RUN_ONLY
2026-06-22 10:04:36 BTC-USD mark=65362.4683688 momentum=-0.164% signal=FLAT action=DRY_RUN_ONLY
2026-06-22 10:05:06 BTC-USD mark=65369.58594025 momentum=-0.163% signal=FLAT action=DRY_RUN_ONLY
2026-06-22 10:05:36 BTC-USD mark=65330.59031645 momentum=-0.221% signal=FLAT action=DRY_RUN_ONLY
2026-06-22 10:06:06 BTC-USD mark=65334.62734165 momentum=-0.209% signal=FLAT action=DRY_RUN_ONLY
2026-06-22 10:06:36 BTC-USD mark=65311.0044409 momentum=-0.264% signal=FLAT action=DRY_RUN_ONLY
2026-06-22 10:07:06 BTC-USD mark=65296.7665104 momentum=-0.257% signal=FLAT action=DRY_RUN_ONLY
2026-06-22 10:07:36 BTC-USD mark=65275.05197225 momentum=-0.308% signal=FLAT action=DRY_RUN_ONLY
2026-06-22 10:08:07 BTC-USD mark=65336.62977025 momentum=-0.226% signal=FLAT action=DRY_RUN_ONLY
2026-06-22 10:08:37 BTC-USD mark=65271.5531279 momentum=-0.342% signal=FLAT action=DRY_RUN_ONLY
2026-06-22 10:09:07 BTC-USD mark=65284.50055735 momentum=-0.326% signal=FLAT action=DRY_RUN_ONLY
2026-06-22 10:09:37 BTC-USD mark=65248.33811684 momentum=-0.441% signal=MOMENTUM_DOWN action=DRY_RUN_ONLY
2026-06-22 10:10:07 BTC-USD mark=65316.441712125 momentum=-0.231% signal=FLAT action=DRY_RUN_ONLY
2026-06-22 10:10:37 BTC-USD mark=65315.71735017 momentum=-0.169% signal=FLAT action=DRY_RUN_ONLY
2026-06-22 10:11:07 BTC-USD mark=65255.8791082 momentum=-0.284% signal=FLAT action=DRY_RUN_ONLY
2026-06-22 10:11:37 BTC-USD mark=65231.24372265 momentum=-0.237% signal=FLAT action=DRY_RUN_ONLY
2026-06-22 10:12:07 BTC-USD mark=65291.10029805 momentum=-0.136% signal=FLAT action=DRY_RUN_ONLY
2026-06-22 10:12:37 BTC-USD mark=65270.79330465 momentum=-0.147% signal=FLAT action=DRY_RUN_ONLY
2026-06-22 10:13:07 BTC-USD mark=65264.148794665 momentum=-0.159% signal=FLAT action=DRY_RUN_ONLY
2026-06-22 10:13:37 BTC-USD mark=65245.063750065 momentum=-0.206% signal=FLAT action=DRY_RUN_ONLY
2026-06-22 10:14:07 BTC-USD mark=65230.975778295 momentum=-0.201% signal=FLAT action=DRY_RUN_ONLY
2026-06-22 10:14:37 BTC-USD mark=65233.78739965 momentum=-0.208% signal=FLAT action=DRY_RUN_ONLY
2026-06-22 10:15:07 BTC-USD mark=65238.57009314 momentum=-0.141% signal=FLAT action=DRY_RUN_ONLY
2026-06-22 10:15:37 BTC-USD mark=65203.01524835 momentum=-0.201% signal=FLAT action=DRY_RUN_ONLY
2026-06-22 10:16:07 BTC-USD mark=65177.8178153 momentum=-0.204% signal=FLAT action=DRY_RUN_ONLY
2026-06-22 10:16:37 BTC-USD mark=65207.2362984 momentum=-0.137% signal=FLAT action=DRY_RUN_ONLY
2026-06-22 10:17:07 BTC-USD mark=65138.0453949 momentum=-0.210% signal=FLAT action=DRY_RUN_ONLY
2026-06-22 10:17:37 BTC-USD mark=65108.2112175 momentum=-0.350% signal=FLAT action=DRY_RUN_ONLY
2026-06-22 10:18:07 BTC-USD mark=65175.74666285 momentum=-0.147% signal=FLAT action=DRY_RUN_ONLY
2026-06-22 10:18:38 BTC-USD mark=65161.07057625 momentum=-0.189% signal=FLAT action=DRY_RUN_ONLY
2026-06-22 10:19:08 BTC-USD mark=65126.36694215 momentum=-0.187% signal=FLAT action=DRY_RUN_ONLY
2026-06-22 10:19:38 BTC-USD mark=65101.879184635 momentum=-0.328% signal=FLAT action=DRY_RUN_ONLY
2026-06-22 10:20:08 BTC-USD mark=65082.507469 momentum=-0.357% signal=MOMENTUM_DOWN action=DRY_RUN_ONLY
2026-06-22 10:20:38 BTC-USD mark=65065.71352515 momentum=-0.291% signal=FLAT action=DRY_RUN_ONLY
2026-06-22 10:21:08 BTC-USD mark=65133.14760085 momentum=-0.150% signal=FLAT action=DRY_RUN_ONLY
2026-06-22 10:21:38 BTC-USD mark=65145.03559465 momentum=-0.224% signal=FLAT action=DRY_RUN_ONLY
2026-06-22 10:22:08 BTC-USD mark=65079.31632255 momentum=-0.293% signal=FLAT action=DRY_RUN_ONLY
2026-06-22 10:22:38 BTC-USD mark=65069.7726688 momentum=-0.298% signal=FLAT action=DRY_RUN_ONLY
2026-06-22 10:23:08 BTC-USD mark=65039.1946387 momentum=-0.316% signal=FLAT action=DRY_RUN_ONLY
2026-06-22 10:23:38 BTC-USD mark=65045.7269709 momentum=-0.284% signal=FLAT action=DRY_RUN_ONLY
2026-06-22 10:24:08 BTC-USD mark=64974.88877325 momentum=-0.397% signal=MOMENTUM_DOWN action=DRY_RUN_ONLY
2026-06-22 10:24:38 BTC-USD mark=64979.426329425 momentum=-0.397% signal=MOMENTUM_DOWN action=DRY_RUN_ONLY
2026-06-22 10:25:08 BTC-USD mark=65008.139239005 momentum=-0.299% signal=FLAT action=DRY_RUN_ONLY
2026-06-22 10:25:38 BTC-USD mark=65006.0769863 momentum=-0.263% signal=FLAT action=DRY_RUN_ONLY
2026-06-22 10:26:08 BTC-USD mark=65004.7309726 momentum=-0.311% signal=FLAT action=DRY_RUN_ONLY
2026-06-22 10:26:38 BTC-USD mark=65022.84366615 momentum=-0.177% signal=FLAT action=DRY_RUN_ONLY
2026-06-22 10:27:08 BTC-USD mark=64984.5441206 momentum=-0.190% signal=FLAT action=DRY_RUN_ONLY
2026-06-22 10:27:38 BTC-USD mark=64979.4959309 momentum=-0.301% signal=FLAT action=DRY_RUN_ONLY
2026-06-22 10:28:08 BTC-USD mark=64962.40875605 momentum=-0.305% signal=FLAT action=DRY_RUN_ONLY
2026-06-22 10:28:39 BTC-USD mark=64968.58319855 momentum=-0.242% signal=FLAT action=DRY_RUN_ONLY
2026-06-22 10:29:09 BTC-USD mark=64939.8712966 momentum=-0.249% signal=FLAT action=DRY_RUN_ONLY
2026-06-22 10:29:39 BTC-USD mark=64917.01611165 momentum=-0.254% signal=FLAT action=DRY_RUN_ONLY
2026-06-22 10:30:09 BTC-USD mark=64897.49519615 momentum=-0.259% signal=FLAT action=DRY_RUN_ONLY
2026-06-22 10:30:39 BTC-USD mark=64872.56630398 momentum=-0.400% signal=MOMENTUM_DOWN action=DRY_RUN_ONLY
2026-06-22 10:31:09 BTC-USD mark=64844.79842939 momentum=-0.461% signal=MOMENTUM_DOWN action=DRY_RUN_ONLY
2026-06-22 10:31:39 BTC-USD mark=64835.2430696 momentum=-0.375% signal=MOMENTUM_DOWN action=DRY_RUN_ONLY
2026-06-22 10:32:09 BTC-USD mark=64875.15745572 momentum=-0.299% signal=FLAT action=DRY_RUN_ONLY
2026-06-22 10:32:39 BTC-USD mark=64909.7899751 momentum=-0.199% signal=FLAT action=DRY_RUN_ONLY
2026-06-22 10:33:09 BTC-USD mark=64872.15924163 momentum=-0.267% signal=FLAT action=DRY_RUN_ONLY
2026-06-22 10:33:39 BTC-USD mark=64918.645311735 momentum=-0.087% signal=FLAT action=DRY_RUN_ONLY
2026-06-22 10:34:09 BTC-USD mark=65006.81693216 momentum=0.042% signal=FLAT action=DRY_RUN_ONLY
2026-06-22 10:34:39 BTC-USD mark=64980.123421185 momentum=-0.043% signal=FLAT action=DRY_RUN_ONLY
2026-06-22 10:35:09 BTC-USD mark=64948.8865843 momentum=-0.088% signal=FLAT action=DRY_RUN_ONLY
2026-06-22 10:35:40 BTC-USD mark=64991.448261485 momentum=-0.020% signal=FLAT action=DRY_RUN_ONLY
2026-06-22 10:36:10 BTC-USD mark=64981.714403175 momentum=-0.063% signal=FLAT action=DRY_RUN_ONLY
2026-06-22 10:36:40 BTC-USD mark=64991.79182986 momentum=0.011% signal=FLAT action=DRY_RUN_ONLY
2026-06-22 10:37:10 BTC-USD mark=64892.023337255 momentum=-0.135% signal=FLAT action=DRY_RUN_ONLY
2026-06-22 10:37:40 BTC-USD mark=64839.28 momentum=-0.190% signal=FLAT action=DRY_RUN_ONLY
2026-06-22 10:38:10 BTC-USD mark=64819.282970945 momentum=-0.230% signal=FLAT action=DRY_RUN_ONLY
2026-06-22 10:38:40 BTC-USD mark=64816.5716148 momentum=-0.190% signal=FLAT action=DRY_RUN_ONLY
2026-06-22 10:39:10 BTC-USD mark=64813.795537015 momentum=-0.159% signal=FLAT action=DRY_RUN_ONLY
2026-06-22 10:39:40 BTC-USD mark=64867.410093095 momentum=-0.046% signal=FLAT action=DRY_RUN_ONLY
2026-06-22 10:40:10 BTC-USD mark=64858.017030785 momentum=-0.022% signal=FLAT action=DRY_RUN_ONLY
2026-06-22 10:40:40 BTC-USD mark=64870.58294737 momentum=0.040% signal=FLAT action=DRY_RUN_ONLY
2026-06-22 10:41:10 BTC-USD mark=64833.174538605 momentum=-0.003% signal=FLAT action=DRY_RUN_ONLY
2026-06-22 10:41:40 BTC-USD mark=64835.324021065 momentum=-0.061% signal=FLAT action=DRY_RUN_ONLY
2026-06-22 10:42:10 BTC-USD mark=64871.17679454 momentum=-0.059% signal=FLAT action=DRY_RUN_ONLY
2026-06-22 10:42:40 BTC-USD mark=64888.06415027 momentum=0.025% signal=FLAT action=DRY_RUN_ONLY
2026-06-22 10:43:10 BTC-USD mark=64914.437734355 momentum=-0.006% signal=FLAT action=DRY_RUN_ONLY
2026-06-22 10:43:41 BTC-USD mark=64890.39663759 momentum=-0.179% signal=FLAT action=DRY_RUN_ONLY
2026-06-22 10:44:11 BTC-USD mark=64856.86424198 momentum=-0.190% signal=FLAT action=DRY_RUN_ONLY
2026-06-22 10:44:41 BTC-USD mark=64863.983885735 momentum=-0.131% signal=FLAT action=DRY_RUN_ONLY
2026-06-22 10:45:11 BTC-USD mark=64882.68330135 momentum=-0.167% signal=FLAT action=DRY_RUN_ONLY
2026-06-22 10:45:41 BTC-USD mark=64869.230451645 momentum=-0.173% signal=FLAT action=DRY_RUN_ONLY
2026-06-22 10:46:11 BTC-USD mark=64849.32810993 momentum=-0.219% signal=FLAT action=DRY_RUN_ONLY
2026-06-22 10:46:41 BTC-USD mark=64875.42860832 momentum=-0.026% signal=FLAT action=DRY_RUN_ONLY
2026-06-22 10:47:11 BTC-USD mark=64882.72483846 momentum=0.067% signal=FLAT action=DRY_RUN_ONLY
2026-06-22 10:47:41 BTC-USD mark=64808.96999884 momentum=-0.016% signal=FLAT action=DRY_RUN_ONLY
2026-06-22 10:48:11 BTC-USD mark=64784.08083528 momentum=-0.050% signal=FLAT action=DRY_RUN_ONLY
2026-06-22 10:48:41 BTC-USD mark=64854.396399115 momentum=0.063% signal=FLAT action=DRY_RUN_ONLY
2026-06-22 10:49:11 BTC-USD mark=64886.454000035 momentum=0.029% signal=FLAT action=DRY_RUN_ONLY
2026-06-22 10:49:41 BTC-USD mark=64913.974830115 momentum=0.086% signal=FLAT action=DRY_RUN_ONLY
2026-06-22 10:50:11 BTC-USD mark=64971.84229743 momentum=0.156% signal=FLAT action=DRY_RUN_ONLY
2026-06-22 10:50:41 BTC-USD mark=64951.04872634 momentum=0.182% signal=FLAT action=DRY_RUN_ONLY
2026-06-22 10:51:11 BTC-USD mark=64924.563576385 momentum=0.138% signal=FLAT action=DRY_RUN_ONLY
2026-06-22 10:51:41 BTC-USD mark=64932.27446324 momentum=0.094% signal=FLAT action=DRY_RUN_ONLY
2026-06-22 10:52:11 BTC-USD mark=64934.019432085 momentum=0.071% signal=FLAT action=DRY_RUN_ONLY
2026-06-22 10:52:41 BTC-USD mark=64972.7336608 momentum=0.090% signal=FLAT action=DRY_RUN_ONLY
2026-06-22 10:53:11 BTC-USD mark=64933.09772838 momentum=0.066% signal=FLAT action=DRY_RUN_ONLY
2026-06-22 10:53:42 BTC-USD mark=64923.991366715 momentum=0.104% signal=FLAT action=DRY_RUN_ONLY
2026-06-22 10:54:12 BTC-USD mark=64884.919701775 momentum=0.032% signal=FLAT action=DRY_RUN_ONLY
2026-06-22 10:54:42 BTC-USD mark=64854.635763755 momentum=-0.043% signal=FLAT action=DRY_RUN_ONLY
2026-06-22 10:55:12 BTC-USD mark=64867.942061185 momentum=-0.002% signal=FLAT action=DRY_RUN_ONLY
2026-06-22 10:55:42 BTC-USD mark=64786.472563515 momentum=-0.097% signal=FLAT action=DRY_RUN_ONLY
2026-06-22 10:56:12 BTC-USD mark=64836.74 momentum=-0.060% signal=FLAT action=DRY_RUN_ONLY
2026-06-22 10:56:42 BTC-USD mark=64812.78673213 momentum=-0.108% signal=FLAT action=DRY_RUN_ONLY
2026-06-22 10:57:12 BTC-USD mark=64858.646299435 momentum=0.077% signal=FLAT action=DRY_RUN_ONLY
2026-06-22 10:57:42 BTC-USD mark=64862.34057255 momentum=0.121% signal=FLAT action=DRY_RUN_ONLY
2026-06-22 10:58:12 BTC-USD mark=64917.842839245 momentum=0.098% signal=FLAT action=DRY_RUN_ONLY
2026-06-22 10:58:42 BTC-USD mark=64915.36520785 momentum=0.045% signal=FLAT action=DRY_RUN_ONLY
2026-06-22 10:59:12 BTC-USD mark=64917.15140189 momentum=0.005% signal=FLAT action=DRY_RUN_ONLY
2026-06-22 10:59:43 BTC-USD mark=64903.428160365 momentum=-0.105% signal=FLAT action=DRY_RUN_ONLY
2026-06-22 11:00:13 BTC-USD mark=64932.416157865 momentum=-0.029% signal=FLAT action=DRY_RUN_ONLY
2026-06-22 11:00:43 BTC-USD mark=64953.583056285 momentum=0.045% signal=FLAT action=DRY_RUN_ONLY
2026-06-22 11:01:13 BTC-USD mark=64983.9150609 momentum=0.080% signal=FLAT action=DRY_RUN_ONLY
2026-06-22 11:01:43 BTC-USD mark=64992.267102635 momentum=0.090% signal=FLAT action=DRY_RUN_ONLY
2026-06-22 11:02:13 BTC-USD mark=65004.69710875 momentum=0.049% signal=FLAT action=DRY_RUN_ONLY
2026-06-22 11:02:43 BTC-USD mark=65028.00616622 momentum=0.146% signal=FLAT action=DRY_RUN_ONLY
2026-06-22 11:03:13 BTC-USD mark=65051.009022825 momentum=0.196% signal=FLAT action=DRY_RUN_ONLY
2026-06-22 11:03:43 BTC-USD mark=65049.218888075 momentum=0.253% signal=FLAT action=DRY_RUN_ONLY
2026-06-22 11:04:13 BTC-USD mark=65060.493585605 momentum=0.317% signal=FLAT action=DRY_RUN_ONLY
2026-06-22 11:04:43 BTC-USD mark=65063.37673665 momentum=0.301% signal=FLAT action=DRY_RUN_ONLY
2026-06-22 11:05:13 BTC-USD mark=64982.094750945 momentum=0.302% signal=FLAT action=DRY_RUN_ONLY
2026-06-22 11:05:43 BTC-USD mark=64908.99126264 momentum=0.111% signal=FLAT action=DRY_RUN_ONLY
2026-06-22 11:06:13 BTC-USD mark=64878.7613828 momentum=0.102% signal=FLAT action=DRY_RUN_ONLY
2026-06-22 11:06:43 BTC-USD mark=64854.67161015 momentum=-0.006% signal=FLAT action=DRY_RUN_ONLY
2026-06-22 11:07:13 BTC-USD mark=64912.325387355 momentum=0.077% signal=FLAT action=DRY_RUN_ONLY
2026-06-22 11:07:43 BTC-USD mark=64909.155717185 momentum=-0.013% signal=FLAT action=DRY_RUN_ONLY
2026-06-22 11:08:13 BTC-USD mark=64939.17148437 momentum=0.037% signal=FLAT action=DRY_RUN_ONLY
2026-06-22 11:08:44 BTC-USD mark=64956.471463825 momentum=0.061% signal=FLAT action=DRY_RUN_ONLY
2026-06-22 11:09:14 BTC-USD mark=64957.88847503 momentum=0.084% signal=FLAT action=DRY_RUN_ONLY
2026-06-22 11:09:44 BTC-USD mark=64943.486868835 momentum=0.017% signal=FLAT action=DRY_RUN_ONLY
2026-06-22 11:10:14 BTC-USD mark=64959.362452205 momentum=0.009% signal=FLAT action=DRY_RUN_ONLY
2026-06-22 11:10:44 BTC-USD mark=64956.789379595 momentum=-0.042% signal=FLAT action=DRY_RUN_ONLY
2026-06-22 11:11:14 BTC-USD mark=64970.13447464 momentum=-0.034% signal=FLAT action=DRY_RUN_ONLY
2026-06-22 11:11:44 BTC-USD mark=65007.962687995 momentum=0.005% signal=FLAT action=DRY_RUN_ONLY
2026-06-22 11:12:14 BTC-USD mark=65004.40151854 momentum=-0.036% signal=FLAT action=DRY_RUN_ONLY
2026-06-22 11:12:44 BTC-USD mark=65013.1065181 momentum=-0.058% signal=FLAT action=DRY_RUN_ONLY
2026-06-22 11:13:14 BTC-USD mark=65007.621024615 momentum=-0.064% signal=FLAT action=DRY_RUN_ONLY
2026-06-22 11:13:44 BTC-USD mark=65037.627005065 momentum=-0.035% signal=FLAT action=DRY_RUN_ONLY
2026-06-22 11:14:14 BTC-USD mark=65015.19072955 momentum=-0.074% signal=FLAT action=DRY_RUN_ONLY
2026-06-22 11:14:44 BTC-USD mark=65020.271125445 momentum=0.059% signal=FLAT action=DRY_RUN_ONLY
2026-06-22 11:15:14 BTC-USD mark=65006.51565618 momentum=0.150% signal=FLAT action=DRY_RUN_ONLY
2026-06-22 11:15:44 BTC-USD mark=65025.93188617 momentum=0.227% signal=FLAT action=DRY_RUN_ONLY
2026-06-22 11:16:15 BTC-USD mark=64984.08074372 momentum=0.200% signal=FLAT action=DRY_RUN_ONLY
2026-06-22 11:16:45 BTC-USD mark=64957.29324262 momentum=0.069% signal=FLAT action=DRY_RUN_ONLY
2026-06-22 11:17:15 BTC-USD mark=64945.712835045 momentum=0.056% signal=FLAT action=DRY_RUN_ONLY
2026-06-22 11:17:45 BTC-USD mark=64942.19405979 momentum=0.005% signal=FLAT action=DRY_RUN_ONLY
2026-06-22 11:18:15 BTC-USD mark=64961.96027604 momentum=0.008% signal=FLAT action=DRY_RUN_ONLY
2026-06-22 11:18:45 BTC-USD mark=64920.665934685 momentum=-0.057% signal=FLAT action=DRY_RUN_ONLY
2026-06-22 11:19:15 BTC-USD mark=64907.30688125 momentum=-0.056% signal=FLAT action=DRY_RUN_ONLY
2026-06-22 11:19:45 BTC-USD mark=64904.80669462 momentum=-0.084% signal=FLAT action=DRY_RUN_ONLY
2026-06-22 11:20:15 BTC-USD mark=64904.740339045 momentum=-0.080% signal=FLAT action=DRY_RUN_ONLY
2026-06-22 11:20:45 BTC-USD mark=64896.695333205 momentum=-0.113% signal=FLAT action=DRY_RUN_ONLY
2026-06-22 11:21:15 BTC-USD mark=64919.85214743 momentum=-0.136% signal=FLAT action=DRY_RUN_ONLY
2026-06-22 11:21:45 BTC-USD mark=64938.559915235 momentum=-0.101% signal=FLAT action=DRY_RUN_ONLY
2026-06-22 11:22:15 BTC-USD mark=64925.415773725 momentum=-0.135% signal=FLAT action=DRY_RUN_ONLY
2026-06-22 11:22:45 BTC-USD mark=64886.02388489 momentum=-0.187% signal=FLAT action=DRY_RUN_ONLY
2026-06-22 11:23:15 BTC-USD mark=64912.39837128 momentum=-0.193% signal=FLAT action=DRY_RUN_ONLY
2026-06-22 11:23:46 BTC-USD mark=64921.59366892 momentum=-0.144% signal=FLAT action=DRY_RUN_ONLY
2026-06-22 11:24:16 BTC-USD mark=64956.9349718 momentum=-0.097% signal=FLAT action=DRY_RUN_ONLY
2026-06-22 11:24:46 BTC-USD mark=64962.6721378 momentum=-0.067% signal=FLAT action=DRY_RUN_ONLY
2026-06-22 11:25:16 BTC-USD mark=64934.21340152 momentum=-0.141% signal=FLAT action=DRY_RUN_ONLY
2026-06-22 11:25:46 BTC-USD mark=64979.768205515 momentum=-0.007% signal=FLAT action=DRY_RUN_ONLY
2026-06-22 11:26:16 BTC-USD mark=64953.62342468 momentum=-0.006% signal=FLAT action=DRY_RUN_ONLY
2026-06-22 11:26:46 BTC-USD mark=65003.54107334 momentum=0.089% signal=FLAT action=DRY_RUN_ONLY
2026-06-22 11:27:16 BTC-USD mark=65020.104630235 momentum=0.120% signal=FLAT action=DRY_RUN_ONLY
2026-06-22 11:27:46 BTC-USD mark=65002.89658221 momentum=0.063% signal=FLAT action=DRY_RUN_ONLY
2026-06-22 11:28:16 BTC-USD mark=64994.502028835 momentum=0.114% signal=FLAT action=DRY_RUN_ONLY
2026-06-22 11:28:46 BTC-USD mark=64982.618512565 momentum=0.116% signal=FLAT action=DRY_RUN_ONLY
2026-06-22 11:29:16 BTC-USD mark=64939.82722102 momentum=0.054% signal=FLAT action=DRY_RUN_ONLY
2026-06-22 11:29:46 BTC-USD mark=64971.71279094 momentum=0.103% signal=FLAT action=DRY_RUN_ONLY
2026-06-22 11:30:16 BTC-USD mark=64969.79821221 momentum=0.113% signal=FLAT action=DRY_RUN_ONLY
2026-06-22 11:30:46 BTC-USD mark=64964.378796165 momentum=0.069% signal=FLAT action=DRY_RUN_ONLY
2026-06-22 11:31:16 BTC-USD mark=64968.057677455 momentum=0.045% signal=FLAT action=DRY_RUN_ONLY
2026-06-22 11:31:46 BTC-USD mark=64977.63993879 momentum=0.080% signal=FLAT action=DRY_RUN_ONLY
2026-06-22 11:32:16 BTC-USD mark=64967.1388487 momentum=0.125% signal=FLAT action=DRY_RUN_ONLY
2026-06-22 11:32:46 BTC-USD mark=64972.059890875 momentum=0.092% signal=FLAT action=DRY_RUN_ONLY
2026-06-22 11:33:16 BTC-USD mark=65047.47312979 momentum=0.194% signal=FLAT action=DRY_RUN_ONLY
2026-06-22 11:33:46 BTC-USD mark=65013.22938025 momentum=0.087% signal=FLAT action=DRY_RUN_ONLY
2026-06-22 11:34:17 BTC-USD mark=65012.799577675 momentum=0.077% signal=FLAT action=DRY_RUN_ONLY
2026-06-22 11:34:47 BTC-USD mark=65023.058900575 momentum=0.137% signal=FLAT action=DRY_RUN_ONLY
2026-06-22 11:35:17 BTC-USD mark=64998.46662085 momentum=0.029% signal=FLAT action=DRY_RUN_ONLY
2026-06-22 11:35:47 BTC-USD mark=65009.206761455 momentum=0.086% signal=FLAT action=DRY_RUN_ONLY
2026-06-22 11:36:17 BTC-USD mark=65041.89654083 momentum=0.059% signal=FLAT action=DRY_RUN_ONLY
2026-06-22 11:36:47 BTC-USD mark=65045.767408545 momentum=0.039% signal=FLAT action=DRY_RUN_ONLY
2026-06-22 11:37:17 BTC-USD mark=64988.57259778 momentum=-0.022% signal=FLAT action=DRY_RUN_ONLY
2026-06-22 11:37:47 BTC-USD mark=64988.07093892 momentum=-0.010% signal=FLAT action=DRY_RUN_ONLY
2026-06-22 11:38:17 BTC-USD mark=64992.20898835 momentum=0.015% signal=FLAT action=DRY_RUN_ONLY
2026-06-22 11:38:47 BTC-USD mark=64960.395017965 momentum=0.032% signal=FLAT action=DRY_RUN_ONLY
2026-06-22 11:39:17 BTC-USD mark=64962.762070715 momentum=-0.014% signal=FLAT action=DRY_RUN_ONLY
2026-06-22 11:39:47 BTC-USD mark=64973.46275914 momentum=0.006% signal=FLAT action=DRY_RUN_ONLY
2026-06-22 11:40:17 BTC-USD mark=65007.168515055 momentum=0.066% signal=FLAT action=DRY_RUN_ONLY
2026-06-22 11:40:47 BTC-USD mark=64993.5337905 momentum=0.039% signal=FLAT action=DRY_RUN_ONLY
2026-06-22 11:41:17 BTC-USD mark=64990.662928955 momentum=0.020% signal=FLAT action=DRY_RUN_ONLY
2026-06-22 11:41:48 BTC-USD mark=64997.84369859 momentum=0.047% signal=FLAT action=DRY_RUN_ONLY
2026-06-22 11:42:18 BTC-USD mark=65008.4088376 momentum=0.056% signal=FLAT action=DRY_RUN_ONLY
2026-06-22 11:42:48 BTC-USD mark=65021.172343015 momentum=-0.040% signal=FLAT action=DRY_RUN_ONLY
2026-06-22 11:43:18 BTC-USD mark=65021.802832225 momentum=0.013% signal=FLAT action=DRY_RUN_ONLY
2026-06-22 11:43:48 BTC-USD mark=65010.021615825 momentum=-0.004% signal=FLAT action=DRY_RUN_ONLY
2026-06-22 11:44:18 BTC-USD mark=65013.967828145 momentum=-0.014% signal=FLAT action=DRY_RUN_ONLY
2026-06-22 11:44:48 BTC-USD mark=65001.69589766 momentum=0.005% signal=FLAT action=DRY_RUN_ONLY
2026-06-22 11:45:18 BTC-USD mark=65006.70354311 momentum=-0.004% signal=FLAT action=DRY_RUN_ONLY
2026-06-22 11:45:48 BTC-USD mark=65001.77726808 momentum=-0.062% signal=FLAT action=DRY_RUN_ONLY
2026-06-22 11:46:18 BTC-USD mark=64999.07672244 momentum=-0.072% signal=FLAT action=DRY_RUN_ONLY
2026-06-22 11:46:48 BTC-USD mark=64989.252956955 momentum=0.001% signal=FLAT action=DRY_RUN_ONLY
2026-06-22 11:47:18 BTC-USD mark=64958.551644685 momentum=-0.045% signal=FLAT action=DRY_RUN_ONLY
2026-06-22 11:47:48 BTC-USD mark=64976.509698165 momentum=-0.024% signal=FLAT action=DRY_RUN_ONLY
2026-06-22 11:48:18 BTC-USD mark=64962.04709745 momentum=0.003% signal=FLAT action=DRY_RUN_ONLY
2026-06-22 11:48:48 BTC-USD mark=64955.79673045 momentum=-0.011% signal=FLAT action=DRY_RUN_ONLY
2026-06-22 11:49:18 BTC-USD mark=64834.06522405 momentum=-0.215% signal=FLAT action=DRY_RUN_ONLY
2026-06-22 11:49:48 BTC-USD mark=64848.27281928 momentum=-0.244% signal=FLAT action=DRY_RUN_ONLY
2026-06-22 11:50:18 BTC-USD mark=64833.08560459 momentum=-0.247% signal=FLAT action=DRY_RUN_ONLY
2026-06-22 11:50:48 BTC-USD mark=64801.820791075 momentum=-0.291% signal=FLAT action=DRY_RUN_ONLY
2026-06-22 11:51:19 BTC-USD mark=64758.326638355 momentum=-0.369% signal=MOMENTUM_DOWN action=DRY_RUN_ONLY
2026-06-22 11:51:49 BTC-USD mark=64777.67223273 momentum=-0.355% signal=MOMENTUM_DOWN action=DRY_RUN_ONLY
2026-06-22 11:52:19 BTC-USD mark=64813.213384725 momentum=-0.320% signal=FLAT action=DRY_RUN_ONLY
2026-06-22 11:52:49 BTC-USD mark=64816.68941581 momentum=-0.315% signal=FLAT action=DRY_RUN_ONLY
2026-06-22 11:53:19 BTC-USD mark=64809.791357955 momentum=-0.308% signal=FLAT action=DRY_RUN_ONLY
2026-06-22 11:53:49 BTC-USD mark=64806.741028555 momentum=-0.319% signal=FLAT action=DRY_RUN_ONLY
2026-06-22 11:54:19 BTC-USD mark=64795.61958441 momentum=-0.317% signal=FLAT action=DRY_RUN_ONLY
2026-06-22 11:54:49 BTC-USD mark=64773.64945736 momentum=-0.359% signal=MOMENTUM_DOWN action=DRY_RUN_ONLY
2026-06-22 11:55:19 BTC-USD mark=64771.62501087 momentum=-0.354% signal=MOMENTUM_DOWN action=DRY_RUN_ONLY
2026-06-22 11:55:49 BTC-USD mark=64762.41323506 momentum=-0.364% signal=MOMENTUM_DOWN action=DRY_RUN_ONLY
2026-06-22 11:56:19 BTC-USD mark=64749.43022109 momentum=-0.369% signal=MOMENTUM_DOWN action=DRY_RUN_ONLY
2026-06-22 11:56:49 BTC-USD mark=64691.685668545 momentum=-0.411% signal=MOMENTUM_DOWN action=DRY_RUN_ONLY
2026-06-22 11:57:19 BTC-USD mark=64701.572006395 momentum=-0.423% signal=MOMENTUM_DOWN action=DRY_RUN_ONLY
2026-06-22 11:57:49 BTC-USD mark=64711.65367505 momentum=-0.385% signal=MOMENTUM_DOWN action=DRY_RUN_ONLY
2026-06-22 11:58:19 BTC-USD mark=64768.41949896 momentum=-0.288% signal=FLAT action=DRY_RUN_ONLY
2026-06-22 11:58:49 BTC-USD mark=64752.17666578 momentum=-0.126% signal=FLAT action=DRY_RUN_ONLY
2026-06-22 11:59:19 BTC-USD mark=64766.72564592 momentum=-0.126% signal=FLAT action=DRY_RUN_ONLY
2026-06-22 11:59:49 BTC-USD mark=64771.366203675 momentum=-0.095% signal=FLAT action=DRY_RUN_ONLY
2026-06-22 12:00:20 BTC-USD mark=64748.155005195 momentum=-0.083% signal=FLAT action=DRY_RUN_ONLY
2026-06-22 12:00:50 BTC-USD mark=64710.484497295 momentum=-0.074% signal=FLAT action=DRY_RUN_ONLY
2026-06-22 12:01:20 BTC-USD mark=64645.448143 momentum=-0.204% signal=FLAT action=DRY_RUN_ONLY
2026-06-22 12:01:50 BTC-USD mark=64698.582464245 momentum=-0.177% signal=FLAT action=DRY_RUN_ONLY
2026-06-22 12:02:20 BTC-USD mark=64669.378217445 momentum=-0.227% signal=FLAT action=DRY_RUN_ONLY
2026-06-22 12:02:50 BTC-USD mark=64662.59342569 momentum=-0.227% signal=FLAT action=DRY_RUN_ONLY
2026-06-22 12:03:20 BTC-USD mark=64641.35021159 momentum=-0.255% signal=FLAT action=DRY_RUN_ONLY
2026-06-22 12:03:50 BTC-USD mark=64673.86434314 momentum=-0.188% signal=FLAT action=DRY_RUN_ONLY
2026-06-22 12:04:20 BTC-USD mark=64621.27068684 momentum=-0.235% signal=FLAT action=DRY_RUN_ONLY
2026-06-22 12:04:50 BTC-USD mark=64668.480682575 momentum=-0.159% signal=FLAT action=DRY_RUN_ONLY
2026-06-22 12:05:20 BTC-USD mark=64669.48320545 momentum=-0.143% signal=FLAT action=DRY_RUN_ONLY
2026-06-22 12:05:50 BTC-USD mark=64638.85348535 momentum=-0.171% signal=FLAT action=DRY_RUN_ONLY
2026-06-22 12:06:20 BTC-USD mark=64652.903337515 momentum=-0.060% signal=FLAT action=DRY_RUN_ONLY
2026-06-22 12:06:50 BTC-USD mark=64649.79952913 momentum=-0.080% signal=FLAT action=DRY_RUN_ONLY
2026-06-22 12:07:20 BTC-USD mark=64619.162906665 momentum=-0.143% signal=FLAT action=DRY_RUN_ONLY
2026-06-22 12:07:50 BTC-USD mark=64607.875 momentum=-0.248% signal=FLAT action=DRY_RUN_ONLY
2026-06-22 12:08:20 BTC-USD mark=64593.89157907 momentum=-0.244% signal=FLAT action=DRY_RUN_ONLY
2026-06-22 12:08:50 BTC-USD mark=64614.49966195 momentum=-0.235% signal=FLAT action=DRY_RUN_ONLY
2026-06-22 12:09:20 BTC-USD mark=64601.50321192 momentum=-0.262% signal=FLAT action=DRY_RUN_ONLY
2026-06-22 12:09:50 BTC-USD mark=64584.133565975 momentum=-0.253% signal=FLAT action=DRY_RUN_ONLY
2026-06-22 12:10:20 BTC-USD mark=64670.436325425 momentum=-0.062% signal=FLAT action=DRY_RUN_ONLY
2026-06-22 12:10:51 BTC-USD mark=64675.247902165 momentum=0.046% signal=FLAT action=DRY_RUN_ONLY
2026-06-22 12:11:21 BTC-USD mark=64631.47986045 momentum=-0.104% signal=FLAT action=DRY_RUN_ONLY
2026-06-22 12:11:51 BTC-USD mark=64629.800449285 momentum=-0.061% signal=FLAT action=DRY_RUN_ONLY
2026-06-22 12:12:21 BTC-USD mark=64640.72836448 momentum=-0.034% signal=FLAT action=DRY_RUN_ONLY
2026-06-22 12:12:51 BTC-USD mark=64661.1665001 momentum=0.031% signal=FLAT action=DRY_RUN_ONLY
2026-06-22 12:13:21 BTC-USD mark=64640.31709019 momentum=-0.052% signal=FLAT action=DRY_RUN_ONLY
2026-06-22 12:13:51 BTC-USD mark=64641.164278355 momentum=0.031% signal=FLAT action=DRY_RUN_ONLY
2026-06-22 12:14:21 BTC-USD mark=64655.12943704 momentum=-0.021% signal=FLAT action=DRY_RUN_ONLY
2026-06-22 12:14:51 BTC-USD mark=64655.883024095 momentum=-0.021% signal=FLAT action=DRY_RUN_ONLY
2026-06-22 12:15:21 BTC-USD mark=64628.993860835 momentum=-0.015% signal=FLAT action=DRY_RUN_ONLY
2026-06-22 12:15:51 BTC-USD mark=64626.1304797 momentum=-0.041% signal=FLAT action=DRY_RUN_ONLY
2026-06-22 12:16:21 BTC-USD mark=64615.690542625 momentum=-0.053% signal=FLAT action=DRY_RUN_ONLY
2026-06-22 12:16:51 BTC-USD mark=64576.79712417 momentum=-0.066% signal=FLAT action=DRY_RUN_ONLY
2026-06-22 12:17:21 BTC-USD mark=64626.73226154 momentum=0.029% signal=FLAT action=DRY_RUN_ONLY
2026-06-22 12:17:51 BTC-USD mark=64646.571137605 momentum=0.082% signal=FLAT action=DRY_RUN_ONLY
2026-06-22 12:18:21 BTC-USD mark=64656.112103875 momentum=0.064% signal=FLAT action=DRY_RUN_ONLY
2026-06-22 12:18:51 BTC-USD mark=64672.00770471 momentum=0.109% signal=FLAT action=DRY_RUN_ONLY
2026-06-22 12:19:21 BTC-USD mark=64655.71299127 momentum=0.111% signal=FLAT action=DRY_RUN_ONLY
2026-06-22 12:19:51 BTC-USD mark=64677.187600535 momentum=0.010% signal=FLAT action=DRY_RUN_ONLY
2026-06-22 12:20:21 BTC-USD mark=64706.287246255 momentum=0.048% signal=FLAT action=DRY_RUN_ONLY
2026-06-22 12:20:52 BTC-USD mark=64681.258629735 momentum=0.077% signal=FLAT action=DRY_RUN_ONLY
2026-06-22 12:21:22 BTC-USD mark=64700.966090505 momentum=0.110% signal=FLAT action=DRY_RUN_ONLY
2026-06-22 12:21:52 BTC-USD mark=64703.04405585 momentum=0.096% signal=FLAT action=DRY_RUN_ONLY
2026-06-22 12:22:22 BTC-USD mark=64697.21736852 momentum=0.056% signal=FLAT action=DRY_RUN_ONLY
2026-06-22 12:22:52 BTC-USD mark=64674.00069016 momentum=0.052% signal=FLAT action=DRY_RUN_ONLY
2026-06-22 12:23:22 BTC-USD mark=64692.30999227 momentum=0.079% signal=FLAT action=DRY_RUN_ONLY
2026-06-22 12:23:52 BTC-USD mark=64687.41445986 momentum=0.050% signal=FLAT action=DRY_RUN_ONLY
2026-06-22 12:24:22 BTC-USD mark=64659.438661685 momentum=0.005% signal=FLAT action=DRY_RUN_ONLY
2026-06-22 12:24:52 BTC-USD mark=64631.00769661 momentum=0.003% signal=FLAT action=DRY_RUN_ONLY
2026-06-22 12:25:22 BTC-USD mark=64646.27788343 momentum=0.031% signal=FLAT action=DRY_RUN_ONLY
2026-06-22 12:25:52 BTC-USD mark=64614.465861725 momentum=-0.002% signal=FLAT action=DRY_RUN_ONLY
2026-06-22 12:26:22 BTC-USD mark=64598.800515505 momentum=0.034% signal=FLAT action=DRY_RUN_ONLY
2026-06-22 12:26:52 BTC-USD mark=64587.114803435 momentum=-0.061% signal=FLAT action=DRY_RUN_ONLY
2026-06-22 12:27:22 BTC-USD mark=64587.830075495 momentum=-0.091% signal=FLAT action=DRY_RUN_ONLY
2026-06-22 12:27:52 BTC-USD mark=64614.020052695 momentum=-0.065% signal=FLAT action=DRY_RUN_ONLY
2026-06-22 12:28:22 BTC-USD mark=64602.30085342 momentum=-0.108% signal=FLAT action=DRY_RUN_ONLY
2026-06-22 12:28:52 BTC-USD mark=64610.34330071 momentum=-0.070% signal=FLAT action=DRY_RUN_ONLY
2026-06-22 12:29:22 BTC-USD mark=64619.212562385 momentum=-0.090% signal=FLAT action=DRY_RUN_ONLY
2026-06-22 12:29:52 BTC-USD mark=64608.53394148 momentum=-0.151% signal=FLAT action=DRY_RUN_ONLY
2026-06-22 12:30:22 BTC-USD mark=64604.797663375 momentum=-0.118% signal=FLAT action=DRY_RUN_ONLY
2026-06-22 12:30:53 BTC-USD mark=64594.690943125 momentum=-0.164% signal=FLAT action=DRY_RUN_ONLY
2026-06-22 12:31:23 BTC-USD mark=64578.245895025 momentum=-0.193% signal=FLAT action=DRY_RUN_ONLY
2026-06-22 12:31:53 BTC-USD mark=64597.091418705 momentum=-0.155% signal=FLAT action=DRY_RUN_ONLY
2026-06-22 12:32:23 BTC-USD mark=64580.34182546 momentum=-0.145% signal=FLAT action=DRY_RUN_ONLY
2026-06-22 12:32:53 BTC-USD mark=64578.69060153 momentum=-0.176% signal=FLAT action=DRY_RUN_ONLY
2026-06-22 12:33:23 BTC-USD mark=64590.569621685 momentum=-0.150% signal=FLAT action=DRY_RUN_ONLY
2026-06-22 12:33:53 BTC-USD mark=64590.126175085 momentum=-0.107% signal=FLAT action=DRY_RUN_ONLY
2026-06-22 12:34:23 BTC-USD mark=64581.70998042 momentum=-0.076% signal=FLAT action=DRY_RUN_ONLY
2026-06-22 12:34:53 BTC-USD mark=64583.07256466 momentum=-0.098% signal=FLAT action=DRY_RUN_ONLY
2026-06-22 12:35:23 BTC-USD mark=64559.572916485 momentum=-0.085% signal=FLAT action=DRY_RUN_ONLY
2026-06-22 12:35:53 BTC-USD mark=64530.201083435 momentum=-0.106% signal=FLAT action=DRY_RUN_ONLY
2026-06-22 12:36:23 BTC-USD mark=64551.8541413 momentum=-0.055% signal=FLAT action=DRY_RUN_ONLY
2026-06-22 12:36:53 BTC-USD mark=64590.290219185 momentum=0.004% signal=FLAT action=DRY_RUN_ONLY
2026-06-22 12:37:23 BTC-USD mark=64577.87885602 momentum=-0.056% signal=FLAT action=DRY_RUN_ONLY
2026-06-22 12:37:53 BTC-USD mark=64575.208151115 momentum=-0.042% signal=FLAT action=DRY_RUN_ONLY
2026-06-22 12:38:23 BTC-USD mark=64584.884758 momentum=-0.039% signal=FLAT action=DRY_RUN_ONLY
2026-06-22 12:38:53 BTC-USD mark=64554.580484755 momentum=-0.100% signal=FLAT action=DRY_RUN_ONLY
2026-06-22 12:39:23 BTC-USD mark=64573.740820015 momentum=-0.054% signal=FLAT action=DRY_RUN_ONLY
2026-06-22 12:39:54 BTC-USD mark=64555.07044861 momentum=-0.077% signal=FLAT action=DRY_RUN_ONLY
2026-06-22 12:40:24 BTC-USD mark=64518.100464905 momentum=-0.119% signal=FLAT action=DRY_RUN_ONLY
2026-06-22 12:40:54 BTC-USD mark=64491.714209975 momentum=-0.134% signal=FLAT action=DRY_RUN_ONLY
2026-06-22 12:41:24 BTC-USD mark=64503.19269686 momentum=-0.145% signal=FLAT action=DRY_RUN_ONLY
2026-06-22 12:41:54 BTC-USD mark=64507.327961935 momentum=-0.113% signal=FLAT action=DRY_RUN_ONLY
2026-06-22 12:42:24 BTC-USD mark=64484.941456515 momentum=-0.145% signal=FLAT action=DRY_RUN_ONLY
2026-06-22 12:42:54 BTC-USD mark=64518.6506334 momentum=-0.111% signal=FLAT action=DRY_RUN_ONLY
2026-06-22 12:43:24 BTC-USD mark=64490.734912555 momentum=-0.154% signal=FLAT action=DRY_RUN_ONLY
2026-06-22 12:43:54 BTC-USD mark=64493.037000765 momentum=-0.137% signal=FLAT action=DRY_RUN_ONLY
2026-06-22 12:44:24 BTC-USD mark=64499.012940835 momentum=-0.130% signal=FLAT action=DRY_RUN_ONLY
2026-06-22 12:44:54 BTC-USD mark=64512.245635805 momentum=-0.073% signal=FLAT action=DRY_RUN_ONLY
2026-06-22 12:45:24 BTC-USD mark=64480.890896185 momentum=-0.076% signal=FLAT action=DRY_RUN_ONLY
2026-06-22 12:45:54 BTC-USD mark=64458.780155635 momentum=-0.144% signal=FLAT action=DRY_RUN_ONLY
2026-06-22 12:46:24 BTC-USD mark=64451.009013255 momentum=-0.216% signal=FLAT action=DRY_RUN_ONLY
2026-06-22 12:46:54 BTC-USD mark=64487.07814955 momentum=-0.141% signal=FLAT action=DRY_RUN_ONLY
2026-06-22 12:47:24 BTC-USD mark=64560.37681787 momentum=-0.023% signal=FLAT action=DRY_RUN_ONLY
2026-06-22 12:47:54 BTC-USD mark=64545.56454004 momentum=-0.061% signal=FLAT action=DRY_RUN_ONLY
2026-06-22 12:48:24 BTC-USD mark=64541.512948195 momentum=-0.020% signal=FLAT action=DRY_RUN_ONLY
2026-06-22 12:48:55 BTC-USD mark=64543.393728465 momentum=-0.047% signal=FLAT action=DRY_RUN_ONLY
2026-06-22 12:49:25 BTC-USD mark=64580.603670775 momentum=0.040% signal=FLAT action=DRY_RUN_ONLY
2026-06-22 12:49:55 BTC-USD mark=64528.786609455 momentum=0.017% signal=FLAT action=DRY_RUN_ONLY
2026-06-22 12:50:25 BTC-USD mark=64554.217720815 momentum=0.097% signal=FLAT action=DRY_RUN_ONLY
2026-06-22 12:50:55 BTC-USD mark=64583.78369695 momentum=0.125% signal=FLAT action=DRY_RUN_ONLY
2026-06-22 12:51:25 BTC-USD mark=64603.70298067 momentum=0.149% signal=FLAT action=DRY_RUN_ONLY
2026-06-22 12:51:55 BTC-USD mark=64576.96970495 momentum=0.143% signal=FLAT action=DRY_RUN_ONLY
2026-06-22 12:52:25 BTC-USD mark=64584.4780464 momentum=0.102% signal=FLAT action=DRY_RUN_ONLY
2026-06-22 12:52:55 BTC-USD mark=64606.60718525 momentum=0.180% signal=FLAT action=DRY_RUN_ONLY
2026-06-22 12:53:25 BTC-USD mark=64641.870297085 momentum=0.231% signal=FLAT action=DRY_RUN_ONLY
2026-06-22 12:53:55 BTC-USD mark=64676.543844555 momentum=0.275% signal=FLAT action=DRY_RUN_ONLY
2026-06-22 12:54:25 BTC-USD mark=64672.239162975 momentum=0.248% signal=FLAT action=DRY_RUN_ONLY
2026-06-22 12:54:55 BTC-USD mark=64690.739756095 momentum=0.325% signal=FLAT action=DRY_RUN_ONLY
2026-06-22 12:55:25 BTC-USD mark=64701.229931325 momentum=0.376% signal=MOMENTUM_UP action=DRY_RUN_ONLY
2026-06-22 12:55:55 BTC-USD mark=64687.630746995 momentum=0.367% signal=MOMENTUM_UP action=DRY_RUN_ONLY
2026-06-22 12:56:25 BTC-USD mark=64697.817967295 momentum=0.327% signal=FLAT action=DRY_RUN_ONLY
2026-06-22 12:56:56 BTC-USD mark=64691.11882625 momentum=0.203% signal=FLAT action=DRY_RUN_ONLY
2026-06-22 12:57:26 BTC-USD mark=64659.53927628 momentum=0.177% signal=FLAT action=DRY_RUN_ONLY
2026-06-22 12:57:56 BTC-USD mark=64665.368010785 momentum=0.192% signal=FLAT action=DRY_RUN_ONLY
2026-06-22 12:58:26 BTC-USD mark=64680.104170975 momentum=0.212% signal=FLAT action=DRY_RUN_ONLY
2026-06-22 12:58:56 BTC-USD mark=64676.946539925 momentum=0.149% signal=FLAT action=DRY_RUN_ONLY
2026-06-22 12:59:26 BTC-USD mark=64686.763760235 momentum=0.245% signal=FLAT action=DRY_RUN_ONLY
2026-06-22 12:59:56 BTC-USD mark=64655.12799475 momentum=0.156% signal=FLAT action=DRY_RUN_ONLY
2026-06-22 13:00:27 BTC-USD mark=64644.424667515 momentum=0.094% signal=FLAT action=DRY_RUN_ONLY
2026-06-22 13:00:57 BTC-USD mark=64632.7494301 momentum=0.045% signal=FLAT action=DRY_RUN_ONLY
2026-06-22 13:01:27 BTC-USD mark=64633.433559 momentum=0.087% signal=FLAT action=DRY_RUN_ONLY
2026-06-22 13:01:57 BTC-USD mark=64606.879254905 momentum=0.035% signal=FLAT action=DRY_RUN_ONLY
2026-06-22 13:02:27 BTC-USD mark=64610.21303359 momentum=0.006% signal=FLAT action=DRY_RUN_ONLY
2026-06-22 13:02:57 BTC-USD mark=64632.633554865 momentum=-0.014% signal=FLAT action=DRY_RUN_ONLY
2026-06-22 13:03:27 BTC-USD mark=64650.93585771 momentum=-0.040% signal=FLAT action=DRY_RUN_ONLY
2026-06-22 13:03:57 BTC-USD mark=64674.83373499 momentum=0.004% signal=FLAT action=DRY_RUN_ONLY
2026-06-22 13:04:28 BTC-USD mark=64706.23710212 momentum=0.024% signal=FLAT action=DRY_RUN_ONLY
2026-06-22 13:04:58 BTC-USD mark=64665.84167356 momentum=-0.055% signal=FLAT action=DRY_RUN_ONLY
2026-06-22 13:05:28 BTC-USD mark=64645.97423016 momentum=-0.064% signal=FLAT action=DRY_RUN_ONLY
2026-06-22 13:05:58 BTC-USD mark=64612.90760475 momentum=-0.131% signal=FLAT action=DRY_RUN_ONLY
2026-06-22 13:06:28 BTC-USD mark=64572.724941775 momentum=-0.183% signal=FLAT action=DRY_RUN_ONLY
2026-06-22 13:06:58 BTC-USD mark=64559.94566914 momentum=-0.154% signal=FLAT action=DRY_RUN_ONLY
2026-06-22 13:07:28 BTC-USD mark=64592.068764005 momentum=-0.113% signal=FLAT action=DRY_RUN_ONLY
2026-06-22 13:07:58 BTC-USD mark=64607.850213985 momentum=-0.112% signal=FLAT action=DRY_RUN_ONLY
2026-06-22 13:08:28 BTC-USD mark=64607.0379177 momentum=-0.108% signal=FLAT action=DRY_RUN_ONLY
2026-06-22 13:08:58 BTC-USD mark=64612.861895485 momentum=-0.114% signal=FLAT action=DRY_RUN_ONLY
2026-06-22 13:09:28 BTC-USD mark=64612.31651027 momentum=-0.066% signal=FLAT action=DRY_RUN_ONLY
2026-06-22 13:09:58 BTC-USD mark=64573.22130605 momentum=-0.110% signal=FLAT action=DRY_RUN_ONLY
2026-06-22 13:10:29 BTC-USD mark=64591.719898565 momentum=-0.063% signal=FLAT action=DRY_RUN_ONLY
2026-06-22 13:10:59 BTC-USD mark=64604.492436075 momentum=-0.045% signal=FLAT action=DRY_RUN_ONLY
2026-06-22 13:11:29 BTC-USD mark=64604.30246466 momentum=-0.004% signal=FLAT action=DRY_RUN_ONLY
2026-06-22 13:11:59 BTC-USD mark=64617.829300435 momentum=0.012% signal=FLAT action=DRY_RUN_ONLY
2026-06-22 13:12:29 BTC-USD mark=64606.62398099 momentum=-0.040% signal=FLAT action=DRY_RUN_ONLY
2026-06-22 13:12:59 BTC-USD mark=64611.07759934 momentum=-0.062% signal=FLAT action=DRY_RUN_ONLY
2026-06-22 13:13:29 BTC-USD mark=64620.49104159 momentum=-0.084% signal=FLAT action=DRY_RUN_ONLY
2026-06-22 13:13:59 BTC-USD mark=64616.85152926 momentum=-0.138% signal=FLAT action=DRY_RUN_ONLY
2026-06-22 13:14:29 BTC-USD mark=64594.69930755 momentum=-0.110% signal=FLAT action=DRY_RUN_ONLY
2026-06-22 13:14:59 BTC-USD mark=64612.039414865 momentum=-0.052% signal=FLAT action=DRY_RUN_ONLY
2026-06-22 13:15:29 BTC-USD mark=64631.26799191 momentum=0.028% signal=FLAT action=DRY_RUN_ONLY
2026-06-22 13:15:59 BTC-USD mark=64604.41588595 momentum=0.049% signal=FLAT action=DRY_RUN_ONLY
2026-06-22 13:16:29 BTC-USD mark=64619.45777063 momentum=0.092% signal=FLAT action=DRY_RUN_ONLY
2026-06-22 13:16:59 BTC-USD mark=64599.6084619 momentum=0.012% signal=FLAT action=DRY_RUN_ONLY
2026-06-22 13:17:29 BTC-USD mark=64597.57064715 momentum=-0.016% signal=FLAT action=DRY_RUN_ONLY
2026-06-22 13:18:00 BTC-USD mark=64583.856563175 momentum=-0.036% signal=FLAT action=DRY_RUN_ONLY
2026-06-22 13:18:30 BTC-USD mark=64572.873535305 momentum=-0.062% signal=FLAT action=DRY_RUN_ONLY
2026-06-22 13:19:00 BTC-USD mark=64559.20866415 momentum=-0.082% signal=FLAT action=DRY_RUN_ONLY
2026-06-22 13:19:30 BTC-USD mark=64557.61250213 momentum=-0.024% signal=FLAT action=DRY_RUN_ONLY
2026-06-22 13:20:00 BTC-USD mark=64565.185621865 momentum=-0.041% signal=FLAT action=DRY_RUN_ONLY
2026-06-22 13:20:30 BTC-USD mark=64538.577929505 momentum=-0.102% signal=FLAT action=DRY_RUN_ONLY
2026-06-22 13:21:00 BTC-USD mark=64532.88153753 momentum=-0.111% signal=FLAT action=DRY_RUN_ONLY
2026-06-22 13:21:30 BTC-USD mark=64510.6962288 momentum=-0.166% signal=FLAT action=DRY_RUN_ONLY
2026-06-22 13:22:00 BTC-USD mark=64482.72330956 momentum=-0.192% signal=FLAT action=DRY_RUN_ONLY
2026-06-22 13:22:30 BTC-USD mark=64464.202177605 momentum=-0.227% signal=FLAT action=DRY_RUN_ONLY
2026-06-22 13:23:00 BTC-USD mark=64482.407265905 momentum=-0.214% signal=FLAT action=DRY_RUN_ONLY
2026-06-22 13:23:30 BTC-USD mark=64520.19793824 momentum=-0.150% signal=FLAT action=DRY_RUN_ONLY
2026-06-22 13:24:00 BTC-USD mark=64514.995609805 momentum=-0.123% signal=FLAT action=DRY_RUN_ONLY
2026-06-22 13:24:30 BTC-USD mark=64519.432189245 momentum=-0.143% signal=FLAT action=DRY_RUN_ONLY
2026-06-22 13:25:00 BTC-USD mark=64512.04455077 momentum=-0.184% signal=FLAT action=DRY_RUN_ONLY
2026-06-22 13:25:30 BTC-USD mark=64470.50217435 momentum=-0.207% signal=FLAT action=DRY_RUN_ONLY
2026-06-22 13:26:00 BTC-USD mark=64507.29047342 momentum=-0.174% signal=FLAT action=DRY_RUN_ONLY
2026-06-22 13:26:30 BTC-USD mark=64500.779218165 momentum=-0.153% signal=FLAT action=DRY_RUN_ONLY
2026-06-22 13:27:01 BTC-USD mark=64504.35616384 momentum=-0.144% signal=FLAT action=DRY_RUN_ONLY
2026-06-22 13:27:31 BTC-USD mark=64509.640284325 momentum=-0.115% signal=FLAT action=DRY_RUN_ONLY
2026-06-22 13:28:01 BTC-USD mark=64508.31223086 momentum=-0.100% signal=FLAT action=DRY_RUN_ONLY
2026-06-22 13:28:31 BTC-USD mark=64529.75095405 momentum=-0.046% signal=FLAT action=DRY_RUN_ONLY
2026-06-22 13:29:01 BTC-USD mark=64477.94326992 momentum=-0.123% signal=FLAT action=DRY_RUN_ONLY
2026-06-22 13:29:31 BTC-USD mark=64461.048888245 momentum=-0.161% signal=FLAT action=DRY_RUN_ONLY
2026-06-22 13:30:01 BTC-USD mark=64437.6049908 momentum=-0.156% signal=FLAT action=DRY_RUN_ONLY
2026-06-22 13:30:31 BTC-USD mark=64384.591785915 momentum=-0.230% signal=FLAT action=DRY_RUN_ONLY
2026-06-22 13:31:01 BTC-USD mark=64338.38612375 momentum=-0.267% signal=FLAT action=DRY_RUN_ONLY
2026-06-22 13:31:31 BTC-USD mark=64392.92410706 momentum=-0.139% signal=FLAT action=DRY_RUN_ONLY
2026-06-22 13:32:01 BTC-USD mark=64355.187776955 momentum=-0.169% signal=FLAT action=DRY_RUN_ONLY
2026-06-22 13:32:31 BTC-USD mark=64378.98273126 momentum=-0.160% signal=FLAT action=DRY_RUN_ONLY
2026-06-22 13:33:01 BTC-USD mark=64399.78392066 momentum=-0.187% signal=FLAT action=DRY_RUN_ONLY
2026-06-22 13:33:31 BTC-USD mark=64404.25157098 momentum=-0.172% signal=FLAT action=DRY_RUN_ONLY
2026-06-22 13:34:02 BTC-USD mark=64365.885170115 momentum=-0.238% signal=FLAT action=DRY_RUN_ONLY
2026-06-22 13:34:32 BTC-USD mark=64391.199988885 momentum=-0.187% signal=FLAT action=DRY_RUN_ONLY
2026-06-22 13:35:02 BTC-USD mark=64397.462181185 momentum=-0.113% signal=FLAT action=DRY_RUN_ONLY
2026-06-22 13:35:32 BTC-USD mark=64374.208585105 momentum=-0.206% signal=FLAT action=DRY_RUN_ONLY
2026-06-22 13:36:02 BTC-USD mark=64328.85250938 momentum=-0.267% signal=FLAT action=DRY_RUN_ONLY
2026-06-22 13:36:32 BTC-USD mark=64382.23841652 momentum=-0.189% signal=FLAT action=DRY_RUN_ONLY
2026-06-22 13:37:02 BTC-USD mark=64381.07437899 momentum=-0.199% signal=FLAT action=DRY_RUN_ONLY
2026-06-22 13:37:32 BTC-USD mark=64398.300390355 momentum=-0.171% signal=FLAT action=DRY_RUN_ONLY
2026-06-22 13:38:02 BTC-USD mark=64422.156403535 momentum=-0.167% signal=FLAT action=DRY_RUN_ONLY
2026-06-22 13:38:32 BTC-USD mark=64432.693224495 momentum=-0.070% signal=FLAT action=DRY_RUN_ONLY
2026-06-22 13:39:02 BTC-USD mark=64388.62817613 momentum=-0.112% signal=FLAT action=DRY_RUN_ONLY
2026-06-22 13:39:33 BTC-USD mark=64419.266319835 momentum=-0.028% signal=FLAT action=DRY_RUN_ONLY
2026-06-22 13:40:03 BTC-USD mark=64393.66818169 momentum=0.014% signal=FLAT action=DRY_RUN_ONLY
2026-06-22 13:40:33 BTC-USD mark=64378.901461705 momentum=0.063% signal=FLAT action=DRY_RUN_ONLY
2026-06-22 13:41:03 BTC-USD mark=64383.456926635 momentum=-0.015% signal=FLAT action=DRY_RUN_ONLY
2026-06-22 13:41:33 BTC-USD mark=64367.179858095 momentum=0.019% signal=FLAT action=DRY_RUN_ONLY
2026-06-22 13:42:03 BTC-USD mark=64385.58171065 momentum=0.010% signal=FLAT action=DRY_RUN_ONLY
2026-06-22 13:42:33 BTC-USD mark=64390.15438681 momentum=-0.015% signal=FLAT action=DRY_RUN_ONLY
2026-06-22 13:43:03 BTC-USD mark=64403.70959548 momentum=-0.001% signal=FLAT action=DRY_RUN_ONLY
2026-06-22 13:43:33 BTC-USD mark=64411.467891565 momentum=0.071% signal=FLAT action=DRY_RUN_ONLY
2026-06-22 13:44:03 BTC-USD mark=64371.51036898 momentum=-0.031% signal=FLAT action=DRY_RUN_ONLY
2026-06-22 13:44:33 BTC-USD mark=64335.854226525 momentum=-0.096% signal=FLAT action=DRY_RUN_ONLY
2026-06-22 13:45:03 BTC-USD mark=64365.74099619 momentum=-0.013% signal=FLAT action=DRY_RUN_ONLY
2026-06-22 13:45:33 BTC-USD mark=64409.972243015 momentum=0.126% signal=FLAT action=DRY_RUN_ONLY
2026-06-22 13:46:03 BTC-USD mark=64419.96466736 momentum=0.059% signal=FLAT action=DRY_RUN_ONLY
2026-06-22 13:46:34 BTC-USD mark=64417.281931825 momentum=0.056% signal=FLAT action=DRY_RUN_ONLY
2026-06-22 13:47:04 BTC-USD mark=64435.002247535 momentum=0.057% signal=FLAT action=DRY_RUN_ONLY
2026-06-22 13:47:34 BTC-USD mark=64407.3694232 momentum=-0.023% signal=FLAT action=DRY_RUN_ONLY
2026-06-22 13:48:04 BTC-USD mark=64401.065552855 momentum=-0.049% signal=FLAT action=DRY_RUN_ONLY
2026-06-22 13:48:34 BTC-USD mark=64408.488784795 momentum=0.031% signal=FLAT action=DRY_RUN_ONLY
2026-06-22 13:49:04 BTC-USD mark=64417.5975015 momentum=-0.003% signal=FLAT action=DRY_RUN_ONLY
2026-06-22 13:49:34 BTC-USD mark=64421.72 momentum=0.044% signal=FLAT action=DRY_RUN_ONLY
2026-06-22 13:50:04 BTC-USD mark=64455.17003614 momentum=0.118% signal=FLAT action=DRY_RUN_ONLY
2026-06-22 13:50:34 BTC-USD mark=64449.58 momentum=0.103% signal=FLAT action=DRY_RUN_ONLY
2026-06-22 13:51:04 BTC-USD mark=64439.54920048 momentum=0.112% signal=FLAT action=DRY_RUN_ONLY
2026-06-22 13:51:34 BTC-USD mark=64453.73368747 momentum=0.106% signal=FLAT action=DRY_RUN_ONLY
2026-06-22 13:52:04 BTC-USD mark=64471.18006733 momentum=0.126% signal=FLAT action=DRY_RUN_ONLY
2026-06-22 13:52:34 BTC-USD mark=64481.2348711 momentum=0.120% signal=FLAT action=DRY_RUN_ONLY
2026-06-22 13:53:04 BTC-USD mark=64532.635959355 momentum=0.188% signal=FLAT action=DRY_RUN_ONLY
2026-06-22 13:53:35 BTC-USD mark=64542.74986312 momentum=0.266% signal=FLAT action=DRY_RUN_ONLY
2026-06-22 13:54:05 BTC-USD mark=64539.534679775 momentum=0.317% signal=FLAT action=DRY_RUN_ONLY
2026-06-22 13:54:35 BTC-USD mark=64576.9066063 momentum=0.328% signal=FLAT action=DRY_RUN_ONLY
2026-06-22 13:55:05 BTC-USD mark=64577.52635955 momentum=0.260% signal=FLAT action=DRY_RUN_ONLY
2026-06-22 13:55:35 BTC-USD mark=64562.3504926 momentum=0.221% signal=FLAT action=DRY_RUN_ONLY
2026-06-22 13:56:05 BTC-USD mark=64582.201907025 momentum=0.256% signal=FLAT action=DRY_RUN_ONLY
2026-06-22 13:56:35 BTC-USD mark=64577.06664865 momentum=0.220% signal=FLAT action=DRY_RUN_ONLY
2026-06-22 13:57:05 BTC-USD mark=64580.2195725 momentum=0.268% signal=FLAT action=DRY_RUN_ONLY
2026-06-22 13:57:35 BTC-USD mark=64575.47333845 momentum=0.271% signal=FLAT action=DRY_RUN_ONLY
2026-06-22 13:58:05 BTC-USD mark=64573.679199 momentum=0.256% signal=FLAT action=DRY_RUN_ONLY
2026-06-22 13:58:35 BTC-USD mark=64561.10846215 momentum=0.223% signal=FLAT action=DRY_RUN_ONLY
2026-06-22 13:59:05 BTC-USD mark=64561.12556935 momentum=0.216% signal=FLAT action=DRY_RUN_ONLY
2026-06-22 13:59:35 BTC-USD mark=64544.42264355 momentum=0.138% signal=FLAT action=DRY_RUN_ONLY
2026-06-22 14:00:05 BTC-USD mark=64557.22660785 momentum=0.167% signal=FLAT action=DRY_RUN_ONLY
2026-06-22 14:00:35 BTC-USD mark=64610.28032755 momentum=0.265% signal=FLAT action=DRY_RUN_ONLY
2026-06-22 14:01:05 BTC-USD mark=64626.4455824 momentum=0.268% signal=FLAT action=DRY_RUN_ONLY
2026-06-22 14:01:35 BTC-USD mark=64588.3037095 momentum=0.182% signal=FLAT action=DRY_RUN_ONLY
2026-06-22 14:02:06 BTC-USD mark=64560.805210415 momentum=0.123% signal=FLAT action=DRY_RUN_ONLY
2026-06-22 14:02:36 BTC-USD mark=64602.03978 momentum=0.108% signal=FLAT action=DRY_RUN_ONLY
2026-06-22 14:03:06 BTC-USD mark=64623.6238241 momentum=0.125% signal=FLAT action=DRY_RUN_ONLY
2026-06-22 14:03:36 BTC-USD mark=64626.06503035 momentum=0.134% signal=FLAT action=DRY_RUN_ONLY
2026-06-22 14:04:06 BTC-USD mark=64631.4119539 momentum=0.084% signal=FLAT action=DRY_RUN_ONLY
2026-06-22 14:04:36 BTC-USD mark=64620.58649033 momentum=0.067% signal=FLAT action=DRY_RUN_ONLY
2026-06-22 14:05:06 BTC-USD mark=64631.81 momentum=0.108% signal=FLAT action=DRY_RUN_ONLY
2026-06-22 14:05:36 BTC-USD mark=64640.48887089 momentum=0.090% signal=FLAT action=DRY_RUN_ONLY
2026-06-22 14:06:06 BTC-USD mark=64616.89923575 momentum=0.062% signal=FLAT action=DRY_RUN_ONLY
2026-06-22 14:06:36 BTC-USD mark=64668.672750205 momentum=0.137% signal=FLAT action=DRY_RUN_ONLY
2026-06-22 14:07:06 BTC-USD mark=64638.89989205 momentum=0.098% signal=FLAT action=DRY_RUN_ONLY
2026-06-22 14:07:37 BTC-USD mark=64610.065755 momentum=0.056% signal=FLAT action=DRY_RUN_ONLY
2026-06-22 14:08:07 BTC-USD mark=64618.121751215 momentum=0.088% signal=FLAT action=DRY_RUN_ONLY
2026-06-22 14:08:37 BTC-USD mark=64631.56821031 momentum=0.109% signal=FLAT action=DRY_RUN_ONLY
2026-06-22 14:09:07 BTC-USD mark=64629.700796955 momentum=0.132% signal=FLAT action=DRY_RUN_ONLY
2026-06-22 14:09:37 BTC-USD mark=64594.24036048 momentum=0.057% signal=FLAT action=DRY_RUN_ONLY
2026-06-22 14:10:07 BTC-USD mark=64606.480700995 momentum=-0.006% signal=FLAT action=DRY_RUN_ONLY
2026-06-22 14:10:38 BTC-USD mark=64604.611588715 momentum=-0.034% signal=FLAT action=DRY_RUN_ONLY
2026-06-22 14:11:08 BTC-USD mark=64612.3544929 momentum=0.037% signal=FLAT action=DRY_RUN_ONLY
2026-06-22 14:11:38 BTC-USD mark=64605.7382559 momentum=0.070% signal=FLAT action=DRY_RUN_ONLY
2026-06-22 14:12:08 BTC-USD mark=64610.095185905 momentum=0.012% signal=FLAT action=DRY_RUN_ONLY
2026-06-22 14:12:38 BTC-USD mark=64610.48 momentum=-0.020% signal=FLAT action=DRY_RUN_ONLY
2026-06-22 14:13:08 BTC-USD mark=64605.32230558 momentum=-0.032% signal=FLAT action=DRY_RUN_ONLY
2026-06-22 14:13:38 BTC-USD mark=64617.315351265 momentum=-0.022% signal=FLAT action=DRY_RUN_ONLY
2026-06-22 14:14:08 BTC-USD mark=64614.73008238 momentum=-0.009% signal=FLAT action=DRY_RUN_ONLY
2026-06-22 14:14:39 BTC-USD mark=64611.07137513 momentum=-0.032% signal=FLAT action=DRY_RUN_ONLY
2026-06-22 14:15:09 BTC-USD mark=64628.412209795 momentum=-0.019% signal=FLAT action=DRY_RUN_ONLY
2026-06-22 14:15:39 BTC-USD mark=64637.4276982 momentum=0.032% signal=FLAT action=DRY_RUN_ONLY
2026-06-22 14:16:09 BTC-USD mark=64646.436687175 momentum=-0.034% signal=FLAT action=DRY_RUN_ONLY
2026-06-22 14:16:39 BTC-USD mark=64643.94329205 momentum=0.008% signal=FLAT action=DRY_RUN_ONLY
2026-06-22 14:17:09 BTC-USD mark=64648.13761128 momentum=0.059% signal=FLAT action=DRY_RUN_ONLY
2026-06-22 14:17:39 BTC-USD mark=64617.752631905 momentum=-0.001% signal=FLAT action=DRY_RUN_ONLY
2026-06-22 14:18:09 BTC-USD mark=64607.062369965 momentum=-0.038% signal=FLAT action=DRY_RUN_ONLY
2026-06-22 14:18:39 BTC-USD mark=64594.404777685 momentum=-0.055% signal=FLAT action=DRY_RUN_ONLY
2026-06-22 14:19:09 BTC-USD mark=64609.9239945 momentum=0.024% signal=FLAT action=DRY_RUN_ONLY
2026-06-22 14:19:39 BTC-USD mark=64581.63715631 momentum=-0.038% signal=FLAT action=DRY_RUN_ONLY
2026-06-22 14:20:09 BTC-USD mark=64589.643937175 momentum=-0.023% signal=FLAT action=DRY_RUN_ONLY
2026-06-22 14:20:39 BTC-USD mark=64580.70207538 momentum=-0.049% signal=FLAT action=DRY_RUN_ONLY
2026-06-22 14:21:09 BTC-USD mark=64601.268988085 momentum=-0.007% signal=FLAT action=DRY_RUN_ONLY
2026-06-22 14:21:40 BTC-USD mark=64600.829826095 momentum=-0.014% signal=FLAT action=DRY_RUN_ONLY
2026-06-22 14:22:10 BTC-USD mark=64594.29044626 momentum=-0.025% signal=FLAT action=DRY_RUN_ONLY
2026-06-22 14:22:40 BTC-USD mark=64616.28355914 momentum=0.017% signal=FLAT action=DRY_RUN_ONLY
2026-06-22 14:23:10 BTC-USD mark=64613.035 momentum=-0.007% signal=FLAT action=DRY_RUN_ONLY
2026-06-22 14:23:40 BTC-USD mark=64613.035 momentum=-0.003% signal=FLAT action=DRY_RUN_ONLY
2026-06-22 14:24:10 BTC-USD mark=64617.84 momentum=0.010% signal=FLAT action=DRY_RUN_ONLY
2026-06-22 14:24:40 BTC-USD mark=64611.23758297 momentum=-0.027% signal=FLAT action=DRY_RUN_ONLY
2026-06-22 14:25:10 BTC-USD mark=64592.399446335 momentum=-0.070% signal=FLAT action=DRY_RUN_ONLY
2026-06-22 14:25:40 BTC-USD mark=64591.149213775 momentum=-0.086% signal=FLAT action=DRY_RUN_ONLY
2026-06-22 14:26:10 BTC-USD mark=64547.1207751 momentum=-0.150% signal=FLAT action=DRY_RUN_ONLY
2026-06-22 14:26:40 BTC-USD mark=64523.09678004 momentum=-0.193% signal=FLAT action=DRY_RUN_ONLY
2026-06-22 14:27:10 BTC-USD mark=64532.91751641 momentum=-0.131% signal=FLAT action=DRY_RUN_ONLY
2026-06-22 14:27:40 BTC-USD mark=64546.333204465 momentum=-0.094% signal=FLAT action=DRY_RUN_ONLY
2026-06-22 14:28:11 BTC-USD mark=64530.551196165 momentum=-0.099% signal=FLAT action=DRY_RUN_ONLY
2026-06-22 14:28:41 BTC-USD mark=64516.25153629 momentum=-0.145% signal=FLAT action=DRY_RUN_ONLY
2026-06-22 14:29:11 BTC-USD mark=64516.66324589 momentum=-0.101% signal=FLAT action=DRY_RUN_ONLY
2026-06-22 14:29:41 BTC-USD mark=64528.018554055 momentum=-0.095% signal=FLAT action=DRY_RUN_ONLY
2026-06-22 14:30:11 BTC-USD mark=64518.992964625 momentum=-0.096% signal=FLAT action=DRY_RUN_ONLY
2026-06-22 14:30:41 BTC-USD mark=64517.768335135 momentum=-0.129% signal=FLAT action=DRY_RUN_ONLY
2026-06-22 14:31:11 BTC-USD mark=64541.52552332 momentum=-0.092% signal=FLAT action=DRY_RUN_ONLY
2026-06-22 14:31:41 BTC-USD mark=64540.92649377 momentum=-0.083% signal=FLAT action=DRY_RUN_ONLY
2026-06-22 14:32:11 BTC-USD mark=64535.98138764 momentum=-0.124% signal=FLAT action=DRY_RUN_ONLY
2026-06-22 14:32:41 BTC-USD mark=64543.608368165 momentum=-0.107% signal=FLAT action=DRY_RUN_ONLY
2026-06-22 14:33:11 BTC-USD mark=64545.097146415 momentum=-0.105% signal=FLAT action=DRY_RUN_ONLY
2026-06-22 14:33:41 BTC-USD mark=64548.845496905 momentum=-0.107% signal=FLAT action=DRY_RUN_ONLY
2026-06-22 14:34:11 BTC-USD mark=64517.94700447 momentum=-0.144% signal=FLAT action=DRY_RUN_ONLY
2026-06-22 14:34:42 BTC-USD mark=64514.91283675 momentum=-0.120% signal=FLAT action=DRY_RUN_ONLY
2026-06-22 14:35:12 BTC-USD mark=64506.229946625 momentum=-0.131% signal=FLAT action=DRY_RUN_ONLY
2026-06-22 14:35:42 BTC-USD mark=64517.719885925 momentum=-0.046% signal=FLAT action=DRY_RUN_ONLY
2026-06-22 14:36:12 BTC-USD mark=64496.81537417 momentum=-0.041% signal=FLAT action=DRY_RUN_ONLY
2026-06-22 14:36:42 BTC-USD mark=64533.979701865 momentum=0.002% signal=FLAT action=DRY_RUN_ONLY
2026-06-22 14:37:12 BTC-USD mark=64554.80322458 momentum=0.013% signal=FLAT action=DRY_RUN_ONLY
2026-06-22 14:37:42 BTC-USD mark=64550.18273616 momentum=0.030% signal=FLAT action=DRY_RUN_ONLY
2026-06-22 14:38:12 BTC-USD mark=64542.87634014 momentum=0.041% signal=FLAT action=DRY_RUN_ONLY
2026-06-22 14:38:42 BTC-USD mark=64514.32710444 momentum=-0.004% signal=FLAT action=DRY_RUN_ONLY
2026-06-22 14:39:12 BTC-USD mark=64493.385083015 momentum=-0.054% signal=FLAT action=DRY_RUN_ONLY
2026-06-22 14:39:43 BTC-USD mark=64467.577583165 momentum=-0.080% signal=FLAT action=DRY_RUN_ONLY
2026-06-22 14:40:13 BTC-USD mark=64483.17660433 momentum=-0.054% signal=FLAT action=DRY_RUN_ONLY
2026-06-22 14:40:43 BTC-USD mark=64473.74015465 momentum=-0.105% signal=FLAT action=DRY_RUN_ONLY
2026-06-22 14:41:13 BTC-USD mark=64461.717202185 momentum=-0.123% signal=FLAT action=DRY_RUN_ONLY
2026-06-22 14:41:43 BTC-USD mark=64465.546311635 momentum=-0.109% signal=FLAT action=DRY_RUN_ONLY
2026-06-22 14:42:13 BTC-USD mark=64458.587621105 momentum=-0.132% signal=FLAT action=DRY_RUN_ONLY
2026-06-22 14:42:43 BTC-USD mark=64463.21194198 momentum=-0.127% signal=FLAT action=DRY_RUN_ONLY
2026-06-22 14:43:13 BTC-USD mark=64460.51707022 momentum=-0.137% signal=FLAT action=DRY_RUN_ONLY
2026-06-22 14:43:43 BTC-USD mark=64459.947206335 momentum=-0.090% signal=FLAT action=DRY_RUN_ONLY
2026-06-22 14:44:13 BTC-USD mark=64454.66132435 momentum=-0.093% signal=FLAT action=DRY_RUN_ONLY
2026-06-22 14:44:43 BTC-USD mark=64443.24329214 momentum=-0.098% signal=FLAT action=DRY_RUN_ONLY
2026-06-22 14:45:13 BTC-USD mark=64413.65040344 momentum=-0.161% signal=FLAT action=DRY_RUN_ONLY
2026-06-22 14:45:43 BTC-USD mark=64418.128789825 momentum=-0.122% signal=FLAT action=DRY_RUN_ONLY
2026-06-22 14:46:13 BTC-USD mark=64336.44483219 momentum=-0.306% signal=FLAT action=DRY_RUN_ONLY
2026-06-22 14:46:44 BTC-USD mark=64329.130169405 momentum=-0.350% signal=FLAT action=DRY_RUN_ONLY
2026-06-22 14:47:14 BTC-USD mark=64349.99844005 momentum=-0.310% signal=FLAT action=DRY_RUN_ONLY
2026-06-22 14:47:44 BTC-USD mark=64370.69338775 momentum=-0.267% signal=FLAT action=DRY_RUN_ONLY
2026-06-22 14:48:14 BTC-USD mark=64393.47543459 momentum=-0.187% signal=FLAT action=DRY_RUN_ONLY
2026-06-22 14:48:44 BTC-USD mark=64399.98260678 momentum=-0.145% signal=FLAT action=DRY_RUN_ONLY
2026-06-22 14:49:14 BTC-USD mark=64420.55230239 momentum=-0.073% signal=FLAT action=DRY_RUN_ONLY
2026-06-22 14:49:44 BTC-USD mark=64425.538496595 momentum=-0.089% signal=FLAT action=DRY_RUN_ONLY
2026-06-22 14:50:14 BTC-USD mark=64417.195973835 momentum=-0.088% signal=FLAT action=DRY_RUN_ONLY
2026-06-22 14:50:44 BTC-USD mark=64399.470210355 momentum=-0.097% signal=FLAT action=DRY_RUN_ONLY
2026-06-22 14:51:14 BTC-USD mark=64360.28503917 momentum=-0.163% signal=FLAT action=DRY_RUN_ONLY
2026-06-22 14:51:44 BTC-USD mark=64380.315764815 momentum=-0.121% signal=FLAT action=DRY_RUN_ONLY
2026-06-22 14:52:14 BTC-USD mark=64354.28441337 momentum=-0.169% signal=FLAT action=DRY_RUN_ONLY
2026-06-22 14:52:44 BTC-USD mark=64325.07963199 momentum=-0.210% signal=FLAT action=DRY_RUN_ONLY
2026-06-22 14:53:15 BTC-USD mark=64348.94017246 momentum=-0.172% signal=FLAT action=DRY_RUN_ONLY
2026-06-22 14:53:45 BTC-USD mark=64344.43568699 momentum=-0.171% signal=FLAT action=DRY_RUN_ONLY
2026-06-22 14:54:15 BTC-USD mark=64342.70001848 momentum=-0.156% signal=FLAT action=DRY_RUN_ONLY
2026-06-22 14:54:45 BTC-USD mark=64359.72575964 momentum=-0.084% signal=FLAT action=DRY_RUN_ONLY
2026-06-22 14:55:15 BTC-USD mark=64307.255545665 momentum=-0.172% signal=FLAT action=DRY_RUN_ONLY
2026-06-22 14:55:45 BTC-USD mark=64266.40227551 momentum=-0.109% signal=FLAT action=DRY_RUN_ONLY
2026-06-22 14:56:15 BTC-USD mark=64268.755695265 momentum=-0.094% signal=FLAT action=DRY_RUN_ONLY
2026-06-22 14:56:45 BTC-USD mark=64300.215496325 momentum=-0.077% signal=FLAT action=DRY_RUN_ONLY
2026-06-22 14:57:15 BTC-USD mark=64315.498167445 momentum=-0.086% signal=FLAT action=DRY_RUN_ONLY
2026-06-22 14:57:45 BTC-USD mark=64281.145273415 momentum=-0.174% signal=FLAT action=DRY_RUN_ONLY
2026-06-22 14:58:15 BTC-USD mark=64304.208978105 momentum=-0.149% signal=FLAT action=DRY_RUN_ONLY
2026-06-22 14:58:45 BTC-USD mark=64311.22082492 momentum=-0.170% signal=FLAT action=DRY_RUN_ONLY
2026-06-22 14:59:15 BTC-USD mark=64293.859569175 momentum=-0.204% signal=FLAT action=DRY_RUN_ONLY
2026-06-22 14:59:46 BTC-USD mark=64268.83375568 momentum=-0.230% signal=FLAT action=DRY_RUN_ONLY
2026-06-22 15:00:16 BTC-USD mark=64276.34736145 momentum=-0.191% signal=FLAT action=DRY_RUN_ONLY
2026-06-22 15:00:46 BTC-USD mark=64281.468206725 momentum=-0.122% signal=FLAT action=DRY_RUN_ONLY
2026-06-22 15:01:16 BTC-USD mark=64283.214928175 momentum=-0.151% signal=FLAT action=DRY_RUN_ONLY
2026-06-22 15:01:46 BTC-USD mark=64285.344372145 momentum=-0.107% signal=FLAT action=DRY_RUN_ONLY
2026-06-22 15:02:16 BTC-USD mark=64315.657767955 momentum=-0.015% signal=FLAT action=DRY_RUN_ONLY
2026-06-22 15:02:46 BTC-USD mark=64330.028890695 momentum=-0.029% signal=FLAT action=DRY_RUN_ONLY
2026-06-22 15:03:16 BTC-USD mark=64305.553850775 momentum=-0.060% signal=FLAT action=DRY_RUN_ONLY
2026-06-22 15:03:46 BTC-USD mark=64304.459566635 momentum=-0.059% signal=FLAT action=DRY_RUN_ONLY
2026-06-22 15:04:16 BTC-USD mark=64268.08135981 momentum=-0.142% signal=FLAT action=DRY_RUN_ONLY
2026-06-22 15:04:46 BTC-USD mark=64292.56805884 momentum=-0.023% signal=FLAT action=DRY_RUN_ONLY
2026-06-22 15:05:16 BTC-USD mark=64308.289884585 momentum=0.065% signal=FLAT action=DRY_RUN_ONLY
2026-06-22 15:05:46 BTC-USD mark=64297.3603103 momentum=0.045% signal=FLAT action=DRY_RUN_ONLY
2026-06-22 15:06:16 BTC-USD mark=64266.44863929 momentum=-0.053% signal=FLAT action=DRY_RUN_ONLY
2026-06-22 15:06:46 BTC-USD mark=64300.20371756 momentum=-0.024% signal=FLAT action=DRY_RUN_ONLY
2026-06-22 15:07:16 BTC-USD mark=64276.601735435 momentum=-0.007% signal=FLAT action=DRY_RUN_ONLY
2026-06-22 15:07:46 BTC-USD mark=64294.16657307 momentum=-0.016% signal=FLAT action=DRY_RUN_ONLY
2026-06-22 15:08:16 BTC-USD mark=64265.49897636 momentum=-0.071% signal=FLAT action=DRY_RUN_ONLY
2026-06-22 15:08:46 BTC-USD mark=64251.85811765 momentum=-0.065% signal=FLAT action=DRY_RUN_ONLY
2026-06-22 15:09:17 BTC-USD mark=64248.64984949 momentum=-0.031% signal=FLAT action=DRY_RUN_ONLY
2026-06-22 15:09:47 BTC-USD mark=64266.646086465 momentum=-0.015% signal=FLAT action=DRY_RUN_ONLY
2026-06-22 15:10:17 BTC-USD mark=64253.194407455 momentum=-0.044% signal=FLAT action=DRY_RUN_ONLY
2026-06-22 15:10:48 BTC-USD mark=64251.48805866 momentum=-0.049% signal=FLAT action=DRY_RUN_ONLY
2026-06-22 15:11:18 BTC-USD mark=64300.4011839 momentum=0.023% signal=FLAT action=DRY_RUN_ONLY
2026-06-22 15:11:48 BTC-USD mark=64297.787357045 momentum=-0.028% signal=FLAT action=DRY_RUN_ONLY
2026-06-22 15:12:18 BTC-USD mark=64304.64855838 momentum=-0.039% signal=FLAT action=DRY_RUN_ONLY
2026-06-22 15:12:48 BTC-USD mark=64315.477587645 momentum=0.015% signal=FLAT action=DRY_RUN_ONLY
2026-06-22 15:13:18 BTC-USD mark=64321.784466955 momentum=0.027% signal=FLAT action=DRY_RUN_ONLY
2026-06-22 15:13:48 BTC-USD mark=64318.849225915 momentum=0.079% signal=FLAT action=DRY_RUN_ONLY
2026-06-22 15:14:18 BTC-USD mark=64337.13726029 momentum=0.069% signal=FLAT action=DRY_RUN_ONLY
2026-06-22 15:14:48 BTC-USD mark=64340.43060083 momentum=0.050% signal=FLAT action=DRY_RUN_ONLY
2026-06-22 15:15:18 BTC-USD mark=64347.517467085 momentum=0.078% signal=FLAT action=DRY_RUN_ONLY
2026-06-22 15:15:49 BTC-USD mark=64315.802620935 momentum=0.077% signal=FLAT action=DRY_RUN_ONLY
2026-06-22 15:16:19 BTC-USD mark=64305.22240434 momentum=0.008% signal=FLAT action=DRY_RUN_ONLY
2026-06-22 15:16:49 BTC-USD mark=64275.58057064 momentum=-0.002% signal=FLAT action=DRY_RUN_ONLY
2026-06-22 15:17:19 BTC-USD mark=64281.88361036 momentum=-0.019% signal=FLAT action=DRY_RUN_ONLY
2026-06-22 15:17:49 BTC-USD mark=64299.53742827 momentum=0.053% signal=FLAT action=DRY_RUN_ONLY
2026-06-22 15:18:19 BTC-USD mark=64309.289588225 momentum=0.089% signal=FLAT action=DRY_RUN_ONLY
2026-06-22 15:18:49 BTC-USD mark=64310.33501685 momentum=0.096% signal=FLAT action=DRY_RUN_ONLY
2026-06-22 15:19:19 BTC-USD mark=64329.382683115 momentum=0.098% signal=FLAT action=DRY_RUN_ONLY
2026-06-22 15:19:49 BTC-USD mark=64341.73768987 momentum=0.138% signal=FLAT action=DRY_RUN_ONLY
2026-06-22 15:20:19 BTC-USD mark=64353.06349518 momentum=0.158% signal=FLAT action=DRY_RUN_ONLY
2026-06-22 15:20:50 BTC-USD mark=64349.578716915 momentum=0.076% signal=FLAT action=DRY_RUN_ONLY
2026-06-22 15:21:20 BTC-USD mark=64338.668071245 momentum=0.064% signal=FLAT action=DRY_RUN_ONLY
2026-06-22 15:21:50 BTC-USD mark=64323.39298131 momentum=0.029% signal=FLAT action=DRY_RUN_ONLY
2026-06-22 15:22:20 BTC-USD mark=64310.03522306 momentum=-0.008% signal=FLAT action=DRY_RUN_ONLY
2026-06-22 15:22:50 BTC-USD mark=64287.85016119 momentum=-0.053% signal=FLAT action=DRY_RUN_ONLY
2026-06-22 15:23:20 BTC-USD mark=64314.795976795 momentum=-0.006% signal=FLAT action=DRY_RUN_ONLY
2026-06-22 15:23:50 BTC-USD mark=64315.986859985 momentum=-0.033% signal=FLAT action=DRY_RUN_ONLY
2026-06-22 15:24:20 BTC-USD mark=64320.69311895 momentum=-0.031% signal=FLAT action=DRY_RUN_ONLY
2026-06-22 15:24:51 BTC-USD mark=64315.871468285 momentum=-0.049% signal=FLAT action=DRY_RUN_ONLY
2026-06-22 15:25:21 BTC-USD mark=64302.834168105 momentum=-0.020% signal=FLAT action=DRY_RUN_ONLY
2026-06-22 15:25:51 BTC-USD mark=64235.71276141 momentum=-0.108% signal=FLAT action=DRY_RUN_ONLY
2026-06-22 15:26:21 BTC-USD mark=64254.509105095 momentum=-0.033% signal=FLAT action=DRY_RUN_ONLY
2026-06-22 15:26:51 BTC-USD mark=64235.162249075 momentum=-0.073% signal=FLAT action=DRY_RUN_ONLY
2026-06-22 15:27:21 BTC-USD mark=64248.518755315 momentum=-0.079% signal=FLAT action=DRY_RUN_ONLY
2026-06-22 15:27:51 BTC-USD mark=64279.066077765 momentum=-0.047% signal=FLAT action=DRY_RUN_ONLY
2026-06-22 15:28:21 BTC-USD mark=64290.51369031 momentum=-0.031% signal=FLAT action=DRY_RUN_ONLY
2026-06-22 15:28:51 BTC-USD mark=64275.35861426 momentum=-0.084% signal=FLAT action=DRY_RUN_ONLY
2026-06-22 15:29:21 BTC-USD mark=64293.20286967 momentum=-0.075% signal=FLAT action=DRY_RUN_ONLY
2026-06-22 15:29:52 BTC-USD mark=64286.516698725 momentum=-0.103% signal=FLAT action=DRY_RUN_ONLY
2026-06-22 15:30:22 BTC-USD mark=64290.95561059 momentum=-0.091% signal=FLAT action=DRY_RUN_ONLY
2026-06-22 15:30:52 BTC-USD mark=64291.013200405 momentum=-0.074% signal=FLAT action=DRY_RUN_ONLY
2026-06-22 15:31:22 BTC-USD mark=64306.93143938 momentum=-0.026% signal=FLAT action=DRY_RUN_ONLY
2026-06-22 15:31:52 BTC-USD mark=64278.004587755 momentum=-0.050% signal=FLAT action=DRY_RUN_ONLY
2026-06-22 15:32:22 BTC-USD mark=64315.024740855 momentum=0.042% signal=FLAT action=DRY_RUN_ONLY
2026-06-22 15:32:52 BTC-USD mark=64332.65745571 momentum=0.028% signal=FLAT action=DRY_RUN_ONLY
2026-06-22 15:33:22 BTC-USD mark=64371.15128266 momentum=0.086% signal=FLAT action=DRY_RUN_ONLY
2026-06-22 15:33:52 BTC-USD mark=64325.74951193 momentum=0.008% signal=FLAT action=DRY_RUN_ONLY
2026-06-22 15:34:22 BTC-USD mark=64340.130202345 momentum=0.038% signal=FLAT action=DRY_RUN_ONLY
2026-06-22 15:34:52 BTC-USD mark=64327.69154519 momentum=0.039% signal=FLAT action=DRY_RUN_ONLY
2026-06-22 15:35:22 BTC-USD mark=64333.97858267 momentum=0.153% signal=FLAT action=DRY_RUN_ONLY
2026-06-22 15:35:52 BTC-USD mark=64328.922922665 momentum=0.116% signal=FLAT action=DRY_RUN_ONLY
2026-06-22 15:36:23 BTC-USD mark=64338.075539885 momentum=0.160% signal=FLAT action=DRY_RUN_ONLY
2026-06-22 15:36:53 BTC-USD mark=64333.48376233 momentum=0.132% signal=FLAT action=DRY_RUN_ONLY
2026-06-22 15:37:23 BTC-USD mark=64329.17554576 momentum=0.078% signal=FLAT action=DRY_RUN_ONLY
2026-06-22 15:37:53 BTC-USD mark=64338.18044306 momentum=0.074% signal=FLAT action=DRY_RUN_ONLY
2026-06-22 15:38:23 BTC-USD mark=64366.61798951 momentum=0.142% signal=FLAT action=DRY_RUN_ONLY
2026-06-22 15:38:53 BTC-USD mark=64372.42550726 momentum=0.123% signal=FLAT action=DRY_RUN_ONLY
2026-06-22 15:39:23 BTC-USD mark=64374.954589585 momentum=0.138% signal=FLAT action=DRY_RUN_ONLY
2026-06-22 15:39:53 BTC-USD mark=64335.47574887 momentum=0.069% signal=FLAT action=DRY_RUN_ONLY
2026-06-22 15:40:24 BTC-USD mark=64334.65429353 momentum=0.068% signal=FLAT action=DRY_RUN_ONLY
2026-06-22 15:40:54 BTC-USD mark=64328.880468615 momentum=0.034% signal=FLAT action=DRY_RUN_ONLY
2026-06-22 15:41:24 BTC-USD mark=64348.956085395 momentum=0.110% signal=FLAT action=DRY_RUN_ONLY
2026-06-22 15:41:54 BTC-USD mark=64350.245870265 momentum=0.055% signal=FLAT action=DRY_RUN_ONLY
2026-06-22 15:42:24 BTC-USD mark=64352.794922795 momentum=0.031% signal=FLAT action=DRY_RUN_ONLY
2026-06-22 15:42:54 BTC-USD mark=64343.91387606 momentum=-0.042% signal=FLAT action=DRY_RUN_ONLY
2026-06-22 15:43:24 BTC-USD mark=64348.11202316 momentum=0.035% signal=FLAT action=DRY_RUN_ONLY
2026-06-22 15:43:54 BTC-USD mark=64342.43788829 momentum=0.004% signal=FLAT action=DRY_RUN_ONLY
2026-06-22 15:44:25 BTC-USD mark=64335.289319335 momentum=0.012% signal=FLAT action=DRY_RUN_ONLY
2026-06-22 15:44:55 BTC-USD mark=64308.452424305 momentum=-0.040% signal=FLAT action=DRY_RUN_ONLY
2026-06-22 15:45:25 BTC-USD mark=64274.68638144 momentum=-0.084% signal=FLAT action=DRY_RUN_ONLY
2026-06-22 15:45:55 BTC-USD mark=64260.032202965 momentum=-0.121% signal=FLAT action=DRY_RUN_ONLY
2026-06-22 15:46:25 BTC-USD mark=64220.89631921 momentum=-0.175% signal=FLAT action=DRY_RUN_ONLY
2026-06-22 15:46:55 BTC-USD mark=64272.292188135 momentum=-0.088% signal=FLAT action=DRY_RUN_ONLY
2026-06-22 15:47:25 BTC-USD mark=64258.999247355 momentum=-0.123% signal=FLAT action=DRY_RUN_ONLY
2026-06-22 15:47:56 BTC-USD mark=64273.825257605 momentum=-0.144% signal=FLAT action=DRY_RUN_ONLY
2026-06-22 15:48:26 BTC-USD mark=64256.097688065 momentum=-0.181% signal=FLAT action=DRY_RUN_ONLY
2026-06-22 15:48:56 BTC-USD mark=64260.737400275 momentum=-0.177% signal=FLAT action=DRY_RUN_ONLY
2026-06-22 15:49:26 BTC-USD mark=64288.84542337 momentum=-0.072% signal=FLAT action=DRY_RUN_ONLY
2026-06-22 15:49:56 BTC-USD mark=64289.431512695 momentum=-0.070% signal=FLAT action=DRY_RUN_ONLY
2026-06-22 15:50:27 BTC-USD mark=64316.193210935 momentum=-0.020% signal=FLAT action=DRY_RUN_ONLY
2026-06-22 15:50:57 BTC-USD mark=64325.330546855 momentum=-0.037% signal=FLAT action=DRY_RUN_ONLY
2026-06-22 15:51:27 BTC-USD mark=64339.38929034 momentum=-0.017% signal=FLAT action=DRY_RUN_ONLY
2026-06-22 15:51:57 BTC-USD mark=64356.118238035 momentum=0.005% signal=FLAT action=DRY_RUN_ONLY
2026-06-22 15:52:27 BTC-USD mark=64344.244896275 momentum=0.001% signal=FLAT action=DRY_RUN_ONLY
2026-06-22 15:52:58 BTC-USD mark=64361.60460998 momentum=0.021% signal=FLAT action=DRY_RUN_ONLY
2026-06-22 15:53:28 BTC-USD mark=64380.85722261 momentum=0.060% signal=FLAT action=DRY_RUN_ONLY
2026-06-22 15:53:58 BTC-USD mark=64391.144955855 momentum=0.087% signal=FLAT action=DRY_RUN_ONLY
2026-06-22 15:54:29 BTC-USD mark=64376.63130407 momentum=0.106% signal=FLAT action=DRY_RUN_ONLY
2026-06-22 15:54:59 BTC-USD mark=64402.274078905 momentum=0.199% signal=FLAT action=DRY_RUN_ONLY
2026-06-22 15:55:29 BTC-USD mark=64416.78203483 momentum=0.244% signal=FLAT action=DRY_RUN_ONLY
2026-06-22 15:55:59 BTC-USD mark=64413.00188959 momentum=0.299% signal=FLAT action=DRY_RUN_ONLY
2026-06-22 15:56:29 BTC-USD mark=64403.006301615 momentum=0.203% signal=FLAT action=DRY_RUN_ONLY
2026-06-22 15:56:59 BTC-USD mark=64397.007440275 momentum=0.215% signal=FLAT action=DRY_RUN_ONLY
2026-06-22 15:57:29 BTC-USD mark=64406.5601348 momentum=0.207% signal=FLAT action=DRY_RUN_ONLY
2026-06-22 15:57:59 BTC-USD mark=64418.937652355 momentum=0.253% signal=FLAT action=DRY_RUN_ONLY
2026-06-22 15:58:30 BTC-USD mark=64410.61473043 momentum=0.233% signal=FLAT action=DRY_RUN_ONLY
2026-06-22 15:59:00 BTC-USD mark=64413.568581495 momentum=0.194% signal=FLAT action=DRY_RUN_ONLY
2026-06-22 15:59:30 BTC-USD mark=64413.090985985 momentum=0.192% signal=FLAT action=DRY_RUN_ONLY
2026-06-22 16:00:00 BTC-USD mark=64418.828164145 momentum=0.160% signal=FLAT action=DRY_RUN_ONLY
2026-06-22 16:00:30 BTC-USD mark=64420.625877525 momentum=0.148% signal=FLAT action=DRY_RUN_ONLY
2026-06-22 16:01:00 BTC-USD mark=64449.64672906 momentum=0.171% signal=FLAT action=DRY_RUN_ONLY
2026-06-22 16:01:30 BTC-USD mark=64447.037790515 momentum=0.141% signal=FLAT action=DRY_RUN_ONLY
2026-06-22 16:02:00 BTC-USD mark=64482.293434785 momentum=0.215% signal=FLAT action=DRY_RUN_ONLY
2026-06-22 16:02:31 BTC-USD mark=64529.510844805 momentum=0.261% signal=FLAT action=DRY_RUN_ONLY
2026-06-22 16:03:01 BTC-USD mark=64515.499107675 momentum=0.209% signal=FLAT action=DRY_RUN_ONLY
2026-06-22 16:03:31 BTC-USD mark=64516.187441355 momentum=0.194% signal=FLAT action=DRY_RUN_ONLY
2026-06-22 16:04:01 BTC-USD mark=64558.12612021 momentum=0.282% signal=FLAT action=DRY_RUN_ONLY
2026-06-22 16:04:31 BTC-USD mark=64575.997645755 momentum=0.270% signal=FLAT action=DRY_RUN_ONLY
2026-06-22 16:05:01 BTC-USD mark=64574.504069555 momentum=0.245% signal=FLAT action=DRY_RUN_ONLY
2026-06-22 16:05:32 BTC-USD mark=64576.432965235 momentum=0.254% signal=FLAT action=DRY_RUN_ONLY
2026-06-22 16:06:02 BTC-USD mark=64602.163254025 momentum=0.309% signal=FLAT action=DRY_RUN_ONLY
2026-06-22 16:06:32 BTC-USD mark=64595.836459445 momentum=0.309% signal=FLAT action=DRY_RUN_ONLY
2026-06-22 16:07:02 BTC-USD mark=64531.86731922 momentum=0.195% signal=FLAT action=DRY_RUN_ONLY
2026-06-22 16:07:32 BTC-USD mark=64457.38352627 momentum=0.060% signal=FLAT action=DRY_RUN_ONLY
2026-06-22 16:08:03 BTC-USD mark=64453.472341475 momentum=0.067% signal=FLAT action=DRY_RUN_ONLY
2026-06-22 16:08:33 BTC-USD mark=64479.433562355 momentum=0.102% signal=FLAT action=DRY_RUN_ONLY
2026-06-22 16:09:03 BTC-USD mark=64472.20178621 momentum=0.092% signal=FLAT action=DRY_RUN_ONLY
2026-06-22 16:09:33 BTC-USD mark=64491.455906195 momentum=0.113% signal=FLAT action=DRY_RUN_ONLY
2026-06-22 16:10:04 BTC-USD mark=64464.63003067 momentum=0.068% signal=FLAT action=DRY_RUN_ONLY
2026-06-22 16:10:34 BTC-USD mark=64463.686839325 momentum=0.022% signal=FLAT action=DRY_RUN_ONLY
2026-06-22 16:11:04 BTC-USD mark=64432.22515127 momentum=-0.023% signal=FLAT action=DRY_RUN_ONLY
2026-06-22 16:11:34 BTC-USD mark=64437.072435265 momentum=-0.070% signal=FLAT action=DRY_RUN_ONLY
2026-06-22 16:12:04 BTC-USD mark=64462.736527685 momentum=-0.103% signal=FLAT action=DRY_RUN_ONLY
2026-06-22 16:12:34 BTC-USD mark=64455.1677673 momentum=-0.094% signal=FLAT action=DRY_RUN_ONLY
2026-06-22 16:13:04 BTC-USD mark=64455.90093702 momentum=-0.093% signal=FLAT action=DRY_RUN_ONLY
2026-06-22 16:13:34 BTC-USD mark=64472.3597263 momentum=-0.133% signal=FLAT action=DRY_RUN_ONLY
2026-06-22 16:14:04 BTC-USD mark=64476.376779855 momentum=-0.154% signal=FLAT action=DRY_RUN_ONLY
2026-06-22 16:14:34 BTC-USD mark=64467.84402521 momentum=-0.165% signal=FLAT action=DRY_RUN_ONLY
2026-06-22 16:15:05 BTC-USD mark=64465.98301098 momentum=-0.171% signal=FLAT action=DRY_RUN_ONLY
2026-06-22 16:15:35 BTC-USD mark=64477.2912494 momentum=-0.193% signal=FLAT action=DRY_RUN_ONLY
2026-06-22 16:16:05 BTC-USD mark=64451.437763445 momentum=-0.224% signal=FLAT action=DRY_RUN_ONLY
2026-06-22 16:16:35 BTC-USD mark=64452.836259215 momentum=-0.122% signal=FLAT action=DRY_RUN_ONLY
2026-06-22 16:17:05 BTC-USD mark=64444.320027565 momentum=-0.020% signal=FLAT action=DRY_RUN_ONLY
2026-06-22 16:17:35 BTC-USD mark=64438.15155867 momentum=-0.024% signal=FLAT action=DRY_RUN_ONLY
2026-06-22 16:18:05 BTC-USD mark=64447.02551542 momentum=-0.050% signal=FLAT action=DRY_RUN_ONLY
2026-06-22 16:18:35 BTC-USD mark=64443.7533482 momentum=-0.044% signal=FLAT action=DRY_RUN_ONLY
2026-06-22 16:19:06 BTC-USD mark=64440.17125866 momentum=-0.080% signal=FLAT action=DRY_RUN_ONLY
2026-06-22 16:19:36 BTC-USD mark=64445.60649258 momentum=-0.030% signal=FLAT action=DRY_RUN_ONLY
2026-06-22 16:20:06 BTC-USD mark=64417.19309957 momentum=-0.072% signal=FLAT action=DRY_RUN_ONLY
2026-06-22 16:20:36 BTC-USD mark=64418.499830675 momentum=-0.021% signal=FLAT action=DRY_RUN_ONLY
2026-06-22 16:21:06 BTC-USD mark=64419.709517705 momentum=-0.027% signal=FLAT action=DRY_RUN_ONLY
2026-06-22 16:21:36 BTC-USD mark=64417.45767185 momentum=-0.070% signal=FLAT action=DRY_RUN_ONLY
2026-06-22 16:22:07 BTC-USD mark=64415.86382102 momentum=-0.061% signal=FLAT action=DRY_RUN_ONLY
2026-06-22 16:22:37 BTC-USD mark=64411.34494755 momentum=-0.069% signal=FLAT action=DRY_RUN_ONLY
2026-06-22 16:23:07 BTC-USD mark=64414.54642552 momentum=-0.090% signal=FLAT action=DRY_RUN_ONLY
2026-06-22 16:23:37 BTC-USD mark=64390.2629856 momentum=-0.134% signal=FLAT action=DRY_RUN_ONLY
2026-06-22 16:24:07 BTC-USD mark=64390.988239555 momentum=-0.119% signal=FLAT action=DRY_RUN_ONLY
2026-06-22 16:24:37 BTC-USD mark=64371.616915595 momentum=-0.146% signal=FLAT action=DRY_RUN_ONLY
2026-06-22 16:25:07 BTC-USD mark=64354.02078013 momentum=-0.191% signal=FLAT action=DRY_RUN_ONLY
2026-06-22 16:25:37 BTC-USD mark=64344.02052444 momentum=-0.167% signal=FLAT action=DRY_RUN_ONLY
2026-06-22 16:26:07 BTC-USD mark=64338.273636545 momentum=-0.178% signal=FLAT action=DRY_RUN_ONLY
2026-06-22 16:26:37 BTC-USD mark=64323.1848056 momentum=-0.188% signal=FLAT action=DRY_RUN_ONLY
2026-06-22 16:27:08 BTC-USD mark=64308.11021791 momentum=-0.202% signal=FLAT action=DRY_RUN_ONLY
2026-06-22 16:27:38 BTC-USD mark=64307.457923345 momentum=-0.217% signal=FLAT action=DRY_RUN_ONLY
2026-06-22 16:28:08 BTC-USD mark=64303.633909095 momentum=-0.217% signal=FLAT action=DRY_RUN_ONLY
2026-06-22 16:28:38 BTC-USD mark=64304.595593045 momentum=-0.210% signal=FLAT action=DRY_RUN_ONLY
2026-06-22 16:29:08 BTC-USD mark=64322.192833815 momentum=-0.192% signal=FLAT action=DRY_RUN_ONLY
2026-06-22 16:29:38 BTC-USD mark=64339.73036255 momentum=-0.120% signal=FLAT action=DRY_RUN_ONLY
2026-06-22 16:30:08 BTC-USD mark=64357.921825995 momentum=-0.094% signal=FLAT action=DRY_RUN_ONLY
2026-06-22 16:30:39 BTC-USD mark=64362.981275995 momentum=-0.088% signal=FLAT action=DRY_RUN_ONLY
2026-06-22 16:31:09 BTC-USD mark=64366.68801136 momentum=-0.079% signal=FLAT action=DRY_RUN_ONLY
2026-06-22 16:31:39 BTC-USD mark=64363.258307015 momentum=-0.082% signal=FLAT action=DRY_RUN_ONLY
2026-06-22 16:32:09 BTC-USD mark=64385.900268955 momentum=-0.040% signal=FLAT action=DRY_RUN_ONLY
2026-06-22 16:32:39 BTC-USD mark=64391.6808781 momentum=-0.035% signal=FLAT action=DRY_RUN_ONLY
2026-06-22 16:33:09 BTC-USD mark=64395.46684473 momentum=0.008% signal=FLAT action=DRY_RUN_ONLY
2026-06-22 16:33:39 BTC-USD mark=64373.312421965 momentum=-0.027% signal=FLAT action=DRY_RUN_ONLY
2026-06-22 16:34:09 BTC-USD mark=64382.11254443 momentum=0.016% signal=FLAT action=DRY_RUN_ONLY
2026-06-22 16:34:39 BTC-USD mark=64374.817405895 momentum=0.032% signal=FLAT action=DRY_RUN_ONLY
2026-06-22 16:35:10 BTC-USD mark=64354.93438336 momentum=0.017% signal=FLAT action=DRY_RUN_ONLY
2026-06-22 16:35:40 BTC-USD mark=64360.36631435 momentum=0.034% signal=FLAT action=DRY_RUN_ONLY
2026-06-22 16:36:10 BTC-USD mark=64347.09622233 momentum=0.037% signal=FLAT action=DRY_RUN_ONLY
2026-06-22 16:36:40 BTC-USD mark=64347.864012885 momentum=0.062% signal=FLAT action=DRY_RUN_ONLY
2026-06-22 16:37:11 BTC-USD mark=64369.429914025 momentum=0.096% signal=FLAT action=DRY_RUN_ONLY
2026-06-22 16:37:41 BTC-USD mark=64394.194799385 momentum=0.141% signal=FLAT action=DRY_RUN_ONLY
2026-06-22 16:38:11 BTC-USD mark=64423.873959555 momentum=0.185% signal=FLAT action=DRY_RUN_ONLY
2026-06-22 16:38:41 BTC-USD mark=64416.472518465 momentum=0.147% signal=FLAT action=DRY_RUN_ONLY
2026-06-22 16:39:12 BTC-USD mark=64423.44938608 momentum=0.130% signal=FLAT action=DRY_RUN_ONLY
2026-06-22 16:39:42 BTC-USD mark=64419.910111855 momentum=0.096% signal=FLAT action=DRY_RUN_ONLY
2026-06-22 16:40:12 BTC-USD mark=64416.65968471 momentum=0.083% signal=FLAT action=DRY_RUN_ONLY
2026-06-22 16:40:42 BTC-USD mark=64431.03808153 momentum=0.100% signal=FLAT action=DRY_RUN_ONLY
2026-06-22 16:41:13 BTC-USD mark=64434.156452545 momentum=0.110% signal=FLAT action=DRY_RUN_ONLY
2026-06-22 16:41:43 BTC-USD mark=64432.14231851 momentum=0.072% signal=FLAT action=DRY_RUN_ONLY
2026-06-22 16:42:13 BTC-USD mark=64427.485427725 momentum=0.056% signal=FLAT action=DRY_RUN_ONLY
2026-06-22 16:42:43 BTC-USD mark=64434.027375245 momentum=0.060% signal=FLAT action=DRY_RUN_ONLY
2026-06-22 16:43:13 BTC-USD mark=64428.25303286 momentum=0.085% signal=FLAT action=DRY_RUN_ONLY
2026-06-22 16:43:43 BTC-USD mark=64427.91060245 momentum=0.071% signal=FLAT action=DRY_RUN_ONLY
2026-06-22 16:44:13 BTC-USD mark=64428.569418585 momentum=0.083% signal=FLAT action=DRY_RUN_ONLY
2026-06-22 16:44:43 BTC-USD mark=64431.203955285 momentum=0.119% signal=FLAT action=DRY_RUN_ONLY
2026-06-22 16:45:14 BTC-USD mark=64400.876023005 momentum=0.063% signal=FLAT action=DRY_RUN_ONLY
2026-06-22 16:45:44 BTC-USD mark=64398.3485201 momentum=0.080% signal=FLAT action=DRY_RUN_ONLY
2026-06-22 16:46:14 BTC-USD mark=64390.026834615 momentum=0.066% signal=FLAT action=DRY_RUN_ONLY
2026-06-22 16:46:44 BTC-USD mark=64394.589373305 momentum=0.039% signal=FLAT action=DRY_RUN_ONLY
2026-06-22 16:47:14 BTC-USD mark=64410.971124065 momentum=0.026% signal=FLAT action=DRY_RUN_ONLY
2026-06-22 16:47:44 BTC-USD mark=64386.38584682 momentum=-0.058% signal=FLAT action=DRY_RUN_ONLY
2026-06-22 16:48:14 BTC-USD mark=64396.7080808 momentum=-0.031% signal=FLAT action=DRY_RUN_ONLY
2026-06-22 16:48:44 BTC-USD mark=64388.238451125 momentum=-0.055% signal=FLAT action=DRY_RUN_ONLY
2026-06-22 16:49:15 BTC-USD mark=64403.347019405 momentum=-0.026% signal=FLAT action=DRY_RUN_ONLY
2026-06-22 16:49:45 BTC-USD mark=64402.864914765 momentum=-0.021% signal=FLAT action=DRY_RUN_ONLY
2026-06-22 16:50:15 BTC-USD mark=64396.8920783 momentum=-0.053% signal=FLAT action=DRY_RUN_ONLY
2026-06-22 16:50:45 BTC-USD mark=64378.25194057 momentum=-0.087% signal=FLAT action=DRY_RUN_ONLY
2026-06-22 16:51:15 BTC-USD mark=64378.49068433 momentum=-0.083% signal=FLAT action=DRY_RUN_ONLY
2026-06-22 16:51:45 BTC-USD mark=64346.93647845 momentum=-0.125% signal=FLAT action=DRY_RUN_ONLY
2026-06-22 16:52:15 BTC-USD mark=64358.89296565 momentum=-0.117% signal=FLAT action=DRY_RUN_ONLY
2026-06-22 16:52:46 BTC-USD mark=64334.00506908 momentum=-0.146% signal=FLAT action=DRY_RUN_ONLY
2026-06-22 16:53:16 BTC-USD mark=64340.015932895 momentum=-0.136% signal=FLAT action=DRY_RUN_ONLY
2026-06-22 16:53:46 BTC-USD mark=64356.816361265 momentum=-0.111% signal=FLAT action=DRY_RUN_ONLY
2026-06-22 16:54:16 BTC-USD mark=64354.102105265 momentum=-0.120% signal=FLAT action=DRY_RUN_ONLY
2026-06-22 16:54:46 BTC-USD mark=64354.17145409 momentum=-0.073% signal=FLAT action=DRY_RUN_ONLY
2026-06-22 16:55:16 BTC-USD mark=64354.181361065 momentum=-0.069% signal=FLAT action=DRY_RUN_ONLY
2026-06-22 16:55:46 BTC-USD mark=64364.871802035 momentum=-0.039% signal=FLAT action=DRY_RUN_ONLY
2026-06-22 16:56:17 BTC-USD mark=64368.62642476 momentum=-0.040% signal=FLAT action=DRY_RUN_ONLY
2026-06-22 16:56:47 BTC-USD mark=64371.57263906 momentum=-0.061% signal=FLAT action=DRY_RUN_ONLY
2026-06-22 16:57:17 BTC-USD mark=64364.883686975 momentum=-0.033% signal=FLAT action=DRY_RUN_ONLY
2026-06-22 16:57:47 BTC-USD mark=64355.098175255 momentum=-0.065% signal=FLAT action=DRY_RUN_ONLY
2026-06-22 16:58:17 BTC-USD mark=64350.44148 momentum=-0.059% signal=FLAT action=DRY_RUN_ONLY
2026-06-22 16:58:47 BTC-USD mark=64354.305291275 momentum=-0.076% signal=FLAT action=DRY_RUN_ONLY
2026-06-22 16:59:17 BTC-USD mark=64365.45130709 momentum=-0.058% signal=FLAT action=DRY_RUN_ONLY
2026-06-22 16:59:48 BTC-USD mark=64365.119988045 momentum=-0.049% signal=FLAT action=DRY_RUN_ONLY
2026-06-22 17:00:19 BTC-USD mark=64372.945284925 momentum=-0.008% signal=FLAT action=DRY_RUN_ONLY
2026-06-22 17:00:49 BTC-USD mark=64362.96939433 momentum=-0.024% signal=FLAT action=DRY_RUN_ONLY
2026-06-22 17:01:19 BTC-USD mark=64395.219253055 momentum=0.075% signal=FLAT action=DRY_RUN_ONLY
2026-06-22 17:01:49 BTC-USD mark=64412.83687373 momentum=0.084% signal=FLAT action=DRY_RUN_ONLY
2026-06-22 17:02:19 BTC-USD mark=64390.145855615 momentum=0.087% signal=FLAT action=DRY_RUN_ONLY
2026-06-22 17:02:50 BTC-USD mark=64388.51899172 momentum=0.075% signal=FLAT action=DRY_RUN_ONLY
2026-06-22 17:03:20 BTC-USD mark=64389.026521645 momentum=0.050% signal=FLAT action=DRY_RUN_ONLY
2026-06-22 17:03:50 BTC-USD mark=64362.932719625 momentum=0.014% signal=FLAT action=DRY_RUN_ONLY
2026-06-22 17:04:20 BTC-USD mark=64356.90081699 momentum=0.004% signal=FLAT action=DRY_RUN_ONLY
2026-06-22 17:04:50 BTC-USD mark=64352.0625079 momentum=-0.003% signal=FLAT action=DRY_RUN_ONLY
2026-06-22 17:05:20 BTC-USD mark=64358.507328105 momentum=-0.010% signal=FLAT action=DRY_RUN_ONLY
2026-06-22 17:05:50 BTC-USD mark=64361.04954285 momentum=-0.012% signal=FLAT action=DRY_RUN_ONLY
2026-06-22 17:06:20 BTC-USD mark=64358.584970705 momentum=-0.020% signal=FLAT action=DRY_RUN_ONLY
2026-06-22 17:06:50 BTC-USD mark=64351.974911185 momentum=-0.020% signal=FLAT action=DRY_RUN_ONLY
2026-06-22 17:07:20 BTC-USD mark=64351.009831025 momentum=-0.006% signal=FLAT action=DRY_RUN_ONLY
2026-06-22 17:07:51 BTC-USD mark=64342.966048275 momentum=-0.012% signal=FLAT action=DRY_RUN_ONLY
2026-06-22 17:08:21 BTC-USD mark=64340.429796875 momentum=-0.022% signal=FLAT action=DRY_RUN_ONLY
2026-06-22 17:08:51 BTC-USD mark=64318.342624995 momentum=-0.073% signal=FLAT action=DRY_RUN_ONLY
2026-06-22 17:09:21 BTC-USD mark=64318.63408497 momentum=-0.072% signal=FLAT action=DRY_RUN_ONLY
2026-06-22 17:09:51 BTC-USD mark=64323.075 momentum=-0.077% signal=FLAT action=DRY_RUN_ONLY
2026-06-22 17:10:21 BTC-USD mark=64312.1930754 momentum=-0.079% signal=FLAT action=DRY_RUN_ONLY
2026-06-22 17:10:51 BTC-USD mark=64304.3364609 momentum=-0.141% signal=FLAT action=DRY_RUN_ONLY
2026-06-22 17:11:21 BTC-USD mark=64303.305542415 momentum=-0.170% signal=FLAT action=DRY_RUN_ONLY
2026-06-22 17:11:51 BTC-USD mark=64307.50586447 momentum=-0.128% signal=FLAT action=DRY_RUN_ONLY
2026-06-22 17:12:22 BTC-USD mark=64280.94332159 momentum=-0.167% signal=FLAT action=DRY_RUN_ONLY
2026-06-22 17:12:52 BTC-USD mark=64274.969584505 momentum=-0.177% signal=FLAT action=DRY_RUN_ONLY
2026-06-22 17:13:22 BTC-USD mark=64300.518889095 momentum=-0.097% signal=FLAT action=DRY_RUN_ONLY
2026-06-22 17:13:52 BTC-USD mark=64315.885855375 momentum=-0.064% signal=FLAT action=DRY_RUN_ONLY
2026-06-22 17:14:22 BTC-USD mark=64333.33831407 momentum=-0.029% signal=FLAT action=DRY_RUN_ONLY
2026-06-22 17:14:52 BTC-USD mark=64331.647458735 momentum=-0.042% signal=FLAT action=DRY_RUN_ONLY
2026-06-22 17:15:22 BTC-USD mark=64295.15193092 momentum=-0.102% signal=FLAT action=DRY_RUN_ONLY
2026-06-22 17:15:53 BTC-USD mark=64309.43307439 momentum=-0.076% signal=FLAT action=DRY_RUN_ONLY
2026-06-22 17:16:23 BTC-USD mark=64277.86713877 momentum=-0.115% signal=FLAT action=DRY_RUN_ONLY
2026-06-22 17:16:53 BTC-USD mark=64263.366286175 momentum=-0.136% signal=FLAT action=DRY_RUN_ONLY
2026-06-22 17:17:23 BTC-USD mark=64269.398031485 momentum=-0.114% signal=FLAT action=DRY_RUN_ONLY
2026-06-22 17:17:53 BTC-USD mark=64304.00983035 momentum=-0.057% signal=FLAT action=DRY_RUN_ONLY
2026-06-22 17:18:23 BTC-USD mark=64305.864107415 momentum=-0.019% signal=FLAT action=DRY_RUN_ONLY
2026-06-22 17:18:53 BTC-USD mark=64281.69416095 momentum=-0.057% signal=FLAT action=DRY_RUN_ONLY
2026-06-22 17:19:23 BTC-USD mark=64288.505608355 momentum=-0.054% signal=FLAT action=DRY_RUN_ONLY
2026-06-22 17:19:54 BTC-USD mark=64276.069798755 momentum=-0.056% signal=FLAT action=DRY_RUN_ONLY
2026-06-22 17:20:24 BTC-USD mark=64281.574104685 momentum=-0.035% signal=FLAT action=DRY_RUN_ONLY
2026-06-22 17:20:54 BTC-USD mark=64278.219155565 momentum=-0.039% signal=FLAT action=DRY_RUN_ONLY
2026-06-22 17:21:24 BTC-USD mark=64271.388209655 momentum=-0.056% signal=FLAT action=DRY_RUN_ONLY
2026-06-22 17:21:54 BTC-USD mark=64247.291401315 momentum=-0.052% signal=FLAT action=DRY_RUN_ONLY
2026-06-22 17:22:24 BTC-USD mark=64244.11764049 momentum=-0.048% signal=FLAT action=DRY_RUN_ONLY
2026-06-22 17:22:54 BTC-USD mark=64233.410823265 momentum=-0.104% signal=FLAT action=DRY_RUN_ONLY
2026-06-22 17:23:25 BTC-USD mark=64212.121911455 momentum=-0.161% signal=FLAT action=DRY_RUN_ONLY
2026-06-22 17:23:55 BTC-USD mark=64183.672326655 momentum=-0.233% signal=FLAT action=DRY_RUN_ONLY
2026-06-22 17:24:25 BTC-USD mark=64190.51760652 momentum=-0.219% signal=FLAT action=DRY_RUN_ONLY
2026-06-22 17:24:55 BTC-USD mark=64195.07793198 momentum=-0.156% signal=FLAT action=DRY_RUN_ONLY
2026-06-22 17:25:25 BTC-USD mark=64198.356386575 momentum=-0.173% signal=FLAT action=DRY_RUN_ONLY
2026-06-22 17:25:55 BTC-USD mark=64195.63357395 momentum=-0.128% signal=FLAT action=DRY_RUN_ONLY
2026-06-22 17:26:26 BTC-USD mark=64200.607225985 momentum=-0.098% signal=FLAT action=DRY_RUN_ONLY
2026-06-22 17:26:56 BTC-USD mark=64228.89386635 momentum=-0.063% signal=FLAT action=DRY_RUN_ONLY
2026-06-22 17:27:26 BTC-USD mark=64236.840824035 momentum=-0.104% signal=FLAT action=DRY_RUN_ONLY
2026-06-22 17:27:56 BTC-USD mark=64231.65336942 momentum=-0.115% signal=FLAT action=DRY_RUN_ONLY
2026-06-22 17:28:26 BTC-USD mark=64223.521421635 momentum=-0.090% signal=FLAT action=DRY_RUN_ONLY
2026-06-22 17:28:56 BTC-USD mark=64221.80356573 momentum=-0.104% signal=FLAT action=DRY_RUN_ONLY
2026-06-22 17:29:26 BTC-USD mark=64225.337502645 momentum=-0.079% signal=FLAT action=DRY_RUN_ONLY
2026-06-22 17:29:56 BTC-USD mark=64224.249071415 momentum=-0.089% signal=FLAT action=DRY_RUN_ONLY
2026-06-22 17:30:27 BTC-USD mark=64209.21992895 momentum=-0.107% signal=FLAT action=DRY_RUN_ONLY
2026-06-22 17:30:57 BTC-USD mark=64204.60243565 momentum=-0.104% signal=FLAT action=DRY_RUN_ONLY
2026-06-22 17:31:27 BTC-USD mark=64216.333125885 momentum=-0.048% signal=FLAT action=DRY_RUN_ONLY
2026-06-22 17:31:57 BTC-USD mark=64207.912009315 momentum=-0.056% signal=FLAT action=DRY_RUN_ONLY
2026-06-22 17:32:27 BTC-USD mark=64213.236367945 momentum=-0.031% signal=FLAT action=DRY_RUN_ONLY
2026-06-22 17:32:57 BTC-USD mark=64208.832425545 momentum=-0.005% signal=FLAT action=DRY_RUN_ONLY
2026-06-22 17:33:27 BTC-USD mark=64217.149254995 momentum=0.052% signal=FLAT action=DRY_RUN_ONLY
2026-06-22 17:33:58 BTC-USD mark=64226.25105172 momentum=0.056% signal=FLAT action=DRY_RUN_ONLY
2026-06-22 17:34:28 BTC-USD mark=64230.256652185 momentum=0.055% signal=FLAT action=DRY_RUN_ONLY
2026-06-22 17:34:58 BTC-USD mark=64230.902356045 momentum=0.051% signal=FLAT action=DRY_RUN_ONLY
2026-06-22 17:35:28 BTC-USD mark=64231.41417964 momentum=0.056% signal=FLAT action=DRY_RUN_ONLY
2026-06-22 17:35:58 BTC-USD mark=64224.564920645 momentum=0.037% signal=FLAT action=DRY_RUN_ONLY
2026-06-22 17:36:28 BTC-USD mark=64229.48259233 momentum=0.001% signal=FLAT action=DRY_RUN_ONLY
2026-06-22 17:36:58 BTC-USD mark=64226.00136106 momentum=-0.017% signal=FLAT action=DRY_RUN_ONLY
2026-06-22 17:37:28 BTC-USD mark=64243.67844434 momentum=0.019% signal=FLAT action=DRY_RUN_ONLY
2026-06-22 17:37:59 BTC-USD mark=64237.1467819 momentum=0.021% signal=FLAT action=DRY_RUN_ONLY
2026-06-22 17:38:29 BTC-USD mark=64183.275021 momentum=-0.060% signal=FLAT action=DRY_RUN_ONLY
2026-06-22 17:38:59 BTC-USD mark=64126.92086169 momentum=-0.153% signal=FLAT action=DRY_RUN_ONLY
2026-06-22 17:39:29 BTC-USD mark=64079.60640703 momentum=-0.225% signal=FLAT action=DRY_RUN_ONLY
2026-06-22 17:39:59 BTC-USD mark=64121.583090165 momentum=-0.136% signal=FLAT action=DRY_RUN_ONLY
2026-06-22 17:40:30 BTC-USD mark=64151.948812045 momentum=-0.082% signal=FLAT action=DRY_RUN_ONLY
2026-06-22 17:41:00 BTC-USD mark=64148.5294985 momentum=-0.106% signal=FLAT action=DRY_RUN_ONLY
2026-06-22 17:41:30 BTC-USD mark=64146.020128585 momentum=-0.096% signal=FLAT action=DRY_RUN_ONLY
2026-06-22 17:42:00 BTC-USD mark=64133.4127248 momentum=-0.124% signal=FLAT action=DRY_RUN_ONLY
2026-06-22 17:42:30 BTC-USD mark=64152.381852835 momentum=-0.088% signal=FLAT action=DRY_RUN_ONLY
2026-06-22 17:43:00 BTC-USD mark=64113.9987621 momentum=-0.161% signal=FLAT action=DRY_RUN_ONLY
2026-06-22 17:43:30 BTC-USD mark=64109.39958025 momentum=-0.182% signal=FLAT action=DRY_RUN_ONLY
2026-06-22 17:44:00 BTC-USD mark=64121.29227155 momentum=-0.170% signal=FLAT action=DRY_RUN_ONLY
2026-06-22 17:44:30 BTC-USD mark=64107.1746513 momentum=-0.193% signal=FLAT action=DRY_RUN_ONLY
2026-06-22 17:45:00 BTC-USD mark=64096.30816035 momentum=-0.210% signal=FLAT action=DRY_RUN_ONLY
2026-06-22 17:45:30 BTC-USD mark=64118.52320872 momentum=-0.165% signal=FLAT action=DRY_RUN_ONLY
2026-06-22 17:46:00 BTC-USD mark=64142.34769843 momentum=-0.136% signal=FLAT action=DRY_RUN_ONLY
2026-06-22 17:46:30 BTC-USD mark=64156.33640877 momentum=-0.108% signal=FLAT action=DRY_RUN_ONLY
2026-06-22 17:47:00 BTC-USD mark=64172.43744212 momentum=-0.111% signal=FLAT action=DRY_RUN_ONLY
2026-06-22 17:47:31 BTC-USD mark=64159.80520935 momentum=-0.120% signal=FLAT action=DRY_RUN_ONLY
2026-06-22 17:48:01 BTC-USD mark=64179.28926166 momentum=-0.006% signal=FLAT action=DRY_RUN_ONLY
2026-06-22 17:48:31 BTC-USD mark=64171.17186625 momentum=0.069% signal=FLAT action=DRY_RUN_ONLY
2026-06-22 17:49:01 BTC-USD mark=64157.26590605 momentum=0.121% signal=FLAT action=DRY_RUN_ONLY
2026-06-22 17:49:31 BTC-USD mark=64161.808861485 momentum=0.063% signal=FLAT action=DRY_RUN_ONLY
2026-06-22 17:50:01 BTC-USD mark=64175.08905885 momentum=0.036% signal=FLAT action=DRY_RUN_ONLY
2026-06-22 17:50:31 BTC-USD mark=64183.226871 momentum=0.054% signal=FLAT action=DRY_RUN_ONLY
2026-06-22 17:51:01 BTC-USD mark=64182.0190621 momentum=0.056% signal=FLAT action=DRY_RUN_ONLY
2026-06-22 17:51:31 BTC-USD mark=64172.0143004 momentum=0.060% signal=FLAT action=DRY_RUN_ONLY
2026-06-22 17:52:01 BTC-USD mark=64174.2374726 momentum=0.034% signal=FLAT action=DRY_RUN_ONLY
2026-06-22 17:52:31 BTC-USD mark=64151.4436611 momentum=0.058% signal=FLAT action=DRY_RUN_ONLY
2026-06-22 17:53:01 BTC-USD mark=64166.696547755 momentum=0.089% signal=FLAT action=DRY_RUN_ONLY
2026-06-22 17:53:31 BTC-USD mark=64165.861184125 momentum=0.070% signal=FLAT action=DRY_RUN_ONLY
2026-06-22 17:54:01 BTC-USD mark=64164.4353123 momentum=0.089% signal=FLAT action=DRY_RUN_ONLY
2026-06-22 17:54:31 BTC-USD mark=64161.14522007 momentum=0.101% signal=FLAT action=DRY_RUN_ONLY
2026-06-22 17:55:01 BTC-USD mark=64176.196385265 momentum=0.090% signal=FLAT action=DRY_RUN_ONLY
2026-06-22 17:55:31 BTC-USD mark=64188.72395605 momentum=0.072% signal=FLAT action=DRY_RUN_ONLY
2026-06-22 17:56:01 BTC-USD mark=64195.85422483 momentum=0.062% signal=FLAT action=DRY_RUN_ONLY
2026-06-22 17:56:31 BTC-USD mark=64200.97408245 momentum=0.044% signal=FLAT action=DRY_RUN_ONLY
2026-06-22 17:57:01 BTC-USD mark=64199.28726255 momentum=0.062% signal=FLAT action=DRY_RUN_ONLY
2026-06-22 17:57:32 BTC-USD mark=64209.747728745 momentum=0.047% signal=FLAT action=DRY_RUN_ONLY
2026-06-22 17:58:02 BTC-USD mark=64219.971934965 momentum=0.076% signal=FLAT action=DRY_RUN_ONLY
2026-06-22 17:58:32 BTC-USD mark=64221.96293131 momentum=0.101% signal=FLAT action=DRY_RUN_ONLY
2026-06-22 17:59:02 BTC-USD mark=64219.173429895 momentum=0.089% signal=FLAT action=DRY_RUN_ONLY
2026-06-22 17:59:32 BTC-USD mark=64239.81145353 momentum=0.101% signal=FLAT action=DRY_RUN_ONLY
2026-06-22 18:00:02 BTC-USD mark=64249.00047357 momentum=0.102% signal=FLAT action=DRY_RUN_ONLY
2026-06-22 18:00:32 BTC-USD mark=64247.49022038 momentum=0.102% signal=FLAT action=DRY_RUN_ONLY
2026-06-22 18:01:02 BTC-USD mark=64239.7837683 momentum=0.106% signal=FLAT action=DRY_RUN_ONLY
2026-06-22 18:01:32 BTC-USD mark=64270.63170809 momentum=0.150% signal=FLAT action=DRY_RUN_ONLY
2026-06-22 18:02:02 BTC-USD mark=64280.617120455 momentum=0.201% signal=FLAT action=DRY_RUN_ONLY
2026-06-22 18:02:32 BTC-USD mark=64293.28607314 momentum=0.197% signal=FLAT action=DRY_RUN_ONLY
2026-06-22 18:03:02 BTC-USD mark=64311.33851845 momentum=0.227% signal=FLAT action=DRY_RUN_ONLY
2026-06-22 18:03:32 BTC-USD mark=64275.34908955 momentum=0.173% signal=FLAT action=DRY_RUN_ONLY
2026-06-22 18:04:02 BTC-USD mark=64294.57042251 momentum=0.208% signal=FLAT action=DRY_RUN_ONLY
2026-06-22 18:04:32 BTC-USD mark=64309.19217554 momentum=0.207% signal=FLAT action=DRY_RUN_ONLY
2026-06-22 18:05:03 BTC-USD mark=64289.610117495 momentum=0.157% signal=FLAT action=DRY_RUN_ONLY
2026-06-22 18:05:33 BTC-USD mark=64292.080459155 momentum=0.150% signal=FLAT action=DRY_RUN_ONLY
2026-06-22 18:06:03 BTC-USD mark=64292.74960429 momentum=0.143% signal=FLAT action=DRY_RUN_ONLY
2026-06-22 18:06:33 BTC-USD mark=64252.24025678 momentum=0.082% signal=FLAT action=DRY_RUN_ONLY
2026-06-22 18:07:03 BTC-USD mark=64252.32169429 momentum=0.066% signal=FLAT action=DRY_RUN_ONLY
2026-06-22 18:07:33 BTC-USD mark=64238.6716055 momentum=0.029% signal=FLAT action=DRY_RUN_ONLY
2026-06-22 18:08:03 BTC-USD mark=64206.418579525 momentum=-0.024% signal=FLAT action=DRY_RUN_ONLY
2026-06-22 18:08:33 BTC-USD mark=64204.76470404 momentum=-0.022% signal=FLAT action=DRY_RUN_ONLY
2026-06-22 18:09:03 BTC-USD mark=64221.40944824 momentum=-0.029% signal=FLAT action=DRY_RUN_ONLY
2026-06-22 18:09:33 BTC-USD mark=64261.336391845 momentum=0.019% signal=FLAT action=DRY_RUN_ONLY
2026-06-22 18:10:03 BTC-USD mark=64250.1702204 momentum=0.004% signal=FLAT action=DRY_RUN_ONLY
2026-06-22 18:10:33 BTC-USD mark=64267.470239235 momentum=0.043% signal=FLAT action=DRY_RUN_ONLY
2026-06-22 18:11:03 BTC-USD mark=64266.388843415 momentum=-0.007% signal=FLAT action=DRY_RUN_ONLY
2026-06-22 18:11:33 BTC-USD mark=64272.824471065 momentum=-0.012% signal=FLAT action=DRY_RUN_ONLY
2026-06-22 18:12:03 BTC-USD mark=64272.266084625 momentum=-0.033% signal=FLAT action=DRY_RUN_ONLY
2026-06-22 18:12:33 BTC-USD mark=64273.268159565 momentum=-0.059% signal=FLAT action=DRY_RUN_ONLY
